[     630ms] [INFO] %cDownload the React DevTools for a better development experience: https://react.dev/link/react-devtools font-weight:bold @ webpack-internal:///(app-pages-browser)/./node_modules/next/dist/compiled/react-dom/cjs/react-dom-client.development.js:25630
[     883ms] [WARNING] The width(-1) and height(-1) of chart should be greater than 0,
       please check the style of container, or the props width(100%) and height(100%),
       or add a minWidth(0) or minHeight(undefined) or use aspect(undefined) to control the
       height and width. @ webpack-internal:///(app-pages-browser)/./node_modules/recharts/es6/util/LogUtils.js:18
[     883ms] [WARNING] The width(-1) and height(-1) of chart should be greater than 0,
       please check the style of container, or the props width(100%) and height(100%),
       or add a minWidth(0) or minHeight(undefined) or use aspect(undefined) to control the
       height and width. @ webpack-internal:///(app-pages-browser)/./node_modules/recharts/es6/util/LogUtils.js:18
[     892ms] Error: Hydration failed because the server rendered HTML didn't match the client. As a result this tree will be regenerated on the client. This can happen if a SSR-ed Client Component used:

- A server/client branch `if (typeof window !== 'undefined')`.
- Variable input such as `Date.now()` or `Math.random()` which changes each time it's called.
- Date formatting in a user's locale which doesn't match the server.
- External changing data without sending a snapshot of it along with the HTML.
- Invalid HTML tag nesting.

It can also happen if the client has a browser extension installed which messes with the HTML before React loaded.

https://react.dev/link/hydration-mismatch

  ...
    <LoadingBoundary loading={null}>
      <HTTPAccessFallbackBoundary notFound={undefined} forbidden={undefined} unauthorized={undefined}>
        <RedirectBoundary>
          <RedirectErrorBoundary router={{...}}>
            <InnerLayoutRouter url="/dashboard" tree={[...]} cacheNode={{lazyData:null, ...}} segmentPath={[...]}>
              <SegmentViewNode type="page" pagePath="dashboard/...">
                <SegmentTrieNode>
                <DashboardPage>
                  <div className="flex min-h..." style={{...}}>
                    <Sidebar profiles={[...]} activeProfile={{id:"demo001", ...}}>
                      <motion.aside className="hidden md:..." animate={{width:52}} transition={{duration:0.2, ...}} ...>
                        <aside className="hidden md:..." style={{...}} ref={function useMotionRef.useCallback}>
                          <SidebarInner profiles={[...]} activeProfile={{id:"demo001", ...}} collapsed={true} ...>
                            <div className="flex flex-...">
                              <div
                                style={{
+                                 display: "flex"
-                                 display: "flex"
+                                 alignItems: "center"
+                                 gap: 10
+                                 padding: "14px 10px"
+                                 borderBottom: "1px solid var(--border)"
+                                 justifyContent: "center"
-                                 align-items: "center"
-                                 row-gap: "10px"
-                                 column-gap: "10px"
-                                 padding-top: "14px"
-                                 padding-right: "14px"
-                                 padding-bottom: "12px"
-                                 padding-left: "14px"
-                                 border-bottom-width: ""
-                                 border-bottom-style: ""
-                                 border-bottom-color: ""
                                }}
                              >
                                <LogoMark>
+                               <button
+                                 type="button"
+                                 onClick={function toggleCollapse}
+                                 style={{position:"absolute",right:-10,top:20,width:20,height:20,background:"var(--surf...",border:"1px solid ...", ...}}
+                                 title="Sidebar ausklappen"
+                               >
-                               <div style={{flex-grow:"1",flex-shrink:"1",flex-basis:"0%",min-width:"0px"}}>
                              ...
                      ...
                    ...
              ...
            ...

    at throwOnHydrationMismatch (webpack-internal:///(app-pages-browser)/./node_modules/next/dist/compiled/react-dom/cjs/react-dom-client.development.js:4506:11)
    at beginWork (webpack-internal:///(app-pages-browser)/./node_modules/next/dist/compiled/react-dom/cjs/react-dom-client.development.js:11107:17)
    at runWithFiberInDEV (webpack-internal:///(app-pages-browser)/./node_modules/next/dist/compiled/react-dom/cjs/react-dom-client.development.js:872:30)
    at performUnitOfWork (webpack-internal:///(app-pages-browser)/./node_modules/next/dist/compiled/react-dom/cjs/react-dom-client.development.js:15727:22)
    at workLoopConcurrentByScheduler (webpack-internal:///(app-pages-browser)/./node_modules/next/dist/compiled/react-dom/cjs/react-dom-client.development.js:15721:9)
    at renderRootConcurrent (webpack-internal:///(app-pages-browser)/./node_modules/next/dist/compiled/react-dom/cjs/react-dom-client.development.js:15696:15)
    at performWorkOnRoot (webpack-internal:///(app-pages-browser)/./node_modules/next/dist/compiled/react-dom/cjs/react-dom-client.development.js:14990:13)
    at performWorkOnRootViaSchedulerTask (webpack-internal:///(app-pages-browser)/./node_modules/next/dist/compiled/react-dom/cjs/react-dom-client.development.js:16816:7)
    at MessagePort.performWorkUntilDeadline (webpack-internal:///(app-pages-browser)/./node_modules/next/dist/compiled/scheduler/cjs/scheduler.development.js:45:48)
[     938ms] [WARNING] The width(-1) and height(-1) of chart should be greater than 0,
       please check the style of container, or the props width(100%) and height(100%),
       or add a minWidth(0) or minHeight(undefined) or use aspect(undefined) to control the
       height and width. @ webpack-internal:///(app-pages-browser)/./node_modules/recharts/es6/util/LogUtils.js:18
[     938ms] [WARNING] The width(-1) and height(-1) of chart should be greater than 0,
       please check the style of container, or the props width(100%) and height(100%),
       or add a minWidth(0) or minHeight(undefined) or use aspect(undefined) to control the
       height and width. @ webpack-internal:///(app-pages-browser)/./node_modules/recharts/es6/util/LogUtils.js:18
[     947ms] [WARNING] The width(-1) and height(-1) of chart should be greater than 0,
       please check the style of container, or the props width(100%) and height(100%),
       or add a minWidth(0) or minHeight(undefined) or use aspect(undefined) to control the
       height and width. @ webpack-internal:///(app-pages-browser)/./node_modules/recharts/es6/util/LogUtils.js:18
[     947ms] [WARNING] The width(-1) and height(-1) of chart should be greater than 0,
       please check the style of container, or the props width(100%) and height(100%),
       or add a minWidth(0) or minHeight(undefined) or use aspect(undefined) to control the
       height and width. @ webpack-internal:///(app-pages-browser)/./node_modules/recharts/es6/util/LogUtils.js:18
[    3684ms] [LOG] [Fast Refresh] rebuilding @ webpack-internal:///(app-pages-browser)/./node_modules/next/dist/client/dev/hot-reloader/app/hot-reloader-app.js:183
[    3804ms] [LOG] [Fast Refresh] done in 121ms @ webpack-internal:///(app-pages-browser)/./node_modules/next/dist/client/dev/report-hmr-latency.js:13
[ 1043470ms] [LOG] [Fast Refresh] rebuilding @ webpack-internal:///(app-pages-browser)/./node_modules/next/dist/client/dev/hot-reloader/app/hot-reloader-app.js:183
[ 1043722ms] [LOG] [Fast Refresh] done in 251ms @ webpack-internal:///(app-pages-browser)/./node_modules/next/dist/client/dev/report-hmr-latency.js:13
[ 1043831ms] [WARNING] The width(-1) and height(-1) of chart should be greater than 0,
       please check the style of container, or the props width(100%) and height(100%),
       or add a minWidth(0) or minHeight(undefined) or use aspect(undefined) to control the
       height and width. @ webpack-internal:///(app-pages-browser)/./node_modules/recharts/es6/util/LogUtils.js:18
[ 1043831ms] [WARNING] The width(-1) and height(-1) of chart should be greater than 0,
       please check the style of container, or the props width(100%) and height(100%),
       or add a minWidth(0) or minHeight(undefined) or use aspect(undefined) to control the
       height and width. @ webpack-internal:///(app-pages-browser)/./node_modules/recharts/es6/util/LogUtils.js:18
[ 1064278ms] [LOG] [Fast Refresh] rebuilding @ webpack-internal:///(app-pages-browser)/./node_modules/next/dist/client/dev/hot-reloader/app/hot-reloader-app.js:183
[ 1064442ms] [LOG] [Fast Refresh] done in 164ms @ webpack-internal:///(app-pages-browser)/./node_modules/next/dist/client/dev/report-hmr-latency.js:13
[ 1064499ms] [WARNING] The width(-1) and height(-1) of chart should be greater than 0,
       please check the style of container, or the props width(100%) and height(100%),
       or add a minWidth(0) or minHeight(undefined) or use aspect(undefined) to control the
       height and width. @ webpack-internal:///(app-pages-browser)/./node_modules/recharts/es6/util/LogUtils.js:18
[ 1064500ms] [WARNING] The width(-1) and height(-1) of chart should be greater than 0,
       please check the style of container, or the props width(100%) and height(100%),
       or add a minWidth(0) or minHeight(undefined) or use aspect(undefined) to control the
       height and width. @ webpack-internal:///(app-pages-browser)/./node_modules/recharts/es6/util/LogUtils.js:18
[ 1459567ms] [LOG] [Fast Refresh] rebuilding @ webpack-internal:///(app-pages-browser)/./node_modules/next/dist/client/dev/hot-reloader/app/hot-reloader-app.js:183
[ 1459799ms] [LOG] [Fast Refresh] done in 232ms @ webpack-internal:///(app-pages-browser)/./node_modules/next/dist/client/dev/report-hmr-latency.js:13
[ 1459877ms] [WARNING] The width(-1) and height(-1) of chart should be greater than 0,
       please check the style of container, or the props width(100%) and height(100%),
       or add a minWidth(0) or minHeight(undefined) or use aspect(undefined) to control the
       height and width. @ webpack-internal:///(app-pages-browser)/./node_modules/recharts/es6/util/LogUtils.js:18
[ 1459878ms] [WARNING] The width(-1) and height(-1) of chart should be greater than 0,
       please check the style of container, or the props width(100%) and height(100%),
       or add a minWidth(0) or minHeight(undefined) or use aspect(undefined) to control the
       height and width. @ webpack-internal:///(app-pages-browser)/./node_modules/recharts/es6/util/LogUtils.js:18
[ 2482234ms] [LOG] [Fast Refresh] rebuilding @ webpack-internal:///(app-pages-browser)/./node_modules/next/dist/client/dev/hot-reloader/app/hot-reloader-app.js:183
[ 2482448ms] [LOG] [Fast Refresh] rebuilding @ webpack-internal:///(app-pages-browser)/./node_modules/next/dist/client/dev/hot-reloader/app/hot-reloader-app.js:183
[ 2482471ms] [LOG] [Fast Refresh] done in 22ms @ webpack-internal:///(app-pages-browser)/./node_modules/next/dist/client/dev/report-hmr-latency.js:13
[ 2482764ms] [LOG] [Fast Refresh] rebuilding @ webpack-internal:///(app-pages-browser)/./node_modules/next/dist/client/dev/hot-reloader/app/hot-reloader-app.js:183
[ 2482777ms] [LOG] [Fast Refresh] done in 13ms @ webpack-internal:///(app-pages-browser)/./node_modules/next/dist/client/dev/report-hmr-latency.js:13
[ 2482946ms] [LOG] [Fast Refresh] done in 181ms @ webpack-internal:///(app-pages-browser)/./node_modules/next/dist/client/dev/report-hmr-latency.js:13
[ 2483015ms] [WARNING] The width(-1) and height(-1) of chart should be greater than 0,
       please check the style of container, or the props width(100%) and height(100%),
       or add a minWidth(0) or minHeight(undefined) or use aspect(undefined) to control the
       height and width. @ webpack-internal:///(app-pages-browser)/./node_modules/recharts/es6/util/LogUtils.js:18
[ 2483015ms] [WARNING] The width(-1) and height(-1) of chart should be greater than 0,
       please check the style of container, or the props width(100%) and height(100%),
       or add a minWidth(0) or minHeight(undefined) or use aspect(undefined) to control the
       height and width. @ webpack-internal:///(app-pages-browser)/./node_modules/recharts/es6/util/LogUtils.js:18
[ 2488903ms] [LOG] [Fast Refresh] rebuilding @ webpack-internal:///(app-pages-browser)/./node_modules/next/dist/client/dev/hot-reloader/app/hot-reloader-app.js:183
[ 2488947ms] [WARNING] The resource http://localhost:3000/_next/static/css/app/layout.css?v=1782855193439 was preloaded using link preload but not used within a few seconds from the window's load event. Please make sure it has an appropriate `as` value and it is preloaded intentionally. @ http://localhost:3000/dashboard:0
[ 2488947ms] [WARNING] The resource http://localhost:3000/_next/static/css/app/layout.css?v=1782855193150 was preloaded using link preload but not used within a few seconds from the window's load event. Please make sure it has an appropriate `as` value and it is preloaded intentionally. @ http://localhost:3000/dashboard:0
[ 2489044ms] [LOG] [Fast Refresh] done in 142ms @ webpack-internal:///(app-pages-browser)/./node_modules/next/dist/client/dev/report-hmr-latency.js:13
[ 2489103ms] [WARNING] The width(-1) and height(-1) of chart should be greater than 0,
       please check the style of container, or the props width(100%) and height(100%),
       or add a minWidth(0) or minHeight(undefined) or use aspect(undefined) to control the
       height and width. @ webpack-internal:///(app-pages-browser)/./node_modules/recharts/es6/util/LogUtils.js:18
[ 2489103ms] [WARNING] The width(-1) and height(-1) of chart should be greater than 0,
       please check the style of container, or the props width(100%) and height(100%),
       or add a minWidth(0) or minHeight(undefined) or use aspect(undefined) to control the
       height and width. @ webpack-internal:///(app-pages-browser)/./node_modules/recharts/es6/util/LogUtils.js:18
[ 2493952ms] [WARNING] The resource http://localhost:3000/_next/static/css/app/layout.css?v=1782855193439 was preloaded using link preload but not used within a few seconds from the window's load event. Please make sure it has an appropriate `as` value and it is preloaded intentionally. @ http://localhost:3000/dashboard:0
[ 2493952ms] [WARNING] The resource http://localhost:3000/_next/static/css/app/layout.css?v=1782855193150 was preloaded using link preload but not used within a few seconds from the window's load event. Please make sure it has an appropriate `as` value and it is preloaded intentionally. @ http://localhost:3000/dashboard:0
[ 2498938ms] [WARNING] The resource http://localhost:3000/_next/static/css/app/layout.css?v=1782855193439 was preloaded using link preload but not used within a few seconds from the window's load event. Please make sure it has an appropriate `as` value and it is preloaded intentionally. @ http://localhost:3000/dashboard:0
[ 2498938ms] [WARNING] The resource http://localhost:3000/_next/static/css/app/layout.css?v=1782855193150 was preloaded using link preload but not used within a few seconds from the window's load event. Please make sure it has an appropriate `as` value and it is preloaded intentionally. @ http://localhost:3000/dashboard:0
[ 2503938ms] [WARNING] The resource http://localhost:3000/_next/static/css/app/layout.css?v=1782855193439 was preloaded using link preload but not used within a few seconds from the window's load event. Please make sure it has an appropriate `as` value and it is preloaded intentionally. @ http://localhost:3000/dashboard:0
[ 2503938ms] [WARNING] The resource http://localhost:3000/_next/static/css/app/layout.css?v=1782855193150 was preloaded using link preload but not used within a few seconds from the window's load event. Please make sure it has an appropriate `as` value and it is preloaded intentionally. @ http://localhost:3000/dashboard:0
[ 2508944ms] [WARNING] The resource http://localhost:3000/_next/static/css/app/layout.css?v=1782855193439 was preloaded using link preload but not used within a few seconds from the window's load event. Please make sure it has an appropriate `as` value and it is preloaded intentionally. @ http://localhost:3000/dashboard:0
[ 2508944ms] [WARNING] The resource http://localhost:3000/_next/static/css/app/layout.css?v=1782855193150 was preloaded using link preload but not used within a few seconds from the window's load event. Please make sure it has an appropriate `as` value and it is preloaded intentionally. @ http://localhost:3000/dashboard:0
[ 2513949ms] [WARNING] The resource http://localhost:3000/_next/static/css/app/layout.css?v=1782855193439 was preloaded using link preload but not used within a few seconds from the window's load event. Please make sure it has an appropriate `as` value and it is preloaded intentionally. @ http://localhost:3000/dashboard:0
[ 2513949ms] [WARNING] The resource http://localhost:3000/_next/static/css/app/layout.css?v=1782855193150 was preloaded using link preload but not used within a few seconds from the window's load event. Please make sure it has an appropriate `as` value and it is preloaded intentionally. @ http://localhost:3000/dashboard:0
[ 2518940ms] [WARNING] The resource http://localhost:3000/_next/static/css/app/layout.css?v=1782855193439 was preloaded using link preload but not used within a few seconds from the window's load event. Please make sure it has an appropriate `as` value and it is preloaded intentionally. @ http://localhost:3000/dashboard:0
[ 2518940ms] [WARNING] The resource http://localhost:3000/_next/static/css/app/layout.css?v=1782855193150 was preloaded using link preload but not used within a few seconds from the window's load event. Please make sure it has an appropriate `as` value and it is preloaded intentionally. @ http://localhost:3000/dashboard:0
[ 2523951ms] [WARNING] The resource http://localhost:3000/_next/static/css/app/layout.css?v=1782855193439 was preloaded using link preload but not used within a few seconds from the window's load event. Please make sure it has an appropriate `as` value and it is preloaded intentionally. @ http://localhost:3000/dashboard:0
[ 2523951ms] [WARNING] The resource http://localhost:3000/_next/static/css/app/layout.css?v=1782855193150 was preloaded using link preload but not used within a few seconds from the window's load event. Please make sure it has an appropriate `as` value and it is preloaded intentionally. @ http://localhost:3000/dashboard:0
[ 2528946ms] [WARNING] The resource http://localhost:3000/_next/static/css/app/layout.css?v=1782855193439 was preloaded using link preload but not used within a few seconds from the window's load event. Please make sure it has an appropriate `as` value and it is preloaded intentionally. @ http://localhost:3000/dashboard:0
[ 2528946ms] [WARNING] The resource http://localhost:3000/_next/static/css/app/layout.css?v=1782855193150 was preloaded using link preload but not used within a few seconds from the window's load event. Please make sure it has an appropriate `as` value and it is preloaded intentionally. @ http://localhost:3000/dashboard:0
[ 2533941ms] [WARNING] The resource http://localhost:3000/_next/static/css/app/layout.css?v=1782855193439 was preloaded using link preload but not used within a few seconds from the window's load event. Please make sure it has an appropriate `as` value and it is preloaded intentionally. @ http://localhost:3000/dashboard:0
[ 2533941ms] [WARNING] The resource http://localhost:3000/_next/static/css/app/layout.css?v=1782855193150 was preloaded using link preload but not used within a few seconds from the window's load event. Please make sure it has an appropriate `as` value and it is preloaded intentionally. @ http://localhost:3000/dashboard:0
[ 2538939ms] [WARNING] The resource http://localhost:3000/_next/static/css/app/layout.css?v=1782855193439 was preloaded using link preload but not used within a few seconds from the window's load event. Please make sure it has an appropriate `as` value and it is preloaded intentionally. @ http://localhost:3000/dashboard:0
[ 2538939ms] [WARNING] The resource http://localhost:3000/_next/static/css/app/layout.css?v=1782855193150 was preloaded using link preload but not used within a few seconds from the window's load event. Please make sure it has an appropriate `as` value and it is preloaded intentionally. @ http://localhost:3000/dashboard:0
[ 2543943ms] [WARNING] The resource http://localhost:3000/_next/static/css/app/layout.css?v=1782855193439 was preloaded using link preload but not used within a few seconds from the window's load event. Please make sure it has an appropriate `as` value and it is preloaded intentionally. @ http://localhost:3000/dashboard:0
[ 2543943ms] [WARNING] The resource http://localhost:3000/_next/static/css/app/layout.css?v=1782855193150 was preloaded using link preload but not used within a few seconds from the window's load event. Please make sure it has an appropriate `as` value and it is preloaded intentionally. @ http://localhost:3000/dashboard:0
[ 2548943ms] [WARNING] The resource http://localhost:3000/_next/static/css/app/layout.css?v=1782855193439 was preloaded using link preload but not used within a few seconds from the window's load event. Please make sure it has an appropriate `as` value and it is preloaded intentionally. @ http://localhost:3000/dashboard:0
[ 2548943ms] [WARNING] The resource http://localhost:3000/_next/static/css/app/layout.css?v=1782855193150 was preloaded using link preload but not used within a few seconds from the window's load event. Please make sure it has an appropriate `as` value and it is preloaded intentionally. @ http://localhost:3000/dashboard:0
[ 2553937ms] [WARNING] The resource http://localhost:3000/_next/static/css/app/layout.css?v=1782855193439 was preloaded using link preload but not used within a few seconds from the window's load event. Please make sure it has an appropriate `as` value and it is preloaded intentionally. @ http://localhost:3000/dashboard:0
[ 2553937ms] [WARNING] The resource http://localhost:3000/_next/static/css/app/layout.css?v=1782855193150 was preloaded using link preload but not used within a few seconds from the window's load event. Please make sure it has an appropriate `as` value and it is preloaded intentionally. @ http://localhost:3000/dashboard:0
[ 2558941ms] [WARNING] The resource http://localhost:3000/_next/static/css/app/layout.css?v=1782855193439 was preloaded using link preload but not used within a few seconds from the window's load event. Please make sure it has an appropriate `as` value and it is preloaded intentionally. @ http://localhost:3000/dashboard:0
[ 2558941ms] [WARNING] The resource http://localhost:3000/_next/static/css/app/layout.css?v=1782855193150 was preloaded using link preload but not used within a few seconds from the window's load event. Please make sure it has an appropriate `as` value and it is preloaded intentionally. @ http://localhost:3000/dashboard:0
[ 2563947ms] [WARNING] The resource http://localhost:3000/_next/static/css/app/layout.css?v=1782855193439 was preloaded using link preload but not used within a few seconds from the window's load event. Please make sure it has an appropriate `as` value and it is preloaded intentionally. @ http://localhost:3000/dashboard:0
[ 2563947ms] [WARNING] The resource http://localhost:3000/_next/static/css/app/layout.css?v=1782855193150 was preloaded using link preload but not used within a few seconds from the window's load event. Please make sure it has an appropriate `as` value and it is preloaded intentionally. @ http://localhost:3000/dashboard:0
[ 2568957ms] [WARNING] The resource http://localhost:3000/_next/static/css/app/layout.css?v=1782855193439 was preloaded using link preload but not used within a few seconds from the window's load event. Please make sure it has an appropriate `as` value and it is preloaded intentionally. @ http://localhost:3000/dashboard:0
[ 2568957ms] [WARNING] The resource http://localhost:3000/_next/static/css/app/layout.css?v=1782855193150 was preloaded using link preload but not used within a few seconds from the window's load event. Please make sure it has an appropriate `as` value and it is preloaded intentionally. @ http://localhost:3000/dashboard:0
[ 2573936ms] [WARNING] The resource http://localhost:3000/_next/static/css/app/layout.css?v=1782855193439 was preloaded using link preload but not used within a few seconds from the window's load event. Please make sure it has an appropriate `as` value and it is preloaded intentionally. @ http://localhost:3000/dashboard:0
[ 2573936ms] [WARNING] The resource http://localhost:3000/_next/static/css/app/layout.css?v=1782855193150 was preloaded using link preload but not used within a few seconds from the window's load event. Please make sure it has an appropriate `as` value and it is preloaded intentionally. @ http://localhost:3000/dashboard:0
[ 2578949ms] [WARNING] The resource http://localhost:3000/_next/static/css/app/layout.css?v=1782855193439 was preloaded using link preload but not used within a few seconds from the window's load event. Please make sure it has an appropriate `as` value and it is preloaded intentionally. @ http://localhost:3000/dashboard:0
[ 2578949ms] [WARNING] The resource http://localhost:3000/_next/static/css/app/layout.css?v=1782855193150 was preloaded using link preload but not used within a few seconds from the window's load event. Please make sure it has an appropriate `as` value and it is preloaded intentionally. @ http://localhost:3000/dashboard:0
[ 2583952ms] [WARNING] The resource http://localhost:3000/_next/static/css/app/layout.css?v=1782855193439 was preloaded using link preload but not used within a few seconds from the window's load event. Please make sure it has an appropriate `as` value and it is preloaded intentionally. @ http://localhost:3000/dashboard:0
[ 2583952ms] [WARNING] The resource http://localhost:3000/_next/static/css/app/layout.css?v=1782855193150 was preloaded using link preload but not used within a few seconds from the window's load event. Please make sure it has an appropriate `as` value and it is preloaded intentionally. @ http://localhost:3000/dashboard:0
[ 2588938ms] [WARNING] The resource http://localhost:3000/_next/static/css/app/layout.css?v=1782855193439 was preloaded using link preload but not used within a few seconds from the window's load event. Please make sure it has an appropriate `as` value and it is preloaded intentionally. @ http://localhost:3000/dashboard:0
[ 2588938ms] [WARNING] The resource http://localhost:3000/_next/static/css/app/layout.css?v=1782855193150 was preloaded using link preload but not used within a few seconds from the window's load event. Please make sure it has an appropriate `as` value and it is preloaded intentionally. @ http://localhost:3000/dashboard:0
[ 2593933ms] [WARNING] The resource http://localhost:3000/_next/static/css/app/layout.css?v=1782855193439 was preloaded using link preload but not used within a few seconds from the window's load event. Please make sure it has an appropriate `as` value and it is preloaded intentionally. @ http://localhost:3000/dashboard:0
[ 2593933ms] [WARNING] The resource http://localhost:3000/_next/static/css/app/layout.css?v=1782855193150 was preloaded using link preload but not used within a few seconds from the window's load event. Please make sure it has an appropriate `as` value and it is preloaded intentionally. @ http://localhost:3000/dashboard:0
[ 2598944ms] [WARNING] The resource http://localhost:3000/_next/static/css/app/layout.css?v=1782855193439 was preloaded using link preload but not used within a few seconds from the window's load event. Please make sure it has an appropriate `as` value and it is preloaded intentionally. @ http://localhost:3000/dashboard:0
[ 2598944ms] [WARNING] The resource http://localhost:3000/_next/static/css/app/layout.css?v=1782855193150 was preloaded using link preload but not used within a few seconds from the window's load event. Please make sure it has an appropriate `as` value and it is preloaded intentionally. @ http://localhost:3000/dashboard:0
[ 2603941ms] [WARNING] The resource http://localhost:3000/_next/static/css/app/layout.css?v=1782855193439 was preloaded using link preload but not used within a few seconds from the window's load event. Please make sure it has an appropriate `as` value and it is preloaded intentionally. @ http://localhost:3000/dashboard:0
[ 2603941ms] [WARNING] The resource http://localhost:3000/_next/static/css/app/layout.css?v=1782855193150 was preloaded using link preload but not used within a few seconds from the window's load event. Please make sure it has an appropriate `as` value and it is preloaded intentionally. @ http://localhost:3000/dashboard:0
[ 2608937ms] [WARNING] The resource http://localhost:3000/_next/static/css/app/layout.css?v=1782855193439 was preloaded using link preload but not used within a few seconds from the window's load event. Please make sure it has an appropriate `as` value and it is preloaded intentionally. @ http://localhost:3000/dashboard:0
[ 2608937ms] [WARNING] The resource http://localhost:3000/_next/static/css/app/layout.css?v=1782855193150 was preloaded using link preload but not used within a few seconds from the window's load event. Please make sure it has an appropriate `as` value and it is preloaded intentionally. @ http://localhost:3000/dashboard:0
[ 2613937ms] [WARNING] The resource http://localhost:3000/_next/static/css/app/layout.css?v=1782855193439 was preloaded using link preload but not used within a few seconds from the window's load event. Please make sure it has an appropriate `as` value and it is preloaded intentionally. @ http://localhost:3000/dashboard:0
[ 2613938ms] [WARNING] The resource http://localhost:3000/_next/static/css/app/layout.css?v=1782855193150 was preloaded using link preload but not used within a few seconds from the window's load event. Please make sure it has an appropriate `as` value and it is preloaded intentionally. @ http://localhost:3000/dashboard:0
[ 2618951ms] [WARNING] The resource http://localhost:3000/_next/static/css/app/layout.css?v=1782855193439 was preloaded using link preload but not used within a few seconds from the window's load event. Please make sure it has an appropriate `as` value and it is preloaded intentionally. @ http://localhost:3000/dashboard:0
[ 2618951ms] [WARNING] The resource http://localhost:3000/_next/static/css/app/layout.css?v=1782855193150 was preloaded using link preload but not used within a few seconds from the window's load event. Please make sure it has an appropriate `as` value and it is preloaded intentionally. @ http://localhost:3000/dashboard:0
[ 2623952ms] [WARNING] The resource http://localhost:3000/_next/static/css/app/layout.css?v=1782855193439 was preloaded using link preload but not used within a few seconds from the window's load event. Please make sure it has an appropriate `as` value and it is preloaded intentionally. @ http://localhost:3000/dashboard:0
[ 2623952ms] [WARNING] The resource http://localhost:3000/_next/static/css/app/layout.css?v=1782855193150 was preloaded using link preload but not used within a few seconds from the window's load event. Please make sure it has an appropriate `as` value and it is preloaded intentionally. @ http://localhost:3000/dashboard:0
[ 2628307ms] [LOG] [Fast Refresh] rebuilding @ webpack-internal:///(app-pages-browser)/./node_modules/next/dist/client/dev/hot-reloader/app/hot-reloader-app.js:183
[ 2628528ms] [LOG] [Fast Refresh] done in 222ms @ webpack-internal:///(app-pages-browser)/./node_modules/next/dist/client/dev/report-hmr-latency.js:13
[ 2628563ms] [LOG] [Fast Refresh] rebuilding @ webpack-internal:///(app-pages-browser)/./node_modules/next/dist/client/dev/hot-reloader/app/hot-reloader-app.js:183
[ 2628667ms] [WARNING] The width(-1) and height(-1) of chart should be greater than 0,
       please check the style of container, or the props width(100%) and height(100%),
       or add a minWidth(0) or minHeight(undefined) or use aspect(undefined) to control the
       height and width. @ webpack-internal:///(app-pages-browser)/./node_modules/recharts/es6/util/LogUtils.js:18
[ 2628667ms] [WARNING] The width(-1) and height(-1) of chart should be greater than 0,
       please check the style of container, or the props width(100%) and height(100%),
       or add a minWidth(0) or minHeight(undefined) or use aspect(undefined) to control the
       height and width. @ webpack-internal:///(app-pages-browser)/./node_modules/recharts/es6/util/LogUtils.js:18
[ 2628856ms] [LOG] [Fast Refresh] done in 293ms @ webpack-internal:///(app-pages-browser)/./node_modules/next/dist/client/dev/report-hmr-latency.js:13
[ 2628917ms] [WARNING] The width(-1) and height(-1) of chart should be greater than 0,
       please check the style of container, or the props width(100%) and height(100%),
       or add a minWidth(0) or minHeight(undefined) or use aspect(undefined) to control the
       height and width. @ webpack-internal:///(app-pages-browser)/./node_modules/recharts/es6/util/LogUtils.js:18
[ 2628917ms] [WARNING] The width(-1) and height(-1) of chart should be greater than 0,
       please check the style of container, or the props width(100%) and height(100%),
       or add a minWidth(0) or minHeight(undefined) or use aspect(undefined) to control the
       height and width. @ webpack-internal:///(app-pages-browser)/./node_modules/recharts/es6/util/LogUtils.js:18
[ 2628992ms] [WARNING] The width(-1) and height(-1) of chart should be greater than 0,
       please check the style of container, or the props width(100%) and height(100%),
       or add a minWidth(0) or minHeight(undefined) or use aspect(undefined) to control the
       height and width. @ webpack-internal:///(app-pages-browser)/./node_modules/recharts/es6/util/LogUtils.js:18
[ 2628992ms] [WARNING] The width(-1) and height(-1) of chart should be greater than 0,
       please check the style of container, or the props width(100%) and height(100%),
       or add a minWidth(0) or minHeight(undefined) or use aspect(undefined) to control the
       height and width. @ webpack-internal:///(app-pages-browser)/./node_modules/recharts/es6/util/LogUtils.js:18
[ 2633949ms] [WARNING] The resource http://localhost:3000/_next/static/css/app/layout.css?v=1782855193439 was preloaded using link preload but not used within a few seconds from the window's load event. Please make sure it has an appropriate `as` value and it is preloaded intentionally. @ http://localhost:3000/dashboard:0
[ 2633949ms] [WARNING] The resource http://localhost:3000/_next/static/css/app/layout.css?v=1782855193150 was preloaded using link preload but not used within a few seconds from the window's load event. Please make sure it has an appropriate `as` value and it is preloaded intentionally. @ http://localhost:3000/dashboard:0
[ 2638947ms] [WARNING] The resource http://localhost:3000/_next/static/css/app/layout.css?v=1782855193439 was preloaded using link preload but not used within a few seconds from the window's load event. Please make sure it has an appropriate `as` value and it is preloaded intentionally. @ http://localhost:3000/dashboard:0
[ 2638947ms] [WARNING] The resource http://localhost:3000/_next/static/css/app/layout.css?v=1782855193150 was preloaded using link preload but not used within a few seconds from the window's load event. Please make sure it has an appropriate `as` value and it is preloaded intentionally. @ http://localhost:3000/dashboard:0
[ 2643950ms] [WARNING] The resource http://localhost:3000/_next/static/css/app/layout.css?v=1782855193439 was preloaded using link preload but not used within a few seconds from the window's load event. Please make sure it has an appropriate `as` value and it is preloaded intentionally. @ http://localhost:3000/dashboard:0
[ 2643950ms] [WARNING] The resource http://localhost:3000/_next/static/css/app/layout.css?v=1782855193150 was preloaded using link preload but not used within a few seconds from the window's load event. Please make sure it has an appropriate `as` value and it is preloaded intentionally. @ http://localhost:3000/dashboard:0
[ 2648941ms] [WARNING] The resource http://localhost:3000/_next/static/css/app/layout.css?v=1782855193439 was preloaded using link preload but not used within a few seconds from the window's load event. Please make sure it has an appropriate `as` value and it is preloaded intentionally. @ http://localhost:3000/dashboard:0
[ 2648941ms] [WARNING] The resource http://localhost:3000/_next/static/css/app/layout.css?v=1782855193150 was preloaded using link preload but not used within a few seconds from the window's load event. Please make sure it has an appropriate `as` value and it is preloaded intentionally. @ http://localhost:3000/dashboard:0
[ 2653939ms] [WARNING] The resource http://localhost:3000/_next/static/css/app/layout.css?v=1782855193439 was preloaded using link preload but not used within a few seconds from the window's load event. Please make sure it has an appropriate `as` value and it is preloaded intentionally. @ http://localhost:3000/dashboard:0
[ 2653939ms] [WARNING] The resource http://localhost:3000/_next/static/css/app/layout.css?v=1782855193150 was preloaded using link preload but not used within a few seconds from the window's load event. Please make sure it has an appropriate `as` value and it is preloaded intentionally. @ http://localhost:3000/dashboard:0
[ 2658960ms] [WARNING] The resource http://localhost:3000/_next/static/css/app/layout.css?v=1782855193439 was preloaded using link preload but not used within a few seconds from the window's load event. Please make sure it has an appropriate `as` value and it is preloaded intentionally. @ http://localhost:3000/dashboard:0
[ 2658960ms] [WARNING] The resource http://localhost:3000/_next/static/css/app/layout.css?v=1782855193150 was preloaded using link preload but not used within a few seconds from the window's load event. Please make sure it has an appropriate `as` value and it is preloaded intentionally. @ http://localhost:3000/dashboard:0
[ 2663937ms] [WARNING] The resource http://localhost:3000/_next/static/css/app/layout.css?v=1782855193439 was preloaded using link preload but not used within a few seconds from the window's load event. Please make sure it has an appropriate `as` value and it is preloaded intentionally. @ http://localhost:3000/dashboard:0
[ 2663937ms] [WARNING] The resource http://localhost:3000/_next/static/css/app/layout.css?v=1782855193150 was preloaded using link preload but not used within a few seconds from the window's load event. Please make sure it has an appropriate `as` value and it is preloaded intentionally. @ http://localhost:3000/dashboard:0
[ 2668940ms] [WARNING] The resource http://localhost:3000/_next/static/css/app/layout.css?v=1782855193439 was preloaded using link preload but not used within a few seconds from the window's load event. Please make sure it has an appropriate `as` value and it is preloaded intentionally. @ http://localhost:3000/dashboard:0
[ 2668940ms] [WARNING] The resource http://localhost:3000/_next/static/css/app/layout.css?v=1782855193150 was preloaded using link preload but not used within a few seconds from the window's load event. Please make sure it has an appropriate `as` value and it is preloaded intentionally. @ http://localhost:3000/dashboard:0
[ 2673943ms] [WARNING] The resource http://localhost:3000/_next/static/css/app/layout.css?v=1782855193439 was preloaded using link preload but not used within a few seconds from the window's load event. Please make sure it has an appropriate `as` value and it is preloaded intentionally. @ http://localhost:3000/dashboard:0
[ 2673943ms] [WARNING] The resource http://localhost:3000/_next/static/css/app/layout.css?v=1782855193150 was preloaded using link preload but not used within a few seconds from the window's load event. Please make sure it has an appropriate `as` value and it is preloaded intentionally. @ http://localhost:3000/dashboard:0
[ 2678938ms] [WARNING] The resource http://localhost:3000/_next/static/css/app/layout.css?v=1782855193439 was preloaded using link preload but not used within a few seconds from the window's load event. Please make sure it has an appropriate `as` value and it is preloaded intentionally. @ http://localhost:3000/dashboard:0
[ 2678938ms] [WARNING] The resource http://localhost:3000/_next/static/css/app/layout.css?v=1782855193150 was preloaded using link preload but not used within a few seconds from the window's load event. Please make sure it has an appropriate `as` value and it is preloaded intentionally. @ http://localhost:3000/dashboard:0
[ 2683954ms] [WARNING] The resource http://localhost:3000/_next/static/css/app/layout.css?v=1782855193439 was preloaded using link preload but not used within a few seconds from the window's load event. Please make sure it has an appropriate `as` value and it is preloaded intentionally. @ http://localhost:3000/dashboard:0
[ 2683954ms] [WARNING] The resource http://localhost:3000/_next/static/css/app/layout.css?v=1782855193150 was preloaded using link preload but not used within a few seconds from the window's load event. Please make sure it has an appropriate `as` value and it is preloaded intentionally. @ http://localhost:3000/dashboard:0
[ 2688934ms] [WARNING] The resource http://localhost:3000/_next/static/css/app/layout.css?v=1782855193439 was preloaded using link preload but not used within a few seconds from the window's load event. Please make sure it has an appropriate `as` value and it is preloaded intentionally. @ http://localhost:3000/dashboard:0
[ 2688935ms] [WARNING] The resource http://localhost:3000/_next/static/css/app/layout.css?v=1782855193150 was preloaded using link preload but not used within a few seconds from the window's load event. Please make sure it has an appropriate `as` value and it is preloaded intentionally. @ http://localhost:3000/dashboard:0
[ 2693947ms] [WARNING] The resource http://localhost:3000/_next/static/css/app/layout.css?v=1782855193439 was preloaded using link preload but not used within a few seconds from the window's load event. Please make sure it has an appropriate `as` value and it is preloaded intentionally. @ http://localhost:3000/dashboard:0
[ 2693947ms] [WARNING] The resource http://localhost:3000/_next/static/css/app/layout.css?v=1782855193150 was preloaded using link preload but not used within a few seconds from the window's load event. Please make sure it has an appropriate `as` value and it is preloaded intentionally. @ http://localhost:3000/dashboard:0
[ 2698938ms] [WARNING] The resource http://localhost:3000/_next/static/css/app/layout.css?v=1782855193439 was preloaded using link preload but not used within a few seconds from the window's load event. Please make sure it has an appropriate `as` value and it is preloaded intentionally. @ http://localhost:3000/dashboard:0
[ 2698938ms] [WARNING] The resource http://localhost:3000/_next/static/css/app/layout.css?v=1782855193150 was preloaded using link preload but not used within a few seconds from the window's load event. Please make sure it has an appropriate `as` value and it is preloaded intentionally. @ http://localhost:3000/dashboard:0
[ 2703435ms] [LOG] [Fast Refresh] rebuilding @ webpack-internal:///(app-pages-browser)/./node_modules/next/dist/client/dev/hot-reloader/app/hot-reloader-app.js:183
[ 2703635ms] [LOG] [Fast Refresh] rebuilding @ webpack-internal:///(app-pages-browser)/./node_modules/next/dist/client/dev/hot-reloader/app/hot-reloader-app.js:183
[ 2703660ms] [LOG] [Fast Refresh] done in 26ms @ webpack-internal:///(app-pages-browser)/./node_modules/next/dist/client/dev/report-hmr-latency.js:13
[ 2703912ms] [LOG] [Fast Refresh] done in 278ms @ webpack-internal:///(app-pages-browser)/./node_modules/next/dist/client/dev/report-hmr-latency.js:13
[ 2703976ms] [WARNING] The width(-1) and height(-1) of chart should be greater than 0,
       please check the style of container, or the props width(100%) and height(100%),
       or add a minWidth(0) or minHeight(undefined) or use aspect(undefined) to control the
       height and width. @ webpack-internal:///(app-pages-browser)/./node_modules/recharts/es6/util/LogUtils.js:18
[ 2703976ms] [WARNING] The width(-1) and height(-1) of chart should be greater than 0,
       please check the style of container, or the props width(100%) and height(100%),
       or add a minWidth(0) or minHeight(undefined) or use aspect(undefined) to control the
       height and width. @ webpack-internal:///(app-pages-browser)/./node_modules/recharts/es6/util/LogUtils.js:18
[ 2708948ms] [WARNING] The resource http://localhost:3000/_next/static/css/app/layout.css?v=1782855193439 was preloaded using link preload but not used within a few seconds from the window's load event. Please make sure it has an appropriate `as` value and it is preloaded intentionally. @ http://localhost:3000/dashboard:0
[ 2708948ms] [WARNING] The resource http://localhost:3000/_next/static/css/app/layout.css?v=1782855414341 was preloaded using link preload but not used within a few seconds from the window's load event. Please make sure it has an appropriate `as` value and it is preloaded intentionally. @ http://localhost:3000/dashboard:0
[ 2708948ms] [WARNING] The resource http://localhost:3000/_next/static/css/app/layout.css?v=1782855193150 was preloaded using link preload but not used within a few seconds from the window's load event. Please make sure it has an appropriate `as` value and it is preloaded intentionally. @ http://localhost:3000/dashboard:0
[ 2713944ms] [WARNING] The resource http://localhost:3000/_next/static/css/app/layout.css?v=1782855193439 was preloaded using link preload but not used within a few seconds from the window's load event. Please make sure it has an appropriate `as` value and it is preloaded intentionally. @ http://localhost:3000/dashboard:0
[ 2713944ms] [WARNING] The resource http://localhost:3000/_next/static/css/app/layout.css?v=1782855414341 was preloaded using link preload but not used within a few seconds from the window's load event. Please make sure it has an appropriate `as` value and it is preloaded intentionally. @ http://localhost:3000/dashboard:0
[ 2713944ms] [WARNING] The resource http://localhost:3000/_next/static/css/app/layout.css?v=1782855193150 was preloaded using link preload but not used within a few seconds from the window's load event. Please make sure it has an appropriate `as` value and it is preloaded intentionally. @ http://localhost:3000/dashboard:0
[ 2718938ms] [WARNING] The resource http://localhost:3000/_next/static/css/app/layout.css?v=1782855193439 was preloaded using link preload but not used within a few seconds from the window's load event. Please make sure it has an appropriate `as` value and it is preloaded intentionally. @ http://localhost:3000/dashboard:0
[ 2718938ms] [WARNING] The resource http://localhost:3000/_next/static/css/app/layout.css?v=1782855414341 was preloaded using link preload but not used within a few seconds from the window's load event. Please make sure it has an appropriate `as` value and it is preloaded intentionally. @ http://localhost:3000/dashboard:0
[ 2718938ms] [WARNING] The resource http://localhost:3000/_next/static/css/app/layout.css?v=1782855193150 was preloaded using link preload but not used within a few seconds from the window's load event. Please make sure it has an appropriate `as` value and it is preloaded intentionally. @ http://localhost:3000/dashboard:0
[ 2723948ms] [WARNING] The resource http://localhost:3000/_next/static/css/app/layout.css?v=1782855193439 was preloaded using link preload but not used within a few seconds from the window's load event. Please make sure it has an appropriate `as` value and it is preloaded intentionally. @ http://localhost:3000/dashboard:0
[ 2723948ms] [WARNING] The resource http://localhost:3000/_next/static/css/app/layout.css?v=1782855414341 was preloaded using link preload but not used within a few seconds from the window's load event. Please make sure it has an appropriate `as` value and it is preloaded intentionally. @ http://localhost:3000/dashboard:0
[ 2723948ms] [WARNING] The resource http://localhost:3000/_next/static/css/app/layout.css?v=1782855193150 was preloaded using link preload but not used within a few seconds from the window's load event. Please make sure it has an appropriate `as` value and it is preloaded intentionally. @ http://localhost:3000/dashboard:0
[ 2728942ms] [WARNING] The resource http://localhost:3000/_next/static/css/app/layout.css?v=1782855193439 was preloaded using link preload but not used within a few seconds from the window's load event. Please make sure it has an appropriate `as` value and it is preloaded intentionally. @ http://localhost:3000/dashboard:0
[ 2728942ms] [WARNING] The resource http://localhost:3000/_next/static/css/app/layout.css?v=1782855414341 was preloaded using link preload but not used within a few seconds from the window's load event. Please make sure it has an appropriate `as` value and it is preloaded intentionally. @ http://localhost:3000/dashboard:0
[ 2728942ms] [WARNING] The resource http://localhost:3000/_next/static/css/app/layout.css?v=1782855193150 was preloaded using link preload but not used within a few seconds from the window's load event. Please make sure it has an appropriate `as` value and it is preloaded intentionally. @ http://localhost:3000/dashboard:0
[ 2733938ms] [WARNING] The resource http://localhost:3000/_next/static/css/app/layout.css?v=1782855193439 was preloaded using link preload but not used within a few seconds from the window's load event. Please make sure it has an appropriate `as` value and it is preloaded intentionally. @ http://localhost:3000/dashboard:0
[ 2733938ms] [WARNING] The resource http://localhost:3000/_next/static/css/app/layout.css?v=1782855414341 was preloaded using link preload but not used within a few seconds from the window's load event. Please make sure it has an appropriate `as` value and it is preloaded intentionally. @ http://localhost:3000/dashboard:0
[ 2733938ms] [WARNING] The resource http://localhost:3000/_next/static/css/app/layout.css?v=1782855193150 was preloaded using link preload but not used within a few seconds from the window's load event. Please make sure it has an appropriate `as` value and it is preloaded intentionally. @ http://localhost:3000/dashboard:0
[ 2734277ms] [LOG] [Fast Refresh] rebuilding @ webpack-internal:///(app-pages-browser)/./node_modules/next/dist/client/dev/hot-reloader/app/hot-reloader-app.js:183
[ 2734420ms] [LOG] [Fast Refresh] done in 144ms @ webpack-internal:///(app-pages-browser)/./node_modules/next/dist/client/dev/report-hmr-latency.js:13
[ 2734483ms] [WARNING] The width(-1) and height(-1) of chart should be greater than 0,
       please check the style of container, or the props width(100%) and height(100%),
       or add a minWidth(0) or minHeight(undefined) or use aspect(undefined) to control the
       height and width. @ webpack-internal:///(app-pages-browser)/./node_modules/recharts/es6/util/LogUtils.js:18
[ 2734483ms] [WARNING] The width(-1) and height(-1) of chart should be greater than 0,
       please check the style of container, or the props width(100%) and height(100%),
       or add a minWidth(0) or minHeight(undefined) or use aspect(undefined) to control the
       height and width. @ webpack-internal:///(app-pages-browser)/./node_modules/recharts/es6/util/LogUtils.js:18
[ 2738950ms] [WARNING] The resource http://localhost:3000/_next/static/css/app/layout.css?v=1782855193439 was preloaded using link preload but not used within a few seconds from the window's load event. Please make sure it has an appropriate `as` value and it is preloaded intentionally. @ http://localhost:3000/dashboard:0
[ 2738950ms] [WARNING] The resource http://localhost:3000/_next/static/css/app/layout.css?v=1782855414341 was preloaded using link preload but not used within a few seconds from the window's load event. Please make sure it has an appropriate `as` value and it is preloaded intentionally. @ http://localhost:3000/dashboard:0
[ 2738950ms] [WARNING] The resource http://localhost:3000/_next/static/css/app/layout.css?v=1782855193150 was preloaded using link preload but not used within a few seconds from the window's load event. Please make sure it has an appropriate `as` value and it is preloaded intentionally. @ http://localhost:3000/dashboard:0
[ 2743935ms] [WARNING] The resource http://localhost:3000/_next/static/css/app/layout.css?v=1782855193439 was preloaded using link preload but not used within a few seconds from the window's load event. Please make sure it has an appropriate `as` value and it is preloaded intentionally. @ http://localhost:3000/dashboard:0
[ 2743936ms] [WARNING] The resource http://localhost:3000/_next/static/css/app/layout.css?v=1782855414341 was preloaded using link preload but not used within a few seconds from the window's load event. Please make sure it has an appropriate `as` value and it is preloaded intentionally. @ http://localhost:3000/dashboard:0
[ 2743936ms] [WARNING] The resource http://localhost:3000/_next/static/css/app/layout.css?v=1782855193150 was preloaded using link preload but not used within a few seconds from the window's load event. Please make sure it has an appropriate `as` value and it is preloaded intentionally. @ http://localhost:3000/dashboard:0
[ 2748955ms] [WARNING] The resource http://localhost:3000/_next/static/css/app/layout.css?v=1782855193439 was preloaded using link preload but not used within a few seconds from the window's load event. Please make sure it has an appropriate `as` value and it is preloaded intentionally. @ http://localhost:3000/dashboard:0
[ 2748955ms] [WARNING] The resource http://localhost:3000/_next/static/css/app/layout.css?v=1782855414341 was preloaded using link preload but not used within a few seconds from the window's load event. Please make sure it has an appropriate `as` value and it is preloaded intentionally. @ http://localhost:3000/dashboard:0
[ 2748955ms] [WARNING] The resource http://localhost:3000/_next/static/css/app/layout.css?v=1782855193150 was preloaded using link preload but not used within a few seconds from the window's load event. Please make sure it has an appropriate `as` value and it is preloaded intentionally. @ http://localhost:3000/dashboard:0
[ 2753949ms] [WARNING] The resource http://localhost:3000/_next/static/css/app/layout.css?v=1782855193439 was preloaded using link preload but not used within a few seconds from the window's load event. Please make sure it has an appropriate `as` value and it is preloaded intentionally. @ http://localhost:3000/dashboard:0
[ 2753949ms] [WARNING] The resource http://localhost:3000/_next/static/css/app/layout.css?v=1782855414341 was preloaded using link preload but not used within a few seconds from the window's load event. Please make sure it has an appropriate `as` value and it is preloaded intentionally. @ http://localhost:3000/dashboard:0
[ 2753949ms] [WARNING] The resource http://localhost:3000/_next/static/css/app/layout.css?v=1782855193150 was preloaded using link preload but not used within a few seconds from the window's load event. Please make sure it has an appropriate `as` value and it is preloaded intentionally. @ http://localhost:3000/dashboard:0
[ 2758957ms] [WARNING] The resource http://localhost:3000/_next/static/css/app/layout.css?v=1782855193439 was preloaded using link preload but not used within a few seconds from the window's load event. Please make sure it has an appropriate `as` value and it is preloaded intentionally. @ http://localhost:3000/dashboard:0
[ 2758957ms] [WARNING] The resource http://localhost:3000/_next/static/css/app/layout.css?v=1782855414341 was preloaded using link preload but not used within a few seconds from the window's load event. Please make sure it has an appropriate `as` value and it is preloaded intentionally. @ http://localhost:3000/dashboard:0
[ 2758957ms] [WARNING] The resource http://localhost:3000/_next/static/css/app/layout.css?v=1782855193150 was preloaded using link preload but not used within a few seconds from the window's load event. Please make sure it has an appropriate `as` value and it is preloaded intentionally. @ http://localhost:3000/dashboard:0
[ 2763953ms] [WARNING] The resource http://localhost:3000/_next/static/css/app/layout.css?v=1782855193439 was preloaded using link preload but not used within a few seconds from the window's load event. Please make sure it has an appropriate `as` value and it is preloaded intentionally. @ http://localhost:3000/dashboard:0
[ 2763954ms] [WARNING] The resource http://localhost:3000/_next/static/css/app/layout.css?v=1782855414341 was preloaded using link preload but not used within a few seconds from the window's load event. Please make sure it has an appropriate `as` value and it is preloaded intentionally. @ http://localhost:3000/dashboard:0
[ 2763954ms] [WARNING] The resource http://localhost:3000/_next/static/css/app/layout.css?v=1782855193150 was preloaded using link preload but not used within a few seconds from the window's load event. Please make sure it has an appropriate `as` value and it is preloaded intentionally. @ http://localhost:3000/dashboard:0
[ 2768939ms] [WARNING] The resource http://localhost:3000/_next/static/css/app/layout.css?v=1782855193439 was preloaded using link preload but not used within a few seconds from the window's load event. Please make sure it has an appropriate `as` value and it is preloaded intentionally. @ http://localhost:3000/dashboard:0
[ 2768939ms] [WARNING] The resource http://localhost:3000/_next/static/css/app/layout.css?v=1782855414341 was preloaded using link preload but not used within a few seconds from the window's load event. Please make sure it has an appropriate `as` value and it is preloaded intentionally. @ http://localhost:3000/dashboard:0
[ 2768939ms] [WARNING] The resource http://localhost:3000/_next/static/css/app/layout.css?v=1782855193150 was preloaded using link preload but not used within a few seconds from the window's load event. Please make sure it has an appropriate `as` value and it is preloaded intentionally. @ http://localhost:3000/dashboard:0
[ 2773948ms] [WARNING] The resource http://localhost:3000/_next/static/css/app/layout.css?v=1782855193439 was preloaded using link preload but not used within a few seconds from the window's load event. Please make sure it has an appropriate `as` value and it is preloaded intentionally. @ http://localhost:3000/dashboard:0
[ 2773948ms] [WARNING] The resource http://localhost:3000/_next/static/css/app/layout.css?v=1782855414341 was preloaded using link preload but not used within a few seconds from the window's load event. Please make sure it has an appropriate `as` value and it is preloaded intentionally. @ http://localhost:3000/dashboard:0
[ 2773949ms] [WARNING] The resource http://localhost:3000/_next/static/css/app/layout.css?v=1782855193150 was preloaded using link preload but not used within a few seconds from the window's load event. Please make sure it has an appropriate `as` value and it is preloaded intentionally. @ http://localhost:3000/dashboard:0
[ 2778943ms] [WARNING] The resource http://localhost:3000/_next/static/css/app/layout.css?v=1782855193439 was preloaded using link preload but not used within a few seconds from the window's load event. Please make sure it has an appropriate `as` value and it is preloaded intentionally. @ http://localhost:3000/dashboard:0
[ 2778943ms] [WARNING] The resource http://localhost:3000/_next/static/css/app/layout.css?v=1782855414341 was preloaded using link preload but not used within a few seconds from the window's load event. Please make sure it has an appropriate `as` value and it is preloaded intentionally. @ http://localhost:3000/dashboard:0
[ 2778943ms] [WARNING] The resource http://localhost:3000/_next/static/css/app/layout.css?v=1782855193150 was preloaded using link preload but not used within a few seconds from the window's load event. Please make sure it has an appropriate `as` value and it is preloaded intentionally. @ http://localhost:3000/dashboard:0
[ 2783948ms] [WARNING] The resource http://localhost:3000/_next/static/css/app/layout.css?v=1782855193439 was preloaded using link preload but not used within a few seconds from the window's load event. Please make sure it has an appropriate `as` value and it is preloaded intentionally. @ http://localhost:3000/dashboard:0
[ 2783948ms] [WARNING] The resource http://localhost:3000/_next/static/css/app/layout.css?v=1782855414341 was preloaded using link preload but not used within a few seconds from the window's load event. Please make sure it has an appropriate `as` value and it is preloaded intentionally. @ http://localhost:3000/dashboard:0
[ 2783948ms] [WARNING] The resource http://localhost:3000/_next/static/css/app/layout.css?v=1782855193150 was preloaded using link preload but not used within a few seconds from the window's load event. Please make sure it has an appropriate `as` value and it is preloaded intentionally. @ http://localhost:3000/dashboard:0
[ 2788937ms] [WARNING] The resource http://localhost:3000/_next/static/css/app/layout.css?v=1782855193439 was preloaded using link preload but not used within a few seconds from the window's load event. Please make sure it has an appropriate `as` value and it is preloaded intentionally. @ http://localhost:3000/dashboard:0
[ 2788937ms] [WARNING] The resource http://localhost:3000/_next/static/css/app/layout.css?v=1782855414341 was preloaded using link preload but not used within a few seconds from the window's load event. Please make sure it has an appropriate `as` value and it is preloaded intentionally. @ http://localhost:3000/dashboard:0
[ 2788937ms] [WARNING] The resource http://localhost:3000/_next/static/css/app/layout.css?v=1782855193150 was preloaded using link preload but not used within a few seconds from the window's load event. Please make sure it has an appropriate `as` value and it is preloaded intentionally. @ http://localhost:3000/dashboard:0
[ 2793946ms] [WARNING] The resource http://localhost:3000/_next/static/css/app/layout.css?v=1782855193439 was preloaded using link preload but not used within a few seconds from the window's load event. Please make sure it has an appropriate `as` value and it is preloaded intentionally. @ http://localhost:3000/dashboard:0
[ 2793946ms] [WARNING] The resource http://localhost:3000/_next/static/css/app/layout.css?v=1782855414341 was preloaded using link preload but not used within a few seconds from the window's load event. Please make sure it has an appropriate `as` value and it is preloaded intentionally. @ http://localhost:3000/dashboard:0
[ 2793946ms] [WARNING] The resource http://localhost:3000/_next/static/css/app/layout.css?v=1782855193150 was preloaded using link preload but not used within a few seconds from the window's load event. Please make sure it has an appropriate `as` value and it is preloaded intentionally. @ http://localhost:3000/dashboard:0
[ 2798954ms] [WARNING] The resource http://localhost:3000/_next/static/css/app/layout.css?v=1782855193439 was preloaded using link preload but not used within a few seconds from the window's load event. Please make sure it has an appropriate `as` value and it is preloaded intentionally. @ http://localhost:3000/dashboard:0
[ 2798954ms] [WARNING] The resource http://localhost:3000/_next/static/css/app/layout.css?v=1782855414341 was preloaded using link preload but not used within a few seconds from the window's load event. Please make sure it has an appropriate `as` value and it is preloaded intentionally. @ http://localhost:3000/dashboard:0
[ 2798954ms] [WARNING] The resource http://localhost:3000/_next/static/css/app/layout.css?v=1782855193150 was preloaded using link preload but not used within a few seconds from the window's load event. Please make sure it has an appropriate `as` value and it is preloaded intentionally. @ http://localhost:3000/dashboard:0
[ 2803937ms] [WARNING] The resource http://localhost:3000/_next/static/css/app/layout.css?v=1782855193439 was preloaded using link preload but not used within a few seconds from the window's load event. Please make sure it has an appropriate `as` value and it is preloaded intentionally. @ http://localhost:3000/dashboard:0
[ 2803937ms] [WARNING] The resource http://localhost:3000/_next/static/css/app/layout.css?v=1782855414341 was preloaded using link preload but not used within a few seconds from the window's load event. Please make sure it has an appropriate `as` value and it is preloaded intentionally. @ http://localhost:3000/dashboard:0
[ 2803937ms] [WARNING] The resource http://localhost:3000/_next/static/css/app/layout.css?v=1782855193150 was preloaded using link preload but not used within a few seconds from the window's load event. Please make sure it has an appropriate `as` value and it is preloaded intentionally. @ http://localhost:3000/dashboard:0
[ 2808940ms] [WARNING] The resource http://localhost:3000/_next/static/css/app/layout.css?v=1782855193439 was preloaded using link preload but not used within a few seconds from the window's load event. Please make sure it has an appropriate `as` value and it is preloaded intentionally. @ http://localhost:3000/dashboard:0
[ 2808940ms] [WARNING] The resource http://localhost:3000/_next/static/css/app/layout.css?v=1782855414341 was preloaded using link preload but not used within a few seconds from the window's load event. Please make sure it has an appropriate `as` value and it is preloaded intentionally. @ http://localhost:3000/dashboard:0
[ 2808941ms] [WARNING] The resource http://localhost:3000/_next/static/css/app/layout.css?v=1782855193150 was preloaded using link preload but not used within a few seconds from the window's load event. Please make sure it has an appropriate `as` value and it is preloaded intentionally. @ http://localhost:3000/dashboard:0
[ 2813955ms] [WARNING] The resource http://localhost:3000/_next/static/css/app/layout.css?v=1782855193439 was preloaded using link preload but not used within a few seconds from the window's load event. Please make sure it has an appropriate `as` value and it is preloaded intentionally. @ http://localhost:3000/dashboard:0
[ 2813955ms] [WARNING] The resource http://localhost:3000/_next/static/css/app/layout.css?v=1782855414341 was preloaded using link preload but not used within a few seconds from the window's load event. Please make sure it has an appropriate `as` value and it is preloaded intentionally. @ http://localhost:3000/dashboard:0
[ 2813955ms] [WARNING] The resource http://localhost:3000/_next/static/css/app/layout.css?v=1782855193150 was preloaded using link preload but not used within a few seconds from the window's load event. Please make sure it has an appropriate `as` value and it is preloaded intentionally. @ http://localhost:3000/dashboard:0
[ 2818941ms] [WARNING] The resource http://localhost:3000/_next/static/css/app/layout.css?v=1782855193439 was preloaded using link preload but not used within a few seconds from the window's load event. Please make sure it has an appropriate `as` value and it is preloaded intentionally. @ http://localhost:3000/dashboard:0
[ 2818941ms] [WARNING] The resource http://localhost:3000/_next/static/css/app/layout.css?v=1782855414341 was preloaded using link preload but not used within a few seconds from the window's load event. Please make sure it has an appropriate `as` value and it is preloaded intentionally. @ http://localhost:3000/dashboard:0
[ 2818941ms] [WARNING] The resource http://localhost:3000/_next/static/css/app/layout.css?v=1782855193150 was preloaded using link preload but not used within a few seconds from the window's load event. Please make sure it has an appropriate `as` value and it is preloaded intentionally. @ http://localhost:3000/dashboard:0
[ 2823947ms] [WARNING] The resource http://localhost:3000/_next/static/css/app/layout.css?v=1782855193439 was preloaded using link preload but not used within a few seconds from the window's load event. Please make sure it has an appropriate `as` value and it is preloaded intentionally. @ http://localhost:3000/dashboard:0
[ 2823947ms] [WARNING] The resource http://localhost:3000/_next/static/css/app/layout.css?v=1782855414341 was preloaded using link preload but not used within a few seconds from the window's load event. Please make sure it has an appropriate `as` value and it is preloaded intentionally. @ http://localhost:3000/dashboard:0
[ 2823947ms] [WARNING] The resource http://localhost:3000/_next/static/css/app/layout.css?v=1782855193150 was preloaded using link preload but not used within a few seconds from the window's load event. Please make sure it has an appropriate `as` value and it is preloaded intentionally. @ http://localhost:3000/dashboard:0
[ 2828947ms] [WARNING] The resource http://localhost:3000/_next/static/css/app/layout.css?v=1782855193439 was preloaded using link preload but not used within a few seconds from the window's load event. Please make sure it has an appropriate `as` value and it is preloaded intentionally. @ http://localhost:3000/dashboard:0
[ 2828947ms] [WARNING] The resource http://localhost:3000/_next/static/css/app/layout.css?v=1782855414341 was preloaded using link preload but not used within a few seconds from the window's load event. Please make sure it has an appropriate `as` value and it is preloaded intentionally. @ http://localhost:3000/dashboard:0
[ 2828947ms] [WARNING] The resource http://localhost:3000/_next/static/css/app/layout.css?v=1782855193150 was preloaded using link preload but not used within a few seconds from the window's load event. Please make sure it has an appropriate `as` value and it is preloaded intentionally. @ http://localhost:3000/dashboard:0
[ 2833935ms] [WARNING] The resource http://localhost:3000/_next/static/css/app/layout.css?v=1782855193439 was preloaded using link preload but not used within a few seconds from the window's load event. Please make sure it has an appropriate `as` value and it is preloaded intentionally. @ http://localhost:3000/dashboard:0
[ 2833935ms] [WARNING] The resource http://localhost:3000/_next/static/css/app/layout.css?v=1782855414341 was preloaded using link preload but not used within a few seconds from the window's load event. Please make sure it has an appropriate `as` value and it is preloaded intentionally. @ http://localhost:3000/dashboard:0
[ 2833935ms] [WARNING] The resource http://localhost:3000/_next/static/css/app/layout.css?v=1782855193150 was preloaded using link preload but not used within a few seconds from the window's load event. Please make sure it has an appropriate `as` value and it is preloaded intentionally. @ http://localhost:3000/dashboard:0
[ 2838955ms] [WARNING] The resource http://localhost:3000/_next/static/css/app/layout.css?v=1782855193439 was preloaded using link preload but not used within a few seconds from the window's load event. Please make sure it has an appropriate `as` value and it is preloaded intentionally. @ http://localhost:3000/dashboard:0
[ 2838955ms] [WARNING] The resource http://localhost:3000/_next/static/css/app/layout.css?v=1782855414341 was preloaded using link preload but not used within a few seconds from the window's load event. Please make sure it has an appropriate `as` value and it is preloaded intentionally. @ http://localhost:3000/dashboard:0
[ 2838955ms] [WARNING] The resource http://localhost:3000/_next/static/css/app/layout.css?v=1782855193150 was preloaded using link preload but not used within a few seconds from the window's load event. Please make sure it has an appropriate `as` value and it is preloaded intentionally. @ http://localhost:3000/dashboard:0
[ 2843950ms] [WARNING] The resource http://localhost:3000/_next/static/css/app/layout.css?v=1782855193439 was preloaded using link preload but not used within a few seconds from the window's load event. Please make sure it has an appropriate `as` value and it is preloaded intentionally. @ http://localhost:3000/dashboard:0
[ 2843950ms] [WARNING] The resource http://localhost:3000/_next/static/css/app/layout.css?v=1782855414341 was preloaded using link preload but not used within a few seconds from the window's load event. Please make sure it has an appropriate `as` value and it is preloaded intentionally. @ http://localhost:3000/dashboard:0
[ 2843950ms] [WARNING] The resource http://localhost:3000/_next/static/css/app/layout.css?v=1782855193150 was preloaded using link preload but not used within a few seconds from the window's load event. Please make sure it has an appropriate `as` value and it is preloaded intentionally. @ http://localhost:3000/dashboard:0
[ 2848936ms] [WARNING] The resource http://localhost:3000/_next/static/css/app/layout.css?v=1782855193439 was preloaded using link preload but not used within a few seconds from the window's load event. Please make sure it has an appropriate `as` value and it is preloaded intentionally. @ http://localhost:3000/dashboard:0
[ 2848936ms] [WARNING] The resource http://localhost:3000/_next/static/css/app/layout.css?v=1782855414341 was preloaded using link preload but not used within a few seconds from the window's load event. Please make sure it has an appropriate `as` value and it is preloaded intentionally. @ http://localhost:3000/dashboard:0
[ 2848936ms] [WARNING] The resource http://localhost:3000/_next/static/css/app/layout.css?v=1782855193150 was preloaded using link preload but not used within a few seconds from the window's load event. Please make sure it has an appropriate `as` value and it is preloaded intentionally. @ http://localhost:3000/dashboard:0
[ 2853938ms] [WARNING] The resource http://localhost:3000/_next/static/css/app/layout.css?v=1782855193439 was preloaded using link preload but not used within a few seconds from the window's load event. Please make sure it has an appropriate `as` value and it is preloaded intentionally. @ http://localhost:3000/dashboard:0
[ 2853939ms] [WARNING] The resource http://localhost:3000/_next/static/css/app/layout.css?v=1782855414341 was preloaded using link preload but not used within a few seconds from the window's load event. Please make sure it has an appropriate `as` value and it is preloaded intentionally. @ http://localhost:3000/dashboard:0
[ 2853939ms] [WARNING] The resource http://localhost:3000/_next/static/css/app/layout.css?v=1782855193150 was preloaded using link preload but not used within a few seconds from the window's load event. Please make sure it has an appropriate `as` value and it is preloaded intentionally. @ http://localhost:3000/dashboard:0
[ 2858948ms] [WARNING] The resource http://localhost:3000/_next/static/css/app/layout.css?v=1782855193439 was preloaded using link preload but not used within a few seconds from the window's load event. Please make sure it has an appropriate `as` value and it is preloaded intentionally. @ http://localhost:3000/dashboard:0
[ 2858948ms] [WARNING] The resource http://localhost:3000/_next/static/css/app/layout.css?v=1782855414341 was preloaded using link preload but not used within a few seconds from the window's load event. Please make sure it has an appropriate `as` value and it is preloaded intentionally. @ http://localhost:3000/dashboard:0
[ 2858948ms] [WARNING] The resource http://localhost:3000/_next/static/css/app/layout.css?v=1782855193150 was preloaded using link preload but not used within a few seconds from the window's load event. Please make sure it has an appropriate `as` value and it is preloaded intentionally. @ http://localhost:3000/dashboard:0
[ 2862072ms] [LOG] [Fast Refresh] rebuilding @ webpack-internal:///(app-pages-browser)/./node_modules/next/dist/client/dev/hot-reloader/app/hot-reloader-app.js:183
[ 2862305ms] [LOG] [Fast Refresh] done in 233ms @ webpack-internal:///(app-pages-browser)/./node_modules/next/dist/client/dev/report-hmr-latency.js:13
[ 2862382ms] [WARNING] The width(-1) and height(-1) of chart should be greater than 0,
       please check the style of container, or the props width(100%) and height(100%),
       or add a minWidth(0) or minHeight(undefined) or use aspect(undefined) to control the
       height and width. @ webpack-internal:///(app-pages-browser)/./node_modules/recharts/es6/util/LogUtils.js:18
[ 2862382ms] [WARNING] The width(-1) and height(-1) of chart should be greater than 0,
       please check the style of container, or the props width(100%) and height(100%),
       or add a minWidth(0) or minHeight(undefined) or use aspect(undefined) to control the
       height and width. @ webpack-internal:///(app-pages-browser)/./node_modules/recharts/es6/util/LogUtils.js:18
[ 2862447ms] [LOG] [Fast Refresh] rebuilding @ webpack-internal:///(app-pages-browser)/./node_modules/next/dist/client/dev/hot-reloader/app/hot-reloader-app.js:183
[ 2862634ms] [LOG] [Fast Refresh] rebuilding @ webpack-internal:///(app-pages-browser)/./node_modules/next/dist/client/dev/hot-reloader/app/hot-reloader-app.js:183
[ 2862647ms] [LOG] [Fast Refresh] done in 12ms @ webpack-internal:///(app-pages-browser)/./node_modules/next/dist/client/dev/report-hmr-latency.js:13
[ 2862831ms] [LOG] [Fast Refresh] done in 197ms @ webpack-internal:///(app-pages-browser)/./node_modules/next/dist/client/dev/report-hmr-latency.js:13
[ 2862882ms] [WARNING] The width(-1) and height(-1) of chart should be greater than 0,
       please check the style of container, or the props width(100%) and height(100%),
       or add a minWidth(0) or minHeight(undefined) or use aspect(undefined) to control the
       height and width. @ webpack-internal:///(app-pages-browser)/./node_modules/recharts/es6/util/LogUtils.js:18
[ 2862882ms] [WARNING] The width(-1) and height(-1) of chart should be greater than 0,
       please check the style of container, or the props width(100%) and height(100%),
       or add a minWidth(0) or minHeight(undefined) or use aspect(undefined) to control the
       height and width. @ webpack-internal:///(app-pages-browser)/./node_modules/recharts/es6/util/LogUtils.js:18
[ 2865942ms] [WARNING] The resource http://localhost:3000/_next/static/css/app/layout.css?v=1782855573308 was preloaded using link preload but not used within a few seconds from the window's load event. Please make sure it has an appropriate `as` value and it is preloaded intentionally. @ http://localhost:3000/dashboard:0
[ 2865942ms] [WARNING] The resource http://localhost:3000/_next/static/css/app/layout.css?v=1782855193439 was preloaded using link preload but not used within a few seconds from the window's load event. Please make sure it has an appropriate `as` value and it is preloaded intentionally. @ http://localhost:3000/dashboard:0
[ 2865942ms] [WARNING] The resource http://localhost:3000/_next/static/css/app/layout.css?v=1782855414341 was preloaded using link preload but not used within a few seconds from the window's load event. Please make sure it has an appropriate `as` value and it is preloaded intentionally. @ http://localhost:3000/dashboard:0
[ 2865942ms] [WARNING] The resource http://localhost:3000/_next/static/css/app/layout.css?v=1782855193150 was preloaded using link preload but not used within a few seconds from the window's load event. Please make sure it has an appropriate `as` value and it is preloaded intentionally. @ http://localhost:3000/dashboard:0
[ 2868947ms] [WARNING] The resource http://localhost:3000/_next/static/css/app/layout.css?v=1782855573308 was preloaded using link preload but not used within a few seconds from the window's load event. Please make sure it has an appropriate `as` value and it is preloaded intentionally. @ http://localhost:3000/dashboard:0
[ 2868947ms] [WARNING] The resource http://localhost:3000/_next/static/css/app/layout.css?v=1782855193439 was preloaded using link preload but not used within a few seconds from the window's load event. Please make sure it has an appropriate `as` value and it is preloaded intentionally. @ http://localhost:3000/dashboard:0
[ 2868947ms] [WARNING] The resource http://localhost:3000/_next/static/css/app/layout.css?v=1782855414341 was preloaded using link preload but not used within a few seconds from the window's load event. Please make sure it has an appropriate `as` value and it is preloaded intentionally. @ http://localhost:3000/dashboard:0
[ 2868947ms] [WARNING] The resource http://localhost:3000/_next/static/css/app/layout.css?v=1782855193150 was preloaded using link preload but not used within a few seconds from the window's load event. Please make sure it has an appropriate `as` value and it is preloaded intentionally. @ http://localhost:3000/dashboard:0
[ 2873947ms] [WARNING] The resource http://localhost:3000/_next/static/css/app/layout.css?v=1782855573308 was preloaded using link preload but not used within a few seconds from the window's load event. Please make sure it has an appropriate `as` value and it is preloaded intentionally. @ http://localhost:3000/dashboard:0
[ 2873947ms] [WARNING] The resource http://localhost:3000/_next/static/css/app/layout.css?v=1782855193439 was preloaded using link preload but not used within a few seconds from the window's load event. Please make sure it has an appropriate `as` value and it is preloaded intentionally. @ http://localhost:3000/dashboard:0
[ 2873947ms] [WARNING] The resource http://localhost:3000/_next/static/css/app/layout.css?v=1782855414341 was preloaded using link preload but not used within a few seconds from the window's load event. Please make sure it has an appropriate `as` value and it is preloaded intentionally. @ http://localhost:3000/dashboard:0
[ 2873947ms] [WARNING] The resource http://localhost:3000/_next/static/css/app/layout.css?v=1782855193150 was preloaded using link preload but not used within a few seconds from the window's load event. Please make sure it has an appropriate `as` value and it is preloaded intentionally. @ http://localhost:3000/dashboard:0
[ 2878944ms] [WARNING] The resource http://localhost:3000/_next/static/css/app/layout.css?v=1782855573308 was preloaded using link preload but not used within a few seconds from the window's load event. Please make sure it has an appropriate `as` value and it is preloaded intentionally. @ http://localhost:3000/dashboard:0
[ 2878944ms] [WARNING] The resource http://localhost:3000/_next/static/css/app/layout.css?v=1782855193439 was preloaded using link preload but not used within a few seconds from the window's load event. Please make sure it has an appropriate `as` value and it is preloaded intentionally. @ http://localhost:3000/dashboard:0
[ 2878944ms] [WARNING] The resource http://localhost:3000/_next/static/css/app/layout.css?v=1782855414341 was preloaded using link preload but not used within a few seconds from the window's load event. Please make sure it has an appropriate `as` value and it is preloaded intentionally. @ http://localhost:3000/dashboard:0
[ 2878944ms] [WARNING] The resource http://localhost:3000/_next/static/css/app/layout.css?v=1782855193150 was preloaded using link preload but not used within a few seconds from the window's load event. Please make sure it has an appropriate `as` value and it is preloaded intentionally. @ http://localhost:3000/dashboard:0
[ 2883956ms] [WARNING] The resource http://localhost:3000/_next/static/css/app/layout.css?v=1782855573308 was preloaded using link preload but not used within a few seconds from the window's load event. Please make sure it has an appropriate `as` value and it is preloaded intentionally. @ http://localhost:3000/dashboard:0
[ 2883956ms] [WARNING] The resource http://localhost:3000/_next/static/css/app/layout.css?v=1782855193439 was preloaded using link preload but not used within a few seconds from the window's load event. Please make sure it has an appropriate `as` value and it is preloaded intentionally. @ http://localhost:3000/dashboard:0
[ 2883956ms] [WARNING] The resource http://localhost:3000/_next/static/css/app/layout.css?v=1782855414341 was preloaded using link preload but not used within a few seconds from the window's load event. Please make sure it has an appropriate `as` value and it is preloaded intentionally. @ http://localhost:3000/dashboard:0
[ 2883956ms] [WARNING] The resource http://localhost:3000/_next/static/css/app/layout.css?v=1782855193150 was preloaded using link preload but not used within a few seconds from the window's load event. Please make sure it has an appropriate `as` value and it is preloaded intentionally. @ http://localhost:3000/dashboard:0
[ 2888942ms] [WARNING] The resource http://localhost:3000/_next/static/css/app/layout.css?v=1782855573308 was preloaded using link preload but not used within a few seconds from the window's load event. Please make sure it has an appropriate `as` value and it is preloaded intentionally. @ http://localhost:3000/dashboard:0
[ 2888942ms] [WARNING] The resource http://localhost:3000/_next/static/css/app/layout.css?v=1782855193439 was preloaded using link preload but not used within a few seconds from the window's load event. Please make sure it has an appropriate `as` value and it is preloaded intentionally. @ http://localhost:3000/dashboard:0
[ 2888942ms] [WARNING] The resource http://localhost:3000/_next/static/css/app/layout.css?v=1782855414341 was preloaded using link preload but not used within a few seconds from the window's load event. Please make sure it has an appropriate `as` value and it is preloaded intentionally. @ http://localhost:3000/dashboard:0
[ 2888942ms] [WARNING] The resource http://localhost:3000/_next/static/css/app/layout.css?v=1782855193150 was preloaded using link preload but not used within a few seconds from the window's load event. Please make sure it has an appropriate `as` value and it is preloaded intentionally. @ http://localhost:3000/dashboard:0
[ 2893946ms] [WARNING] The resource http://localhost:3000/_next/static/css/app/layout.css?v=1782855573308 was preloaded using link preload but not used within a few seconds from the window's load event. Please make sure it has an appropriate `as` value and it is preloaded intentionally. @ http://localhost:3000/dashboard:0
[ 2893946ms] [WARNING] The resource http://localhost:3000/_next/static/css/app/layout.css?v=1782855193439 was preloaded using link preload but not used within a few seconds from the window's load event. Please make sure it has an appropriate `as` value and it is preloaded intentionally. @ http://localhost:3000/dashboard:0
[ 2893946ms] [WARNING] The resource http://localhost:3000/_next/static/css/app/layout.css?v=1782855414341 was preloaded using link preload but not used within a few seconds from the window's load event. Please make sure it has an appropriate `as` value and it is preloaded intentionally. @ http://localhost:3000/dashboard:0
[ 2893946ms] [WARNING] The resource http://localhost:3000/_next/static/css/app/layout.css?v=1782855193150 was preloaded using link preload but not used within a few seconds from the window's load event. Please make sure it has an appropriate `as` value and it is preloaded intentionally. @ http://localhost:3000/dashboard:0
[ 2898948ms] [WARNING] The resource http://localhost:3000/_next/static/css/app/layout.css?v=1782855573308 was preloaded using link preload but not used within a few seconds from the window's load event. Please make sure it has an appropriate `as` value and it is preloaded intentionally. @ http://localhost:3000/dashboard:0
[ 2898948ms] [WARNING] The resource http://localhost:3000/_next/static/css/app/layout.css?v=1782855193439 was preloaded using link preload but not used within a few seconds from the window's load event. Please make sure it has an appropriate `as` value and it is preloaded intentionally. @ http://localhost:3000/dashboard:0
[ 2898948ms] [WARNING] The resource http://localhost:3000/_next/static/css/app/layout.css?v=1782855414341 was preloaded using link preload but not used within a few seconds from the window's load event. Please make sure it has an appropriate `as` value and it is preloaded intentionally. @ http://localhost:3000/dashboard:0
[ 2898948ms] [WARNING] The resource http://localhost:3000/_next/static/css/app/layout.css?v=1782855193150 was preloaded using link preload but not used within a few seconds from the window's load event. Please make sure it has an appropriate `as` value and it is preloaded intentionally. @ http://localhost:3000/dashboard:0
[ 2903944ms] [WARNING] The resource http://localhost:3000/_next/static/css/app/layout.css?v=1782855573308 was preloaded using link preload but not used within a few seconds from the window's load event. Please make sure it has an appropriate `as` value and it is preloaded intentionally. @ http://localhost:3000/dashboard:0
[ 2903945ms] [WARNING] The resource http://localhost:3000/_next/static/css/app/layout.css?v=1782855193439 was preloaded using link preload but not used within a few seconds from the window's load event. Please make sure it has an appropriate `as` value and it is preloaded intentionally. @ http://localhost:3000/dashboard:0
[ 2903945ms] [WARNING] The resource http://localhost:3000/_next/static/css/app/layout.css?v=1782855414341 was preloaded using link preload but not used within a few seconds from the window's load event. Please make sure it has an appropriate `as` value and it is preloaded intentionally. @ http://localhost:3000/dashboard:0
[ 2903945ms] [WARNING] The resource http://localhost:3000/_next/static/css/app/layout.css?v=1782855193150 was preloaded using link preload but not used within a few seconds from the window's load event. Please make sure it has an appropriate `as` value and it is preloaded intentionally. @ http://localhost:3000/dashboard:0
[ 2908939ms] [WARNING] The resource http://localhost:3000/_next/static/css/app/layout.css?v=1782855573308 was preloaded using link preload but not used within a few seconds from the window's load event. Please make sure it has an appropriate `as` value and it is preloaded intentionally. @ http://localhost:3000/dashboard:0
[ 2908939ms] [WARNING] The resource http://localhost:3000/_next/static/css/app/layout.css?v=1782855193439 was preloaded using link preload but not used within a few seconds from the window's load event. Please make sure it has an appropriate `as` value and it is preloaded intentionally. @ http://localhost:3000/dashboard:0
[ 2908939ms] [WARNING] The resource http://localhost:3000/_next/static/css/app/layout.css?v=1782855414341 was preloaded using link preload but not used within a few seconds from the window's load event. Please make sure it has an appropriate `as` value and it is preloaded intentionally. @ http://localhost:3000/dashboard:0
[ 2908939ms] [WARNING] The resource http://localhost:3000/_next/static/css/app/layout.css?v=1782855193150 was preloaded using link preload but not used within a few seconds from the window's load event. Please make sure it has an appropriate `as` value and it is preloaded intentionally. @ http://localhost:3000/dashboard:0
[ 2913958ms] [WARNING] The resource http://localhost:3000/_next/static/css/app/layout.css?v=1782855573308 was preloaded using link preload but not used within a few seconds from the window's load event. Please make sure it has an appropriate `as` value and it is preloaded intentionally. @ http://localhost:3000/dashboard:0
[ 2913959ms] [WARNING] The resource http://localhost:3000/_next/static/css/app/layout.css?v=1782855193439 was preloaded using link preload but not used within a few seconds from the window's load event. Please make sure it has an appropriate `as` value and it is preloaded intentionally. @ http://localhost:3000/dashboard:0
[ 2913959ms] [WARNING] The resource http://localhost:3000/_next/static/css/app/layout.css?v=1782855414341 was preloaded using link preload but not used within a few seconds from the window's load event. Please make sure it has an appropriate `as` value and it is preloaded intentionally. @ http://localhost:3000/dashboard:0
[ 2913959ms] [WARNING] The resource http://localhost:3000/_next/static/css/app/layout.css?v=1782855193150 was preloaded using link preload but not used within a few seconds from the window's load event. Please make sure it has an appropriate `as` value and it is preloaded intentionally. @ http://localhost:3000/dashboard:0
[ 2918937ms] [WARNING] The resource http://localhost:3000/_next/static/css/app/layout.css?v=1782855573308 was preloaded using link preload but not used within a few seconds from the window's load event. Please make sure it has an appropriate `as` value and it is preloaded intentionally. @ http://localhost:3000/dashboard:0
[ 2918937ms] [WARNING] The resource http://localhost:3000/_next/static/css/app/layout.css?v=1782855193439 was preloaded using link preload but not used within a few seconds from the window's load event. Please make sure it has an appropriate `as` value and it is preloaded intentionally. @ http://localhost:3000/dashboard:0
[ 2918938ms] [WARNING] The resource http://localhost:3000/_next/static/css/app/layout.css?v=1782855414341 was preloaded using link preload but not used within a few seconds from the window's load event. Please make sure it has an appropriate `as` value and it is preloaded intentionally. @ http://localhost:3000/dashboard:0
[ 2918938ms] [WARNING] The resource http://localhost:3000/_next/static/css/app/layout.css?v=1782855193150 was preloaded using link preload but not used within a few seconds from the window's load event. Please make sure it has an appropriate `as` value and it is preloaded intentionally. @ http://localhost:3000/dashboard:0
[ 2920948ms] [LOG] [Fast Refresh] rebuilding @ webpack-internal:///(app-pages-browser)/./node_modules/next/dist/client/dev/hot-reloader/app/hot-reloader-app.js:183
[ 2921088ms] [LOG] [Fast Refresh] done in 140ms @ webpack-internal:///(app-pages-browser)/./node_modules/next/dist/client/dev/report-hmr-latency.js:13
[ 2921170ms] [WARNING] The width(-1) and height(-1) of chart should be greater than 0,
       please check the style of container, or the props width(100%) and height(100%),
       or add a minWidth(0) or minHeight(undefined) or use aspect(undefined) to control the
       height and width. @ webpack-internal:///(app-pages-browser)/./node_modules/recharts/es6/util/LogUtils.js:18
[ 2921170ms] [WARNING] The width(-1) and height(-1) of chart should be greater than 0,
       please check the style of container, or the props width(100%) and height(100%),
       or add a minWidth(0) or minHeight(undefined) or use aspect(undefined) to control the
       height and width. @ webpack-internal:///(app-pages-browser)/./node_modules/recharts/es6/util/LogUtils.js:18
[ 2924277ms] [WARNING] The resource http://localhost:3000/_next/static/css/app/layout.css?v=1782855573308 was preloaded using link preload but not used within a few seconds from the window's load event. Please make sure it has an appropriate `as` value and it is preloaded intentionally. @ http://localhost:3000/dashboard:0
[ 2924277ms] [WARNING] The resource http://localhost:3000/_next/static/css/app/layout.css?v=1782855193439 was preloaded using link preload but not used within a few seconds from the window's load event. Please make sure it has an appropriate `as` value and it is preloaded intentionally. @ http://localhost:3000/dashboard:0
[ 2924277ms] [WARNING] The resource http://localhost:3000/_next/static/css/app/layout.css?v=1782855414341 was preloaded using link preload but not used within a few seconds from the window's load event. Please make sure it has an appropriate `as` value and it is preloaded intentionally. @ http://localhost:3000/dashboard:0
[ 2924277ms] [WARNING] The resource http://localhost:3000/_next/static/css/app/layout.css?v=1782855193150 was preloaded using link preload but not used within a few seconds from the window's load event. Please make sure it has an appropriate `as` value and it is preloaded intentionally. @ http://localhost:3000/dashboard:0
[ 2928952ms] [WARNING] The resource http://localhost:3000/_next/static/css/app/layout.css?v=1782855573308 was preloaded using link preload but not used within a few seconds from the window's load event. Please make sure it has an appropriate `as` value and it is preloaded intentionally. @ http://localhost:3000/dashboard:0
[ 2928952ms] [WARNING] The resource http://localhost:3000/_next/static/css/app/layout.css?v=1782855193439 was preloaded using link preload but not used within a few seconds from the window's load event. Please make sure it has an appropriate `as` value and it is preloaded intentionally. @ http://localhost:3000/dashboard:0
[ 2928952ms] [WARNING] The resource http://localhost:3000/_next/static/css/app/layout.css?v=1782855414341 was preloaded using link preload but not used within a few seconds from the window's load event. Please make sure it has an appropriate `as` value and it is preloaded intentionally. @ http://localhost:3000/dashboard:0
[ 2928952ms] [WARNING] The resource http://localhost:3000/_next/static/css/app/layout.css?v=1782855193150 was preloaded using link preload but not used within a few seconds from the window's load event. Please make sure it has an appropriate `as` value and it is preloaded intentionally. @ http://localhost:3000/dashboard:0
[ 2933935ms] [WARNING] The resource http://localhost:3000/_next/static/css/app/layout.css?v=1782855573308 was preloaded using link preload but not used within a few seconds from the window's load event. Please make sure it has an appropriate `as` value and it is preloaded intentionally. @ http://localhost:3000/dashboard:0
[ 2933935ms] [WARNING] The resource http://localhost:3000/_next/static/css/app/layout.css?v=1782855193439 was preloaded using link preload but not used within a few seconds from the window's load event. Please make sure it has an appropriate `as` value and it is preloaded intentionally. @ http://localhost:3000/dashboard:0
[ 2933935ms] [WARNING] The resource http://localhost:3000/_next/static/css/app/layout.css?v=1782855414341 was preloaded using link preload but not used within a few seconds from the window's load event. Please make sure it has an appropriate `as` value and it is preloaded intentionally. @ http://localhost:3000/dashboard:0
[ 2933935ms] [WARNING] The resource http://localhost:3000/_next/static/css/app/layout.css?v=1782855193150 was preloaded using link preload but not used within a few seconds from the window's load event. Please make sure it has an appropriate `as` value and it is preloaded intentionally. @ http://localhost:3000/dashboard:0
[ 2938959ms] [WARNING] The resource http://localhost:3000/_next/static/css/app/layout.css?v=1782855573308 was preloaded using link preload but not used within a few seconds from the window's load event. Please make sure it has an appropriate `as` value and it is preloaded intentionally. @ http://localhost:3000/dashboard:0
[ 2938959ms] [WARNING] The resource http://localhost:3000/_next/static/css/app/layout.css?v=1782855193439 was preloaded using link preload but not used within a few seconds from the window's load event. Please make sure it has an appropriate `as` value and it is preloaded intentionally. @ http://localhost:3000/dashboard:0
[ 2938959ms] [WARNING] The resource http://localhost:3000/_next/static/css/app/layout.css?v=1782855414341 was preloaded using link preload but not used within a few seconds from the window's load event. Please make sure it has an appropriate `as` value and it is preloaded intentionally. @ http://localhost:3000/dashboard:0
[ 2938959ms] [WARNING] The resource http://localhost:3000/_next/static/css/app/layout.css?v=1782855193150 was preloaded using link preload but not used within a few seconds from the window's load event. Please make sure it has an appropriate `as` value and it is preloaded intentionally. @ http://localhost:3000/dashboard:0
[ 2943935ms] [WARNING] The resource http://localhost:3000/_next/static/css/app/layout.css?v=1782855573308 was preloaded using link preload but not used within a few seconds from the window's load event. Please make sure it has an appropriate `as` value and it is preloaded intentionally. @ http://localhost:3000/dashboard:0
[ 2943935ms] [WARNING] The resource http://localhost:3000/_next/static/css/app/layout.css?v=1782855193439 was preloaded using link preload but not used within a few seconds from the window's load event. Please make sure it has an appropriate `as` value and it is preloaded intentionally. @ http://localhost:3000/dashboard:0
[ 2943935ms] [WARNING] The resource http://localhost:3000/_next/static/css/app/layout.css?v=1782855414341 was preloaded using link preload but not used within a few seconds from the window's load event. Please make sure it has an appropriate `as` value and it is preloaded intentionally. @ http://localhost:3000/dashboard:0
[ 2943935ms] [WARNING] The resource http://localhost:3000/_next/static/css/app/layout.css?v=1782855193150 was preloaded using link preload but not used within a few seconds from the window's load event. Please make sure it has an appropriate `as` value and it is preloaded intentionally. @ http://localhost:3000/dashboard:0
[ 2948943ms] [WARNING] The resource http://localhost:3000/_next/static/css/app/layout.css?v=1782855573308 was preloaded using link preload but not used within a few seconds from the window's load event. Please make sure it has an appropriate `as` value and it is preloaded intentionally. @ http://localhost:3000/dashboard:0
[ 2948943ms] [WARNING] The resource http://localhost:3000/_next/static/css/app/layout.css?v=1782855193439 was preloaded using link preload but not used within a few seconds from the window's load event. Please make sure it has an appropriate `as` value and it is preloaded intentionally. @ http://localhost:3000/dashboard:0
[ 2948943ms] [WARNING] The resource http://localhost:3000/_next/static/css/app/layout.css?v=1782855414341 was preloaded using link preload but not used within a few seconds from the window's load event. Please make sure it has an appropriate `as` value and it is preloaded intentionally. @ http://localhost:3000/dashboard:0
[ 2948943ms] [WARNING] The resource http://localhost:3000/_next/static/css/app/layout.css?v=1782855193150 was preloaded using link preload but not used within a few seconds from the window's load event. Please make sure it has an appropriate `as` value and it is preloaded intentionally. @ http://localhost:3000/dashboard:0
[ 2953945ms] [WARNING] The resource http://localhost:3000/_next/static/css/app/layout.css?v=1782855573308 was preloaded using link preload but not used within a few seconds from the window's load event. Please make sure it has an appropriate `as` value and it is preloaded intentionally. @ http://localhost:3000/dashboard:0
[ 2953945ms] [WARNING] The resource http://localhost:3000/_next/static/css/app/layout.css?v=1782855193439 was preloaded using link preload but not used within a few seconds from the window's load event. Please make sure it has an appropriate `as` value and it is preloaded intentionally. @ http://localhost:3000/dashboard:0
[ 2953945ms] [WARNING] The resource http://localhost:3000/_next/static/css/app/layout.css?v=1782855414341 was preloaded using link preload but not used within a few seconds from the window's load event. Please make sure it has an appropriate `as` value and it is preloaded intentionally. @ http://localhost:3000/dashboard:0
[ 2953945ms] [WARNING] The resource http://localhost:3000/_next/static/css/app/layout.css?v=1782855193150 was preloaded using link preload but not used within a few seconds from the window's load event. Please make sure it has an appropriate `as` value and it is preloaded intentionally. @ http://localhost:3000/dashboard:0
[ 2958941ms] [WARNING] The resource http://localhost:3000/_next/static/css/app/layout.css?v=1782855573308 was preloaded using link preload but not used within a few seconds from the window's load event. Please make sure it has an appropriate `as` value and it is preloaded intentionally. @ http://localhost:3000/dashboard:0
[ 2958941ms] [WARNING] The resource http://localhost:3000/_next/static/css/app/layout.css?v=1782855193439 was preloaded using link preload but not used within a few seconds from the window's load event. Please make sure it has an appropriate `as` value and it is preloaded intentionally. @ http://localhost:3000/dashboard:0
[ 2958941ms] [WARNING] The resource http://localhost:3000/_next/static/css/app/layout.css?v=1782855414341 was preloaded using link preload but not used within a few seconds from the window's load event. Please make sure it has an appropriate `as` value and it is preloaded intentionally. @ http://localhost:3000/dashboard:0
[ 2958941ms] [WARNING] The resource http://localhost:3000/_next/static/css/app/layout.css?v=1782855193150 was preloaded using link preload but not used within a few seconds from the window's load event. Please make sure it has an appropriate `as` value and it is preloaded intentionally. @ http://localhost:3000/dashboard:0
[ 2958941ms] [LOG] [Fast Refresh] rebuilding @ webpack-internal:///(app-pages-browser)/./node_modules/next/dist/client/dev/hot-reloader/app/hot-reloader-app.js:183
[ 2959091ms] [LOG] [Fast Refresh] done in 151ms @ webpack-internal:///(app-pages-browser)/./node_modules/next/dist/client/dev/report-hmr-latency.js:13
[ 2959137ms] [LOG] [Fast Refresh] rebuilding @ webpack-internal:///(app-pages-browser)/./node_modules/next/dist/client/dev/hot-reloader/app/hot-reloader-app.js:183
[ 2959154ms] [WARNING] The width(-1) and height(-1) of chart should be greater than 0,
       please check the style of container, or the props width(100%) and height(100%),
       or add a minWidth(0) or minHeight(undefined) or use aspect(undefined) to control the
       height and width. @ webpack-internal:///(app-pages-browser)/./node_modules/recharts/es6/util/LogUtils.js:18
[ 2959154ms] [WARNING] The width(-1) and height(-1) of chart should be greater than 0,
       please check the style of container, or the props width(100%) and height(100%),
       or add a minWidth(0) or minHeight(undefined) or use aspect(undefined) to control the
       height and width. @ webpack-internal:///(app-pages-browser)/./node_modules/recharts/es6/util/LogUtils.js:18
[ 2959278ms] [LOG] [Fast Refresh] rebuilding @ webpack-internal:///(app-pages-browser)/./node_modules/next/dist/client/dev/hot-reloader/app/hot-reloader-app.js:183
[ 2959334ms] [LOG] [Fast Refresh] done in 56ms @ webpack-internal:///(app-pages-browser)/./node_modules/next/dist/client/dev/report-hmr-latency.js:13
[ 2959448ms] [LOG] [Fast Refresh] done in 170ms @ webpack-internal:///(app-pages-browser)/./node_modules/next/dist/client/dev/report-hmr-latency.js:13
[ 2959498ms] [WARNING] The width(-1) and height(-1) of chart should be greater than 0,
       please check the style of container, or the props width(100%) and height(100%),
       or add a minWidth(0) or minHeight(undefined) or use aspect(undefined) to control the
       height and width. @ webpack-internal:///(app-pages-browser)/./node_modules/recharts/es6/util/LogUtils.js:18
[ 2959498ms] [WARNING] The width(-1) and height(-1) of chart should be greater than 0,
       please check the style of container, or the props width(100%) and height(100%),
       or add a minWidth(0) or minHeight(undefined) or use aspect(undefined) to control the
       height and width. @ webpack-internal:///(app-pages-browser)/./node_modules/recharts/es6/util/LogUtils.js:18
[ 2963942ms] [WARNING] The resource http://localhost:3000/_next/static/css/app/layout.css?v=1782855573308 was preloaded using link preload but not used within a few seconds from the window's load event. Please make sure it has an appropriate `as` value and it is preloaded intentionally. @ http://localhost:3000/dashboard:0
[ 2963942ms] [WARNING] The resource http://localhost:3000/_next/static/css/app/layout.css?v=1782855193439 was preloaded using link preload but not used within a few seconds from the window's load event. Please make sure it has an appropriate `as` value and it is preloaded intentionally. @ http://localhost:3000/dashboard:0
[ 2963942ms] [WARNING] The resource http://localhost:3000/_next/static/css/app/layout.css?v=1782855414341 was preloaded using link preload but not used within a few seconds from the window's load event. Please make sure it has an appropriate `as` value and it is preloaded intentionally. @ http://localhost:3000/dashboard:0
[ 2963942ms] [WARNING] The resource http://localhost:3000/_next/static/css/app/layout.css?v=1782855193150 was preloaded using link preload but not used within a few seconds from the window's load event. Please make sure it has an appropriate `as` value and it is preloaded intentionally. @ http://localhost:3000/dashboard:0
[ 2963942ms] [WARNING] The resource http://localhost:3000/_next/static/css/app/layout.css?v=1782855669941 was preloaded using link preload but not used within a few seconds from the window's load event. Please make sure it has an appropriate `as` value and it is preloaded intentionally. @ http://localhost:3000/dashboard:0
[ 2968935ms] [WARNING] The resource http://localhost:3000/_next/static/css/app/layout.css?v=1782855573308 was preloaded using link preload but not used within a few seconds from the window's load event. Please make sure it has an appropriate `as` value and it is preloaded intentionally. @ http://localhost:3000/dashboard:0
[ 2968935ms] [WARNING] The resource http://localhost:3000/_next/static/css/app/layout.css?v=1782855193439 was preloaded using link preload but not used within a few seconds from the window's load event. Please make sure it has an appropriate `as` value and it is preloaded intentionally. @ http://localhost:3000/dashboard:0
[ 2968935ms] [WARNING] The resource http://localhost:3000/_next/static/css/app/layout.css?v=1782855414341 was preloaded using link preload but not used within a few seconds from the window's load event. Please make sure it has an appropriate `as` value and it is preloaded intentionally. @ http://localhost:3000/dashboard:0
[ 2968935ms] [WARNING] The resource http://localhost:3000/_next/static/css/app/layout.css?v=1782855193150 was preloaded using link preload but not used within a few seconds from the window's load event. Please make sure it has an appropriate `as` value and it is preloaded intentionally. @ http://localhost:3000/dashboard:0
[ 2968935ms] [WARNING] The resource http://localhost:3000/_next/static/css/app/layout.css?v=1782855669941 was preloaded using link preload but not used within a few seconds from the window's load event. Please make sure it has an appropriate `as` value and it is preloaded intentionally. @ http://localhost:3000/dashboard:0
[ 2973946ms] [WARNING] The resource http://localhost:3000/_next/static/css/app/layout.css?v=1782855573308 was preloaded using link preload but not used within a few seconds from the window's load event. Please make sure it has an appropriate `as` value and it is preloaded intentionally. @ http://localhost:3000/dashboard:0
[ 2973946ms] [WARNING] The resource http://localhost:3000/_next/static/css/app/layout.css?v=1782855193439 was preloaded using link preload but not used within a few seconds from the window's load event. Please make sure it has an appropriate `as` value and it is preloaded intentionally. @ http://localhost:3000/dashboard:0
[ 2973946ms] [WARNING] The resource http://localhost:3000/_next/static/css/app/layout.css?v=1782855414341 was preloaded using link preload but not used within a few seconds from the window's load event. Please make sure it has an appropriate `as` value and it is preloaded intentionally. @ http://localhost:3000/dashboard:0
[ 2973946ms] [WARNING] The resource http://localhost:3000/_next/static/css/app/layout.css?v=1782855193150 was preloaded using link preload but not used within a few seconds from the window's load event. Please make sure it has an appropriate `as` value and it is preloaded intentionally. @ http://localhost:3000/dashboard:0
[ 2973946ms] [WARNING] The resource http://localhost:3000/_next/static/css/app/layout.css?v=1782855669941 was preloaded using link preload but not used within a few seconds from the window's load event. Please make sure it has an appropriate `as` value and it is preloaded intentionally. @ http://localhost:3000/dashboard:0
[ 2978948ms] [WARNING] The resource http://localhost:3000/_next/static/css/app/layout.css?v=1782855573308 was preloaded using link preload but not used within a few seconds from the window's load event. Please make sure it has an appropriate `as` value and it is preloaded intentionally. @ http://localhost:3000/dashboard:0
[ 2978948ms] [WARNING] The resource http://localhost:3000/_next/static/css/app/layout.css?v=1782855193439 was preloaded using link preload but not used within a few seconds from the window's load event. Please make sure it has an appropriate `as` value and it is preloaded intentionally. @ http://localhost:3000/dashboard:0
[ 2978948ms] [WARNING] The resource http://localhost:3000/_next/static/css/app/layout.css?v=1782855414341 was preloaded using link preload but not used within a few seconds from the window's load event. Please make sure it has an appropriate `as` value and it is preloaded intentionally. @ http://localhost:3000/dashboard:0
[ 2978948ms] [WARNING] The resource http://localhost:3000/_next/static/css/app/layout.css?v=1782855193150 was preloaded using link preload but not used within a few seconds from the window's load event. Please make sure it has an appropriate `as` value and it is preloaded intentionally. @ http://localhost:3000/dashboard:0
[ 2978948ms] [WARNING] The resource http://localhost:3000/_next/static/css/app/layout.css?v=1782855669941 was preloaded using link preload but not used within a few seconds from the window's load event. Please make sure it has an appropriate `as` value and it is preloaded intentionally. @ http://localhost:3000/dashboard:0
[ 2983954ms] [WARNING] The resource http://localhost:3000/_next/static/css/app/layout.css?v=1782855573308 was preloaded using link preload but not used within a few seconds from the window's load event. Please make sure it has an appropriate `as` value and it is preloaded intentionally. @ http://localhost:3000/dashboard:0
[ 2983954ms] [WARNING] The resource http://localhost:3000/_next/static/css/app/layout.css?v=1782855193439 was preloaded using link preload but not used within a few seconds from the window's load event. Please make sure it has an appropriate `as` value and it is preloaded intentionally. @ http://localhost:3000/dashboard:0
[ 2983954ms] [WARNING] The resource http://localhost:3000/_next/static/css/app/layout.css?v=1782855414341 was preloaded using link preload but not used within a few seconds from the window's load event. Please make sure it has an appropriate `as` value and it is preloaded intentionally. @ http://localhost:3000/dashboard:0
[ 2983954ms] [WARNING] The resource http://localhost:3000/_next/static/css/app/layout.css?v=1782855193150 was preloaded using link preload but not used within a few seconds from the window's load event. Please make sure it has an appropriate `as` value and it is preloaded intentionally. @ http://localhost:3000/dashboard:0
[ 2983954ms] [WARNING] The resource http://localhost:3000/_next/static/css/app/layout.css?v=1782855669941 was preloaded using link preload but not used within a few seconds from the window's load event. Please make sure it has an appropriate `as` value and it is preloaded intentionally. @ http://localhost:3000/dashboard:0
[ 2988952ms] [WARNING] The resource http://localhost:3000/_next/static/css/app/layout.css?v=1782855573308 was preloaded using link preload but not used within a few seconds from the window's load event. Please make sure it has an appropriate `as` value and it is preloaded intentionally. @ http://localhost:3000/dashboard:0
[ 2988952ms] [WARNING] The resource http://localhost:3000/_next/static/css/app/layout.css?v=1782855193439 was preloaded using link preload but not used within a few seconds from the window's load event. Please make sure it has an appropriate `as` value and it is preloaded intentionally. @ http://localhost:3000/dashboard:0
[ 2988952ms] [WARNING] The resource http://localhost:3000/_next/static/css/app/layout.css?v=1782855414341 was preloaded using link preload but not used within a few seconds from the window's load event. Please make sure it has an appropriate `as` value and it is preloaded intentionally. @ http://localhost:3000/dashboard:0
[ 2988952ms] [WARNING] The resource http://localhost:3000/_next/static/css/app/layout.css?v=1782855193150 was preloaded using link preload but not used within a few seconds from the window's load event. Please make sure it has an appropriate `as` value and it is preloaded intentionally. @ http://localhost:3000/dashboard:0
[ 2988952ms] [WARNING] The resource http://localhost:3000/_next/static/css/app/layout.css?v=1782855669941 was preloaded using link preload but not used within a few seconds from the window's load event. Please make sure it has an appropriate `as` value and it is preloaded intentionally. @ http://localhost:3000/dashboard:0
[ 2993953ms] [WARNING] The resource http://localhost:3000/_next/static/css/app/layout.css?v=1782855573308 was preloaded using link preload but not used within a few seconds from the window's load event. Please make sure it has an appropriate `as` value and it is preloaded intentionally. @ http://localhost:3000/dashboard:0
[ 2993953ms] [WARNING] The resource http://localhost:3000/_next/static/css/app/layout.css?v=1782855193439 was preloaded using link preload but not used within a few seconds from the window's load event. Please make sure it has an appropriate `as` value and it is preloaded intentionally. @ http://localhost:3000/dashboard:0
[ 2993953ms] [WARNING] The resource http://localhost:3000/_next/static/css/app/layout.css?v=1782855414341 was preloaded using link preload but not used within a few seconds from the window's load event. Please make sure it has an appropriate `as` value and it is preloaded intentionally. @ http://localhost:3000/dashboard:0
[ 2993953ms] [WARNING] The resource http://localhost:3000/_next/static/css/app/layout.css?v=1782855193150 was preloaded using link preload but not used within a few seconds from the window's load event. Please make sure it has an appropriate `as` value and it is preloaded intentionally. @ http://localhost:3000/dashboard:0
[ 2993953ms] [WARNING] The resource http://localhost:3000/_next/static/css/app/layout.css?v=1782855669941 was preloaded using link preload but not used within a few seconds from the window's load event. Please make sure it has an appropriate `as` value and it is preloaded intentionally. @ http://localhost:3000/dashboard:0
[ 2998939ms] [WARNING] The resource http://localhost:3000/_next/static/css/app/layout.css?v=1782855573308 was preloaded using link preload but not used within a few seconds from the window's load event. Please make sure it has an appropriate `as` value and it is preloaded intentionally. @ http://localhost:3000/dashboard:0
[ 2998939ms] [WARNING] The resource http://localhost:3000/_next/static/css/app/layout.css?v=1782855193439 was preloaded using link preload but not used within a few seconds from the window's load event. Please make sure it has an appropriate `as` value and it is preloaded intentionally. @ http://localhost:3000/dashboard:0
[ 2998939ms] [WARNING] The resource http://localhost:3000/_next/static/css/app/layout.css?v=1782855414341 was preloaded using link preload but not used within a few seconds from the window's load event. Please make sure it has an appropriate `as` value and it is preloaded intentionally. @ http://localhost:3000/dashboard:0
[ 2998939ms] [WARNING] The resource http://localhost:3000/_next/static/css/app/layout.css?v=1782855193150 was preloaded using link preload but not used within a few seconds from the window's load event. Please make sure it has an appropriate `as` value and it is preloaded intentionally. @ http://localhost:3000/dashboard:0
[ 2998939ms] [WARNING] The resource http://localhost:3000/_next/static/css/app/layout.css?v=1782855669941 was preloaded using link preload but not used within a few seconds from the window's load event. Please make sure it has an appropriate `as` value and it is preloaded intentionally. @ http://localhost:3000/dashboard:0
[ 3003951ms] [WARNING] The resource http://localhost:3000/_next/static/css/app/layout.css?v=1782855573308 was preloaded using link preload but not used within a few seconds from the window's load event. Please make sure it has an appropriate `as` value and it is preloaded intentionally. @ http://localhost:3000/dashboard:0
[ 3003951ms] [WARNING] The resource http://localhost:3000/_next/static/css/app/layout.css?v=1782855193439 was preloaded using link preload but not used within a few seconds from the window's load event. Please make sure it has an appropriate `as` value and it is preloaded intentionally. @ http://localhost:3000/dashboard:0
[ 3003951ms] [WARNING] The resource http://localhost:3000/_next/static/css/app/layout.css?v=1782855414341 was preloaded using link preload but not used within a few seconds from the window's load event. Please make sure it has an appropriate `as` value and it is preloaded intentionally. @ http://localhost:3000/dashboard:0
[ 3003951ms] [WARNING] The resource http://localhost:3000/_next/static/css/app/layout.css?v=1782855193150 was preloaded using link preload but not used within a few seconds from the window's load event. Please make sure it has an appropriate `as` value and it is preloaded intentionally. @ http://localhost:3000/dashboard:0
[ 3003951ms] [WARNING] The resource http://localhost:3000/_next/static/css/app/layout.css?v=1782855669941 was preloaded using link preload but not used within a few seconds from the window's load event. Please make sure it has an appropriate `as` value and it is preloaded intentionally. @ http://localhost:3000/dashboard:0
[ 3008948ms] [WARNING] The resource http://localhost:3000/_next/static/css/app/layout.css?v=1782855573308 was preloaded using link preload but not used within a few seconds from the window's load event. Please make sure it has an appropriate `as` value and it is preloaded intentionally. @ http://localhost:3000/dashboard:0
[ 3008948ms] [WARNING] The resource http://localhost:3000/_next/static/css/app/layout.css?v=1782855193439 was preloaded using link preload but not used within a few seconds from the window's load event. Please make sure it has an appropriate `as` value and it is preloaded intentionally. @ http://localhost:3000/dashboard:0
[ 3008948ms] [WARNING] The resource http://localhost:3000/_next/static/css/app/layout.css?v=1782855414341 was preloaded using link preload but not used within a few seconds from the window's load event. Please make sure it has an appropriate `as` value and it is preloaded intentionally. @ http://localhost:3000/dashboard:0
[ 3008948ms] [WARNING] The resource http://localhost:3000/_next/static/css/app/layout.css?v=1782855193150 was preloaded using link preload but not used within a few seconds from the window's load event. Please make sure it has an appropriate `as` value and it is preloaded intentionally. @ http://localhost:3000/dashboard:0
[ 3008948ms] [WARNING] The resource http://localhost:3000/_next/static/css/app/layout.css?v=1782855669941 was preloaded using link preload but not used within a few seconds from the window's load event. Please make sure it has an appropriate `as` value and it is preloaded intentionally. @ http://localhost:3000/dashboard:0
[ 3013934ms] [WARNING] The resource http://localhost:3000/_next/static/css/app/layout.css?v=1782855573308 was preloaded using link preload but not used within a few seconds from the window's load event. Please make sure it has an appropriate `as` value and it is preloaded intentionally. @ http://localhost:3000/dashboard:0
[ 3013934ms] [WARNING] The resource http://localhost:3000/_next/static/css/app/layout.css?v=1782855193439 was preloaded using link preload but not used within a few seconds from the window's load event. Please make sure it has an appropriate `as` value and it is preloaded intentionally. @ http://localhost:3000/dashboard:0
[ 3013934ms] [WARNING] The resource http://localhost:3000/_next/static/css/app/layout.css?v=1782855414341 was preloaded using link preload but not used within a few seconds from the window's load event. Please make sure it has an appropriate `as` value and it is preloaded intentionally. @ http://localhost:3000/dashboard:0
[ 3013934ms] [WARNING] The resource http://localhost:3000/_next/static/css/app/layout.css?v=1782855193150 was preloaded using link preload but not used within a few seconds from the window's load event. Please make sure it has an appropriate `as` value and it is preloaded intentionally. @ http://localhost:3000/dashboard:0
[ 3013935ms] [WARNING] The resource http://localhost:3000/_next/static/css/app/layout.css?v=1782855669941 was preloaded using link preload but not used within a few seconds from the window's load event. Please make sure it has an appropriate `as` value and it is preloaded intentionally. @ http://localhost:3000/dashboard:0
[ 3018938ms] [WARNING] The resource http://localhost:3000/_next/static/css/app/layout.css?v=1782855573308 was preloaded using link preload but not used within a few seconds from the window's load event. Please make sure it has an appropriate `as` value and it is preloaded intentionally. @ http://localhost:3000/dashboard:0
[ 3018938ms] [WARNING] The resource http://localhost:3000/_next/static/css/app/layout.css?v=1782855193439 was preloaded using link preload but not used within a few seconds from the window's load event. Please make sure it has an appropriate `as` value and it is preloaded intentionally. @ http://localhost:3000/dashboard:0
[ 3018938ms] [WARNING] The resource http://localhost:3000/_next/static/css/app/layout.css?v=1782855414341 was preloaded using link preload but not used within a few seconds from the window's load event. Please make sure it has an appropriate `as` value and it is preloaded intentionally. @ http://localhost:3000/dashboard:0
[ 3018938ms] [WARNING] The resource http://localhost:3000/_next/static/css/app/layout.css?v=1782855193150 was preloaded using link preload but not used within a few seconds from the window's load event. Please make sure it has an appropriate `as` value and it is preloaded intentionally. @ http://localhost:3000/dashboard:0
[ 3018938ms] [WARNING] The resource http://localhost:3000/_next/static/css/app/layout.css?v=1782855669941 was preloaded using link preload but not used within a few seconds from the window's load event. Please make sure it has an appropriate `as` value and it is preloaded intentionally. @ http://localhost:3000/dashboard:0
[ 3023936ms] [WARNING] The resource http://localhost:3000/_next/static/css/app/layout.css?v=1782855573308 was preloaded using link preload but not used within a few seconds from the window's load event. Please make sure it has an appropriate `as` value and it is preloaded intentionally. @ http://localhost:3000/dashboard:0
[ 3023936ms] [WARNING] The resource http://localhost:3000/_next/static/css/app/layout.css?v=1782855193439 was preloaded using link preload but not used within a few seconds from the window's load event. Please make sure it has an appropriate `as` value and it is preloaded intentionally. @ http://localhost:3000/dashboard:0
[ 3023936ms] [WARNING] The resource http://localhost:3000/_next/static/css/app/layout.css?v=1782855414341 was preloaded using link preload but not used within a few seconds from the window's load event. Please make sure it has an appropriate `as` value and it is preloaded intentionally. @ http://localhost:3000/dashboard:0
[ 3023936ms] [WARNING] The resource http://localhost:3000/_next/static/css/app/layout.css?v=1782855193150 was preloaded using link preload but not used within a few seconds from the window's load event. Please make sure it has an appropriate `as` value and it is preloaded intentionally. @ http://localhost:3000/dashboard:0
[ 3023936ms] [WARNING] The resource http://localhost:3000/_next/static/css/app/layout.css?v=1782855669941 was preloaded using link preload but not used within a few seconds from the window's load event. Please make sure it has an appropriate `as` value and it is preloaded intentionally. @ http://localhost:3000/dashboard:0
[ 3027886ms] [LOG] [Fast Refresh] rebuilding @ webpack-internal:///(app-pages-browser)/./node_modules/next/dist/client/dev/hot-reloader/app/hot-reloader-app.js:183
[ 3028103ms] [LOG] [Fast Refresh] done in 216ms @ webpack-internal:///(app-pages-browser)/./node_modules/next/dist/client/dev/report-hmr-latency.js:13
[ 3028174ms] [WARNING] The width(-1) and height(-1) of chart should be greater than 0,
       please check the style of container, or the props width(100%) and height(100%),
       or add a minWidth(0) or minHeight(undefined) or use aspect(undefined) to control the
       height and width. @ webpack-internal:///(app-pages-browser)/./node_modules/recharts/es6/util/LogUtils.js:18
[ 3028174ms] [WARNING] The width(-1) and height(-1) of chart should be greater than 0,
       please check the style of container, or the props width(100%) and height(100%),
       or add a minWidth(0) or minHeight(undefined) or use aspect(undefined) to control the
       height and width. @ webpack-internal:///(app-pages-browser)/./node_modules/recharts/es6/util/LogUtils.js:18
[ 3033946ms] [WARNING] The resource http://localhost:3000/_next/static/css/app/layout.css?v=1782855573308 was preloaded using link preload but not used within a few seconds from the window's load event. Please make sure it has an appropriate `as` value and it is preloaded intentionally. @ http://localhost:3000/dashboard:0
[ 3033946ms] [WARNING] The resource http://localhost:3000/_next/static/css/app/layout.css?v=1782855193439 was preloaded using link preload but not used within a few seconds from the window's load event. Please make sure it has an appropriate `as` value and it is preloaded intentionally. @ http://localhost:3000/dashboard:0
[ 3033946ms] [WARNING] The resource http://localhost:3000/_next/static/css/app/layout.css?v=1782855414341 was preloaded using link preload but not used within a few seconds from the window's load event. Please make sure it has an appropriate `as` value and it is preloaded intentionally. @ http://localhost:3000/dashboard:0
[ 3033946ms] [WARNING] The resource http://localhost:3000/_next/static/css/app/layout.css?v=1782855193150 was preloaded using link preload but not used within a few seconds from the window's load event. Please make sure it has an appropriate `as` value and it is preloaded intentionally. @ http://localhost:3000/dashboard:0
[ 3033946ms] [WARNING] The resource http://localhost:3000/_next/static/css/app/layout.css?v=1782855669941 was preloaded using link preload but not used within a few seconds from the window's load event. Please make sure it has an appropriate `as` value and it is preloaded intentionally. @ http://localhost:3000/dashboard:0
[ 3038934ms] [WARNING] The resource http://localhost:3000/_next/static/css/app/layout.css?v=1782855573308 was preloaded using link preload but not used within a few seconds from the window's load event. Please make sure it has an appropriate `as` value and it is preloaded intentionally. @ http://localhost:3000/dashboard:0
[ 3038934ms] [WARNING] The resource http://localhost:3000/_next/static/css/app/layout.css?v=1782855193439 was preloaded using link preload but not used within a few seconds from the window's load event. Please make sure it has an appropriate `as` value and it is preloaded intentionally. @ http://localhost:3000/dashboard:0
[ 3038934ms] [WARNING] The resource http://localhost:3000/_next/static/css/app/layout.css?v=1782855414341 was preloaded using link preload but not used within a few seconds from the window's load event. Please make sure it has an appropriate `as` value and it is preloaded intentionally. @ http://localhost:3000/dashboard:0
[ 3038934ms] [WARNING] The resource http://localhost:3000/_next/static/css/app/layout.css?v=1782855193150 was preloaded using link preload but not used within a few seconds from the window's load event. Please make sure it has an appropriate `as` value and it is preloaded intentionally. @ http://localhost:3000/dashboard:0
[ 3038934ms] [WARNING] The resource http://localhost:3000/_next/static/css/app/layout.css?v=1782855669941 was preloaded using link preload but not used within a few seconds from the window's load event. Please make sure it has an appropriate `as` value and it is preloaded intentionally. @ http://localhost:3000/dashboard:0
[ 3043952ms] [WARNING] The resource http://localhost:3000/_next/static/css/app/layout.css?v=1782855573308 was preloaded using link preload but not used within a few seconds from the window's load event. Please make sure it has an appropriate `as` value and it is preloaded intentionally. @ http://localhost:3000/dashboard:0
[ 3043952ms] [WARNING] The resource http://localhost:3000/_next/static/css/app/layout.css?v=1782855193439 was preloaded using link preload but not used within a few seconds from the window's load event. Please make sure it has an appropriate `as` value and it is preloaded intentionally. @ http://localhost:3000/dashboard:0
[ 3043952ms] [WARNING] The resource http://localhost:3000/_next/static/css/app/layout.css?v=1782855414341 was preloaded using link preload but not used within a few seconds from the window's load event. Please make sure it has an appropriate `as` value and it is preloaded intentionally. @ http://localhost:3000/dashboard:0
[ 3043952ms] [WARNING] The resource http://localhost:3000/_next/static/css/app/layout.css?v=1782855193150 was preloaded using link preload but not used within a few seconds from the window's load event. Please make sure it has an appropriate `as` value and it is preloaded intentionally. @ http://localhost:3000/dashboard:0
[ 3043952ms] [WARNING] The resource http://localhost:3000/_next/static/css/app/layout.css?v=1782855669941 was preloaded using link preload but not used within a few seconds from the window's load event. Please make sure it has an appropriate `as` value and it is preloaded intentionally. @ http://localhost:3000/dashboard:0
[ 3048937ms] [WARNING] The resource http://localhost:3000/_next/static/css/app/layout.css?v=1782855573308 was preloaded using link preload but not used within a few seconds from the window's load event. Please make sure it has an appropriate `as` value and it is preloaded intentionally. @ http://localhost:3000/dashboard:0
[ 3048937ms] [WARNING] The resource http://localhost:3000/_next/static/css/app/layout.css?v=1782855193439 was preloaded using link preload but not used within a few seconds from the window's load event. Please make sure it has an appropriate `as` value and it is preloaded intentionally. @ http://localhost:3000/dashboard:0
[ 3048937ms] [WARNING] The resource http://localhost:3000/_next/static/css/app/layout.css?v=1782855414341 was preloaded using link preload but not used within a few seconds from the window's load event. Please make sure it has an appropriate `as` value and it is preloaded intentionally. @ http://localhost:3000/dashboard:0
[ 3048937ms] [WARNING] The resource http://localhost:3000/_next/static/css/app/layout.css?v=1782855193150 was preloaded using link preload but not used within a few seconds from the window's load event. Please make sure it has an appropriate `as` value and it is preloaded intentionally. @ http://localhost:3000/dashboard:0
[ 3048937ms] [WARNING] The resource http://localhost:3000/_next/static/css/app/layout.css?v=1782855669941 was preloaded using link preload but not used within a few seconds from the window's load event. Please make sure it has an appropriate `as` value and it is preloaded intentionally. @ http://localhost:3000/dashboard:0
[ 3051629ms] [LOG] [Fast Refresh] rebuilding @ webpack-internal:///(app-pages-browser)/./node_modules/next/dist/client/dev/hot-reloader/app/hot-reloader-app.js:183
[ 3051783ms] [LOG] [Fast Refresh] done in 154ms @ webpack-internal:///(app-pages-browser)/./node_modules/next/dist/client/dev/report-hmr-latency.js:13
[ 3051839ms] [WARNING] The width(-1) and height(-1) of chart should be greater than 0,
       please check the style of container, or the props width(100%) and height(100%),
       or add a minWidth(0) or minHeight(undefined) or use aspect(undefined) to control the
       height and width. @ webpack-internal:///(app-pages-browser)/./node_modules/recharts/es6/util/LogUtils.js:18
[ 3051839ms] [WARNING] The width(-1) and height(-1) of chart should be greater than 0,
       please check the style of container, or the props width(100%) and height(100%),
       or add a minWidth(0) or minHeight(undefined) or use aspect(undefined) to control the
       height and width. @ webpack-internal:///(app-pages-browser)/./node_modules/recharts/es6/util/LogUtils.js:18
[ 3054929ms] [WARNING] The resource http://localhost:3000/_next/static/css/app/layout.css?v=1782855573308 was preloaded using link preload but not used within a few seconds from the window's load event. Please make sure it has an appropriate `as` value and it is preloaded intentionally. @ http://localhost:3000/dashboard:0
[ 3054929ms] [WARNING] The resource http://localhost:3000/_next/static/css/app/layout.css?v=1782855193439 was preloaded using link preload but not used within a few seconds from the window's load event. Please make sure it has an appropriate `as` value and it is preloaded intentionally. @ http://localhost:3000/dashboard:0
[ 3054929ms] [WARNING] The resource http://localhost:3000/_next/static/css/app/layout.css?v=1782855414341 was preloaded using link preload but not used within a few seconds from the window's load event. Please make sure it has an appropriate `as` value and it is preloaded intentionally. @ http://localhost:3000/dashboard:0
[ 3054929ms] [WARNING] The resource http://localhost:3000/_next/static/css/app/layout.css?v=1782855193150 was preloaded using link preload but not used within a few seconds from the window's load event. Please make sure it has an appropriate `as` value and it is preloaded intentionally. @ http://localhost:3000/dashboard:0
[ 3054929ms] [WARNING] The resource http://localhost:3000/_next/static/css/app/layout.css?v=1782855669941 was preloaded using link preload but not used within a few seconds from the window's load event. Please make sure it has an appropriate `as` value and it is preloaded intentionally. @ http://localhost:3000/dashboard:0
[ 3058947ms] [WARNING] The resource http://localhost:3000/_next/static/css/app/layout.css?v=1782855573308 was preloaded using link preload but not used within a few seconds from the window's load event. Please make sure it has an appropriate `as` value and it is preloaded intentionally. @ http://localhost:3000/dashboard:0
[ 3058947ms] [WARNING] The resource http://localhost:3000/_next/static/css/app/layout.css?v=1782855193439 was preloaded using link preload but not used within a few seconds from the window's load event. Please make sure it has an appropriate `as` value and it is preloaded intentionally. @ http://localhost:3000/dashboard:0
[ 3058947ms] [WARNING] The resource http://localhost:3000/_next/static/css/app/layout.css?v=1782855414341 was preloaded using link preload but not used within a few seconds from the window's load event. Please make sure it has an appropriate `as` value and it is preloaded intentionally. @ http://localhost:3000/dashboard:0
[ 3058947ms] [WARNING] The resource http://localhost:3000/_next/static/css/app/layout.css?v=1782855193150 was preloaded using link preload but not used within a few seconds from the window's load event. Please make sure it has an appropriate `as` value and it is preloaded intentionally. @ http://localhost:3000/dashboard:0
[ 3058947ms] [WARNING] The resource http://localhost:3000/_next/static/css/app/layout.css?v=1782855669941 was preloaded using link preload but not used within a few seconds from the window's load event. Please make sure it has an appropriate `as` value and it is preloaded intentionally. @ http://localhost:3000/dashboard:0
[ 3062555ms] [LOG] [Fast Refresh] rebuilding @ webpack-internal:///(app-pages-browser)/./node_modules/next/dist/client/dev/hot-reloader/app/hot-reloader-app.js:183
[ 3062701ms] [LOG] [Fast Refresh] done in 147ms @ webpack-internal:///(app-pages-browser)/./node_modules/next/dist/client/dev/report-hmr-latency.js:13
[ 3062760ms] [WARNING] The width(-1) and height(-1) of chart should be greater than 0,
       please check the style of container, or the props width(100%) and height(100%),
       or add a minWidth(0) or minHeight(undefined) or use aspect(undefined) to control the
       height and width. @ webpack-internal:///(app-pages-browser)/./node_modules/recharts/es6/util/LogUtils.js:18
[ 3062760ms] [WARNING] The width(-1) and height(-1) of chart should be greater than 0,
       please check the style of container, or the props width(100%) and height(100%),
       or add a minWidth(0) or minHeight(undefined) or use aspect(undefined) to control the
       height and width. @ webpack-internal:///(app-pages-browser)/./node_modules/recharts/es6/util/LogUtils.js:18
[ 3062861ms] [LOG] [Fast Refresh] rebuilding @ webpack-internal:///(app-pages-browser)/./node_modules/next/dist/client/dev/hot-reloader/app/hot-reloader-app.js:183
[ 3063001ms] [LOG] [Fast Refresh] rebuilding @ webpack-internal:///(app-pages-browser)/./node_modules/next/dist/client/dev/hot-reloader/app/hot-reloader-app.js:183
[ 3063012ms] [LOG] [Fast Refresh] done in 11ms @ webpack-internal:///(app-pages-browser)/./node_modules/next/dist/client/dev/report-hmr-latency.js:13
[ 3063184ms] [LOG] [Fast Refresh] done in 183ms @ webpack-internal:///(app-pages-browser)/./node_modules/next/dist/client/dev/report-hmr-latency.js:13
[ 3063241ms] [WARNING] The width(-1) and height(-1) of chart should be greater than 0,
       please check the style of container, or the props width(100%) and height(100%),
       or add a minWidth(0) or minHeight(undefined) or use aspect(undefined) to control the
       height and width. @ webpack-internal:///(app-pages-browser)/./node_modules/recharts/es6/util/LogUtils.js:18
[ 3063241ms] [WARNING] The width(-1) and height(-1) of chart should be greater than 0,
       please check the style of container, or the props width(100%) and height(100%),
       or add a minWidth(0) or minHeight(undefined) or use aspect(undefined) to control the
       height and width. @ webpack-internal:///(app-pages-browser)/./node_modules/recharts/es6/util/LogUtils.js:18
[ 3063283ms] [WARNING] The width(-1) and height(-1) of chart should be greater than 0,
       please check the style of container, or the props width(100%) and height(100%),
       or add a minWidth(0) or minHeight(undefined) or use aspect(undefined) to control the
       height and width. @ webpack-internal:///(app-pages-browser)/./node_modules/recharts/es6/util/LogUtils.js:18
[ 3063283ms] [WARNING] The width(-1) and height(-1) of chart should be greater than 0,
       please check the style of container, or the props width(100%) and height(100%),
       or add a minWidth(0) or minHeight(undefined) or use aspect(undefined) to control the
       height and width. @ webpack-internal:///(app-pages-browser)/./node_modules/recharts/es6/util/LogUtils.js:18
[ 3068960ms] [WARNING] The resource http://localhost:3000/_next/static/css/app/layout.css?v=1782855573308 was preloaded using link preload but not used within a few seconds from the window's load event. Please make sure it has an appropriate `as` value and it is preloaded intentionally. @ http://localhost:3000/dashboard:0
[ 3068960ms] [WARNING] The resource http://localhost:3000/_next/static/css/app/layout.css?v=1782855193439 was preloaded using link preload but not used within a few seconds from the window's load event. Please make sure it has an appropriate `as` value and it is preloaded intentionally. @ http://localhost:3000/dashboard:0
[ 3068960ms] [WARNING] The resource http://localhost:3000/_next/static/css/app/layout.css?v=1782855414341 was preloaded using link preload but not used within a few seconds from the window's load event. Please make sure it has an appropriate `as` value and it is preloaded intentionally. @ http://localhost:3000/dashboard:0
[ 3068960ms] [WARNING] The resource http://localhost:3000/_next/static/css/app/layout.css?v=1782855773671 was preloaded using link preload but not used within a few seconds from the window's load event. Please make sure it has an appropriate `as` value and it is preloaded intentionally. @ http://localhost:3000/dashboard:0
[ 3068960ms] [WARNING] The resource http://localhost:3000/_next/static/css/app/layout.css?v=1782855193150 was preloaded using link preload but not used within a few seconds from the window's load event. Please make sure it has an appropriate `as` value and it is preloaded intentionally. @ http://localhost:3000/dashboard:0
[ 3068960ms] [WARNING] The resource http://localhost:3000/_next/static/css/app/layout.css?v=1782855669941 was preloaded using link preload but not used within a few seconds from the window's load event. Please make sure it has an appropriate `as` value and it is preloaded intentionally. @ http://localhost:3000/dashboard:0
[ 3073937ms] [WARNING] The resource http://localhost:3000/_next/static/css/app/layout.css?v=1782855573308 was preloaded using link preload but not used within a few seconds from the window's load event. Please make sure it has an appropriate `as` value and it is preloaded intentionally. @ http://localhost:3000/dashboard:0
[ 3073937ms] [WARNING] The resource http://localhost:3000/_next/static/css/app/layout.css?v=1782855193439 was preloaded using link preload but not used within a few seconds from the window's load event. Please make sure it has an appropriate `as` value and it is preloaded intentionally. @ http://localhost:3000/dashboard:0
[ 3073937ms] [WARNING] The resource http://localhost:3000/_next/static/css/app/layout.css?v=1782855414341 was preloaded using link preload but not used within a few seconds from the window's load event. Please make sure it has an appropriate `as` value and it is preloaded intentionally. @ http://localhost:3000/dashboard:0
[ 3073937ms] [WARNING] The resource http://localhost:3000/_next/static/css/app/layout.css?v=1782855773671 was preloaded using link preload but not used within a few seconds from the window's load event. Please make sure it has an appropriate `as` value and it is preloaded intentionally. @ http://localhost:3000/dashboard:0
[ 3073937ms] [WARNING] The resource http://localhost:3000/_next/static/css/app/layout.css?v=1782855193150 was preloaded using link preload but not used within a few seconds from the window's load event. Please make sure it has an appropriate `as` value and it is preloaded intentionally. @ http://localhost:3000/dashboard:0
[ 3073937ms] [WARNING] The resource http://localhost:3000/_next/static/css/app/layout.css?v=1782855669941 was preloaded using link preload but not used within a few seconds from the window's load event. Please make sure it has an appropriate `as` value and it is preloaded intentionally. @ http://localhost:3000/dashboard:0
[ 3078942ms] [WARNING] The resource http://localhost:3000/_next/static/css/app/layout.css?v=1782855573308 was preloaded using link preload but not used within a few seconds from the window's load event. Please make sure it has an appropriate `as` value and it is preloaded intentionally. @ http://localhost:3000/dashboard:0
[ 3078942ms] [WARNING] The resource http://localhost:3000/_next/static/css/app/layout.css?v=1782855193439 was preloaded using link preload but not used within a few seconds from the window's load event. Please make sure it has an appropriate `as` value and it is preloaded intentionally. @ http://localhost:3000/dashboard:0
[ 3078942ms] [WARNING] The resource http://localhost:3000/_next/static/css/app/layout.css?v=1782855414341 was preloaded using link preload but not used within a few seconds from the window's load event. Please make sure it has an appropriate `as` value and it is preloaded intentionally. @ http://localhost:3000/dashboard:0
[ 3078942ms] [WARNING] The resource http://localhost:3000/_next/static/css/app/layout.css?v=1782855773671 was preloaded using link preload but not used within a few seconds from the window's load event. Please make sure it has an appropriate `as` value and it is preloaded intentionally. @ http://localhost:3000/dashboard:0
[ 3078942ms] [WARNING] The resource http://localhost:3000/_next/static/css/app/layout.css?v=1782855193150 was preloaded using link preload but not used within a few seconds from the window's load event. Please make sure it has an appropriate `as` value and it is preloaded intentionally. @ http://localhost:3000/dashboard:0
[ 3078942ms] [WARNING] The resource http://localhost:3000/_next/static/css/app/layout.css?v=1782855669941 was preloaded using link preload but not used within a few seconds from the window's load event. Please make sure it has an appropriate `as` value and it is preloaded intentionally. @ http://localhost:3000/dashboard:0
[ 3083943ms] [WARNING] The resource http://localhost:3000/_next/static/css/app/layout.css?v=1782855573308 was preloaded using link preload but not used within a few seconds from the window's load event. Please make sure it has an appropriate `as` value and it is preloaded intentionally. @ http://localhost:3000/dashboard:0
[ 3083943ms] [WARNING] The resource http://localhost:3000/_next/static/css/app/layout.css?v=1782855193439 was preloaded using link preload but not used within a few seconds from the window's load event. Please make sure it has an appropriate `as` value and it is preloaded intentionally. @ http://localhost:3000/dashboard:0
[ 3083943ms] [WARNING] The resource http://localhost:3000/_next/static/css/app/layout.css?v=1782855414341 was preloaded using link preload but not used within a few seconds from the window's load event. Please make sure it has an appropriate `as` value and it is preloaded intentionally. @ http://localhost:3000/dashboard:0
[ 3083943ms] [WARNING] The resource http://localhost:3000/_next/static/css/app/layout.css?v=1782855773671 was preloaded using link preload but not used within a few seconds from the window's load event. Please make sure it has an appropriate `as` value and it is preloaded intentionally. @ http://localhost:3000/dashboard:0
[ 3083943ms] [WARNING] The resource http://localhost:3000/_next/static/css/app/layout.css?v=1782855193150 was preloaded using link preload but not used within a few seconds from the window's load event. Please make sure it has an appropriate `as` value and it is preloaded intentionally. @ http://localhost:3000/dashboard:0
[ 3083943ms] [WARNING] The resource http://localhost:3000/_next/static/css/app/layout.css?v=1782855669941 was preloaded using link preload but not used within a few seconds from the window's load event. Please make sure it has an appropriate `as` value and it is preloaded intentionally. @ http://localhost:3000/dashboard:0
[ 3088949ms] [WARNING] The resource http://localhost:3000/_next/static/css/app/layout.css?v=1782855573308 was preloaded using link preload but not used within a few seconds from the window's load event. Please make sure it has an appropriate `as` value and it is preloaded intentionally. @ http://localhost:3000/dashboard:0
[ 3088949ms] [WARNING] The resource http://localhost:3000/_next/static/css/app/layout.css?v=1782855193439 was preloaded using link preload but not used within a few seconds from the window's load event. Please make sure it has an appropriate `as` value and it is preloaded intentionally. @ http://localhost:3000/dashboard:0
[ 3088949ms] [WARNING] The resource http://localhost:3000/_next/static/css/app/layout.css?v=1782855414341 was preloaded using link preload but not used within a few seconds from the window's load event. Please make sure it has an appropriate `as` value and it is preloaded intentionally. @ http://localhost:3000/dashboard:0
[ 3088949ms] [WARNING] The resource http://localhost:3000/_next/static/css/app/layout.css?v=1782855773671 was preloaded using link preload but not used within a few seconds from the window's load event. Please make sure it has an appropriate `as` value and it is preloaded intentionally. @ http://localhost:3000/dashboard:0
[ 3088949ms] [WARNING] The resource http://localhost:3000/_next/static/css/app/layout.css?v=1782855193150 was preloaded using link preload but not used within a few seconds from the window's load event. Please make sure it has an appropriate `as` value and it is preloaded intentionally. @ http://localhost:3000/dashboard:0
[ 3088949ms] [WARNING] The resource http://localhost:3000/_next/static/css/app/layout.css?v=1782855669941 was preloaded using link preload but not used within a few seconds from the window's load event. Please make sure it has an appropriate `as` value and it is preloaded intentionally. @ http://localhost:3000/dashboard:0
[ 3093940ms] [WARNING] The resource http://localhost:3000/_next/static/css/app/layout.css?v=1782855573308 was preloaded using link preload but not used within a few seconds from the window's load event. Please make sure it has an appropriate `as` value and it is preloaded intentionally. @ http://localhost:3000/dashboard:0
[ 3093940ms] [WARNING] The resource http://localhost:3000/_next/static/css/app/layout.css?v=1782855193439 was preloaded using link preload but not used within a few seconds from the window's load event. Please make sure it has an appropriate `as` value and it is preloaded intentionally. @ http://localhost:3000/dashboard:0
[ 3093940ms] [WARNING] The resource http://localhost:3000/_next/static/css/app/layout.css?v=1782855414341 was preloaded using link preload but not used within a few seconds from the window's load event. Please make sure it has an appropriate `as` value and it is preloaded intentionally. @ http://localhost:3000/dashboard:0
[ 3093940ms] [WARNING] The resource http://localhost:3000/_next/static/css/app/layout.css?v=1782855773671 was preloaded using link preload but not used within a few seconds from the window's load event. Please make sure it has an appropriate `as` value and it is preloaded intentionally. @ http://localhost:3000/dashboard:0
[ 3093940ms] [WARNING] The resource http://localhost:3000/_next/static/css/app/layout.css?v=1782855193150 was preloaded using link preload but not used within a few seconds from the window's load event. Please make sure it has an appropriate `as` value and it is preloaded intentionally. @ http://localhost:3000/dashboard:0
[ 3093940ms] [WARNING] The resource http://localhost:3000/_next/static/css/app/layout.css?v=1782855669941 was preloaded using link preload but not used within a few seconds from the window's load event. Please make sure it has an appropriate `as` value and it is preloaded intentionally. @ http://localhost:3000/dashboard:0
[ 3098949ms] [WARNING] The resource http://localhost:3000/_next/static/css/app/layout.css?v=1782855573308 was preloaded using link preload but not used within a few seconds from the window's load event. Please make sure it has an appropriate `as` value and it is preloaded intentionally. @ http://localhost:3000/dashboard:0
[ 3098949ms] [WARNING] The resource http://localhost:3000/_next/static/css/app/layout.css?v=1782855193439 was preloaded using link preload but not used within a few seconds from the window's load event. Please make sure it has an appropriate `as` value and it is preloaded intentionally. @ http://localhost:3000/dashboard:0
[ 3098949ms] [WARNING] The resource http://localhost:3000/_next/static/css/app/layout.css?v=1782855414341 was preloaded using link preload but not used within a few seconds from the window's load event. Please make sure it has an appropriate `as` value and it is preloaded intentionally. @ http://localhost:3000/dashboard:0
[ 3098949ms] [WARNING] The resource http://localhost:3000/_next/static/css/app/layout.css?v=1782855773671 was preloaded using link preload but not used within a few seconds from the window's load event. Please make sure it has an appropriate `as` value and it is preloaded intentionally. @ http://localhost:3000/dashboard:0
[ 3098949ms] [WARNING] The resource http://localhost:3000/_next/static/css/app/layout.css?v=1782855193150 was preloaded using link preload but not used within a few seconds from the window's load event. Please make sure it has an appropriate `as` value and it is preloaded intentionally. @ http://localhost:3000/dashboard:0
[ 3098949ms] [WARNING] The resource http://localhost:3000/_next/static/css/app/layout.css?v=1782855669941 was preloaded using link preload but not used within a few seconds from the window's load event. Please make sure it has an appropriate `as` value and it is preloaded intentionally. @ http://localhost:3000/dashboard:0
[ 3103950ms] [WARNING] The resource http://localhost:3000/_next/static/css/app/layout.css?v=1782855573308 was preloaded using link preload but not used within a few seconds from the window's load event. Please make sure it has an appropriate `as` value and it is preloaded intentionally. @ http://localhost:3000/dashboard:0
[ 3103950ms] [WARNING] The resource http://localhost:3000/_next/static/css/app/layout.css?v=1782855193439 was preloaded using link preload but not used within a few seconds from the window's load event. Please make sure it has an appropriate `as` value and it is preloaded intentionally. @ http://localhost:3000/dashboard:0
[ 3103950ms] [WARNING] The resource http://localhost:3000/_next/static/css/app/layout.css?v=1782855414341 was preloaded using link preload but not used within a few seconds from the window's load event. Please make sure it has an appropriate `as` value and it is preloaded intentionally. @ http://localhost:3000/dashboard:0
[ 3103950ms] [WARNING] The resource http://localhost:3000/_next/static/css/app/layout.css?v=1782855773671 was preloaded using link preload but not used within a few seconds from the window's load event. Please make sure it has an appropriate `as` value and it is preloaded intentionally. @ http://localhost:3000/dashboard:0
[ 3103950ms] [WARNING] The resource http://localhost:3000/_next/static/css/app/layout.css?v=1782855193150 was preloaded using link preload but not used within a few seconds from the window's load event. Please make sure it has an appropriate `as` value and it is preloaded intentionally. @ http://localhost:3000/dashboard:0
[ 3103950ms] [WARNING] The resource http://localhost:3000/_next/static/css/app/layout.css?v=1782855669941 was preloaded using link preload but not used within a few seconds from the window's load event. Please make sure it has an appropriate `as` value and it is preloaded intentionally. @ http://localhost:3000/dashboard:0
[ 3108954ms] [WARNING] The resource http://localhost:3000/_next/static/css/app/layout.css?v=1782855573308 was preloaded using link preload but not used within a few seconds from the window's load event. Please make sure it has an appropriate `as` value and it is preloaded intentionally. @ http://localhost:3000/dashboard:0
[ 3108954ms] [WARNING] The resource http://localhost:3000/_next/static/css/app/layout.css?v=1782855193439 was preloaded using link preload but not used within a few seconds from the window's load event. Please make sure it has an appropriate `as` value and it is preloaded intentionally. @ http://localhost:3000/dashboard:0
[ 3108954ms] [WARNING] The resource http://localhost:3000/_next/static/css/app/layout.css?v=1782855414341 was preloaded using link preload but not used within a few seconds from the window's load event. Please make sure it has an appropriate `as` value and it is preloaded intentionally. @ http://localhost:3000/dashboard:0
[ 3108954ms] [WARNING] The resource http://localhost:3000/_next/static/css/app/layout.css?v=1782855773671 was preloaded using link preload but not used within a few seconds from the window's load event. Please make sure it has an appropriate `as` value and it is preloaded intentionally. @ http://localhost:3000/dashboard:0
[ 3108954ms] [WARNING] The resource http://localhost:3000/_next/static/css/app/layout.css?v=1782855193150 was preloaded using link preload but not used within a few seconds from the window's load event. Please make sure it has an appropriate `as` value and it is preloaded intentionally. @ http://localhost:3000/dashboard:0
[ 3108954ms] [WARNING] The resource http://localhost:3000/_next/static/css/app/layout.css?v=1782855669941 was preloaded using link preload but not used within a few seconds from the window's load event. Please make sure it has an appropriate `as` value and it is preloaded intentionally. @ http://localhost:3000/dashboard:0
[ 3113936ms] [WARNING] The resource http://localhost:3000/_next/static/css/app/layout.css?v=1782855573308 was preloaded using link preload but not used within a few seconds from the window's load event. Please make sure it has an appropriate `as` value and it is preloaded intentionally. @ http://localhost:3000/dashboard:0
[ 3113936ms] [WARNING] The resource http://localhost:3000/_next/static/css/app/layout.css?v=1782855193439 was preloaded using link preload but not used within a few seconds from the window's load event. Please make sure it has an appropriate `as` value and it is preloaded intentionally. @ http://localhost:3000/dashboard:0
[ 3113936ms] [WARNING] The resource http://localhost:3000/_next/static/css/app/layout.css?v=1782855414341 was preloaded using link preload but not used within a few seconds from the window's load event. Please make sure it has an appropriate `as` value and it is preloaded intentionally. @ http://localhost:3000/dashboard:0
[ 3113936ms] [WARNING] The resource http://localhost:3000/_next/static/css/app/layout.css?v=1782855773671 was preloaded using link preload but not used within a few seconds from the window's load event. Please make sure it has an appropriate `as` value and it is preloaded intentionally. @ http://localhost:3000/dashboard:0
[ 3113936ms] [WARNING] The resource http://localhost:3000/_next/static/css/app/layout.css?v=1782855193150 was preloaded using link preload but not used within a few seconds from the window's load event. Please make sure it has an appropriate `as` value and it is preloaded intentionally. @ http://localhost:3000/dashboard:0
[ 3113936ms] [WARNING] The resource http://localhost:3000/_next/static/css/app/layout.css?v=1782855669941 was preloaded using link preload but not used within a few seconds from the window's load event. Please make sure it has an appropriate `as` value and it is preloaded intentionally. @ http://localhost:3000/dashboard:0
[ 3118945ms] [WARNING] The resource http://localhost:3000/_next/static/css/app/layout.css?v=1782855573308 was preloaded using link preload but not used within a few seconds from the window's load event. Please make sure it has an appropriate `as` value and it is preloaded intentionally. @ http://localhost:3000/dashboard:0
[ 3118945ms] [WARNING] The resource http://localhost:3000/_next/static/css/app/layout.css?v=1782855193439 was preloaded using link preload but not used within a few seconds from the window's load event. Please make sure it has an appropriate `as` value and it is preloaded intentionally. @ http://localhost:3000/dashboard:0
[ 3118945ms] [WARNING] The resource http://localhost:3000/_next/static/css/app/layout.css?v=1782855414341 was preloaded using link preload but not used within a few seconds from the window's load event. Please make sure it has an appropriate `as` value and it is preloaded intentionally. @ http://localhost:3000/dashboard:0
[ 3118945ms] [WARNING] The resource http://localhost:3000/_next/static/css/app/layout.css?v=1782855773671 was preloaded using link preload but not used within a few seconds from the window's load event. Please make sure it has an appropriate `as` value and it is preloaded intentionally. @ http://localhost:3000/dashboard:0
[ 3118945ms] [WARNING] The resource http://localhost:3000/_next/static/css/app/layout.css?v=1782855193150 was preloaded using link preload but not used within a few seconds from the window's load event. Please make sure it has an appropriate `as` value and it is preloaded intentionally. @ http://localhost:3000/dashboard:0
[ 3118945ms] [WARNING] The resource http://localhost:3000/_next/static/css/app/layout.css?v=1782855669941 was preloaded using link preload but not used within a few seconds from the window's load event. Please make sure it has an appropriate `as` value and it is preloaded intentionally. @ http://localhost:3000/dashboard:0
[ 3123942ms] [WARNING] The resource http://localhost:3000/_next/static/css/app/layout.css?v=1782855573308 was preloaded using link preload but not used within a few seconds from the window's load event. Please make sure it has an appropriate `as` value and it is preloaded intentionally. @ http://localhost:3000/dashboard:0
[ 3123942ms] [WARNING] The resource http://localhost:3000/_next/static/css/app/layout.css?v=1782855193439 was preloaded using link preload but not used within a few seconds from the window's load event. Please make sure it has an appropriate `as` value and it is preloaded intentionally. @ http://localhost:3000/dashboard:0
[ 3123942ms] [WARNING] The resource http://localhost:3000/_next/static/css/app/layout.css?v=1782855414341 was preloaded using link preload but not used within a few seconds from the window's load event. Please make sure it has an appropriate `as` value and it is preloaded intentionally. @ http://localhost:3000/dashboard:0
[ 3123942ms] [WARNING] The resource http://localhost:3000/_next/static/css/app/layout.css?v=1782855773671 was preloaded using link preload but not used within a few seconds from the window's load event. Please make sure it has an appropriate `as` value and it is preloaded intentionally. @ http://localhost:3000/dashboard:0
[ 3123942ms] [WARNING] The resource http://localhost:3000/_next/static/css/app/layout.css?v=1782855193150 was preloaded using link preload but not used within a few seconds from the window's load event. Please make sure it has an appropriate `as` value and it is preloaded intentionally. @ http://localhost:3000/dashboard:0
[ 3123942ms] [WARNING] The resource http://localhost:3000/_next/static/css/app/layout.css?v=1782855669941 was preloaded using link preload but not used within a few seconds from the window's load event. Please make sure it has an appropriate `as` value and it is preloaded intentionally. @ http://localhost:3000/dashboard:0
[ 3128940ms] [WARNING] The resource http://localhost:3000/_next/static/css/app/layout.css?v=1782855573308 was preloaded using link preload but not used within a few seconds from the window's load event. Please make sure it has an appropriate `as` value and it is preloaded intentionally. @ http://localhost:3000/dashboard:0
[ 3128940ms] [WARNING] The resource http://localhost:3000/_next/static/css/app/layout.css?v=1782855193439 was preloaded using link preload but not used within a few seconds from the window's load event. Please make sure it has an appropriate `as` value and it is preloaded intentionally. @ http://localhost:3000/dashboard:0
[ 3128940ms] [WARNING] The resource http://localhost:3000/_next/static/css/app/layout.css?v=1782855414341 was preloaded using link preload but not used within a few seconds from the window's load event. Please make sure it has an appropriate `as` value and it is preloaded intentionally. @ http://localhost:3000/dashboard:0
[ 3128940ms] [WARNING] The resource http://localhost:3000/_next/static/css/app/layout.css?v=1782855773671 was preloaded using link preload but not used within a few seconds from the window's load event. Please make sure it has an appropriate `as` value and it is preloaded intentionally. @ http://localhost:3000/dashboard:0
[ 3128940ms] [WARNING] The resource http://localhost:3000/_next/static/css/app/layout.css?v=1782855193150 was preloaded using link preload but not used within a few seconds from the window's load event. Please make sure it has an appropriate `as` value and it is preloaded intentionally. @ http://localhost:3000/dashboard:0
[ 3128940ms] [WARNING] The resource http://localhost:3000/_next/static/css/app/layout.css?v=1782855669941 was preloaded using link preload but not used within a few seconds from the window's load event. Please make sure it has an appropriate `as` value and it is preloaded intentionally. @ http://localhost:3000/dashboard:0
[ 3133938ms] [WARNING] The resource http://localhost:3000/_next/static/css/app/layout.css?v=1782855573308 was preloaded using link preload but not used within a few seconds from the window's load event. Please make sure it has an appropriate `as` value and it is preloaded intentionally. @ http://localhost:3000/dashboard:0
[ 3133938ms] [WARNING] The resource http://localhost:3000/_next/static/css/app/layout.css?v=1782855193439 was preloaded using link preload but not used within a few seconds from the window's load event. Please make sure it has an appropriate `as` value and it is preloaded intentionally. @ http://localhost:3000/dashboard:0
[ 3133938ms] [WARNING] The resource http://localhost:3000/_next/static/css/app/layout.css?v=1782855414341 was preloaded using link preload but not used within a few seconds from the window's load event. Please make sure it has an appropriate `as` value and it is preloaded intentionally. @ http://localhost:3000/dashboard:0
[ 3133938ms] [WARNING] The resource http://localhost:3000/_next/static/css/app/layout.css?v=1782855773671 was preloaded using link preload but not used within a few seconds from the window's load event. Please make sure it has an appropriate `as` value and it is preloaded intentionally. @ http://localhost:3000/dashboard:0
[ 3133938ms] [WARNING] The resource http://localhost:3000/_next/static/css/app/layout.css?v=1782855193150 was preloaded using link preload but not used within a few seconds from the window's load event. Please make sure it has an appropriate `as` value and it is preloaded intentionally. @ http://localhost:3000/dashboard:0
[ 3133938ms] [WARNING] The resource http://localhost:3000/_next/static/css/app/layout.css?v=1782855669941 was preloaded using link preload but not used within a few seconds from the window's load event. Please make sure it has an appropriate `as` value and it is preloaded intentionally. @ http://localhost:3000/dashboard:0
[ 3138938ms] [WARNING] The resource http://localhost:3000/_next/static/css/app/layout.css?v=1782855573308 was preloaded using link preload but not used within a few seconds from the window's load event. Please make sure it has an appropriate `as` value and it is preloaded intentionally. @ http://localhost:3000/dashboard:0
[ 3138938ms] [WARNING] The resource http://localhost:3000/_next/static/css/app/layout.css?v=1782855193439 was preloaded using link preload but not used within a few seconds from the window's load event. Please make sure it has an appropriate `as` value and it is preloaded intentionally. @ http://localhost:3000/dashboard:0
[ 3138938ms] [WARNING] The resource http://localhost:3000/_next/static/css/app/layout.css?v=1782855414341 was preloaded using link preload but not used within a few seconds from the window's load event. Please make sure it has an appropriate `as` value and it is preloaded intentionally. @ http://localhost:3000/dashboard:0
[ 3138938ms] [WARNING] The resource http://localhost:3000/_next/static/css/app/layout.css?v=1782855773671 was preloaded using link preload but not used within a few seconds from the window's load event. Please make sure it has an appropriate `as` value and it is preloaded intentionally. @ http://localhost:3000/dashboard:0
[ 3138938ms] [WARNING] The resource http://localhost:3000/_next/static/css/app/layout.css?v=1782855193150 was preloaded using link preload but not used within a few seconds from the window's load event. Please make sure it has an appropriate `as` value and it is preloaded intentionally. @ http://localhost:3000/dashboard:0
[ 3138938ms] [WARNING] The resource http://localhost:3000/_next/static/css/app/layout.css?v=1782855669941 was preloaded using link preload but not used within a few seconds from the window's load event. Please make sure it has an appropriate `as` value and it is preloaded intentionally. @ http://localhost:3000/dashboard:0
[ 3143951ms] [WARNING] The resource http://localhost:3000/_next/static/css/app/layout.css?v=1782855573308 was preloaded using link preload but not used within a few seconds from the window's load event. Please make sure it has an appropriate `as` value and it is preloaded intentionally. @ http://localhost:3000/dashboard:0
[ 3143952ms] [WARNING] The resource http://localhost:3000/_next/static/css/app/layout.css?v=1782855193439 was preloaded using link preload but not used within a few seconds from the window's load event. Please make sure it has an appropriate `as` value and it is preloaded intentionally. @ http://localhost:3000/dashboard:0
[ 3143952ms] [WARNING] The resource http://localhost:3000/_next/static/css/app/layout.css?v=1782855414341 was preloaded using link preload but not used within a few seconds from the window's load event. Please make sure it has an appropriate `as` value and it is preloaded intentionally. @ http://localhost:3000/dashboard:0
[ 3143952ms] [WARNING] The resource http://localhost:3000/_next/static/css/app/layout.css?v=1782855773671 was preloaded using link preload but not used within a few seconds from the window's load event. Please make sure it has an appropriate `as` value and it is preloaded intentionally. @ http://localhost:3000/dashboard:0
[ 3143952ms] [WARNING] The resource http://localhost:3000/_next/static/css/app/layout.css?v=1782855193150 was preloaded using link preload but not used within a few seconds from the window's load event. Please make sure it has an appropriate `as` value and it is preloaded intentionally. @ http://localhost:3000/dashboard:0
[ 3143952ms] [WARNING] The resource http://localhost:3000/_next/static/css/app/layout.css?v=1782855669941 was preloaded using link preload but not used within a few seconds from the window's load event. Please make sure it has an appropriate `as` value and it is preloaded intentionally. @ http://localhost:3000/dashboard:0
[ 3145126ms] [LOG] [Fast Refresh] rebuilding @ webpack-internal:///(app-pages-browser)/./node_modules/next/dist/client/dev/hot-reloader/app/hot-reloader-app.js:183
[ 3145334ms] [LOG] [Fast Refresh] done in 208ms @ webpack-internal:///(app-pages-browser)/./node_modules/next/dist/client/dev/report-hmr-latency.js:13
[ 3145410ms] [WARNING] The width(-1) and height(-1) of chart should be greater than 0,
       please check the style of container, or the props width(100%) and height(100%),
       or add a minWidth(0) or minHeight(undefined) or use aspect(undefined) to control the
       height and width. @ webpack-internal:///(app-pages-browser)/./node_modules/recharts/es6/util/LogUtils.js:18
[ 3145410ms] [WARNING] The width(-1) and height(-1) of chart should be greater than 0,
       please check the style of container, or the props width(100%) and height(100%),
       or add a minWidth(0) or minHeight(undefined) or use aspect(undefined) to control the
       height and width. @ webpack-internal:///(app-pages-browser)/./node_modules/recharts/es6/util/LogUtils.js:18
[ 3148938ms] [WARNING] The resource http://localhost:3000/_next/static/css/app/layout.css?v=1782855193439 was preloaded using link preload but not used within a few seconds from the window's load event. Please make sure it has an appropriate `as` value and it is preloaded intentionally. @ http://localhost:3000/dashboard:0
[ 3148938ms] [WARNING] The resource http://localhost:3000/_next/static/css/app/layout.css?v=1782855414341 was preloaded using link preload but not used within a few seconds from the window's load event. Please make sure it has an appropriate `as` value and it is preloaded intentionally. @ http://localhost:3000/dashboard:0
[ 3148938ms] [WARNING] The resource http://localhost:3000/_next/static/css/app/layout.css?v=1782855773671 was preloaded using link preload but not used within a few seconds from the window's load event. Please make sure it has an appropriate `as` value and it is preloaded intentionally. @ http://localhost:3000/dashboard:0
[ 3148938ms] [WARNING] The resource http://localhost:3000/_next/static/css/app/layout.css?v=1782855669941 was preloaded using link preload but not used within a few seconds from the window's load event. Please make sure it has an appropriate `as` value and it is preloaded intentionally. @ http://localhost:3000/dashboard:0
[ 3148938ms] [WARNING] The resource http://localhost:3000/_next/static/css/app/layout.css?v=1782855573308 was preloaded using link preload but not used within a few seconds from the window's load event. Please make sure it has an appropriate `as` value and it is preloaded intentionally. @ http://localhost:3000/dashboard:0
[ 3148938ms] [WARNING] The resource http://localhost:3000/_next/static/css/app/layout.css?v=1782855193150 was preloaded using link preload but not used within a few seconds from the window's load event. Please make sure it has an appropriate `as` value and it is preloaded intentionally. @ http://localhost:3000/dashboard:0
[ 3153938ms] [WARNING] The resource http://localhost:3000/_next/static/css/app/layout.css?v=1782855193439 was preloaded using link preload but not used within a few seconds from the window's load event. Please make sure it has an appropriate `as` value and it is preloaded intentionally. @ http://localhost:3000/dashboard:0
[ 3153938ms] [WARNING] The resource http://localhost:3000/_next/static/css/app/layout.css?v=1782855414341 was preloaded using link preload but not used within a few seconds from the window's load event. Please make sure it has an appropriate `as` value and it is preloaded intentionally. @ http://localhost:3000/dashboard:0
[ 3153938ms] [WARNING] The resource http://localhost:3000/_next/static/css/app/layout.css?v=1782855773671 was preloaded using link preload but not used within a few seconds from the window's load event. Please make sure it has an appropriate `as` value and it is preloaded intentionally. @ http://localhost:3000/dashboard:0
[ 3153938ms] [WARNING] The resource http://localhost:3000/_next/static/css/app/layout.css?v=1782855669941 was preloaded using link preload but not used within a few seconds from the window's load event. Please make sure it has an appropriate `as` value and it is preloaded intentionally. @ http://localhost:3000/dashboard:0
[ 3153938ms] [WARNING] The resource http://localhost:3000/_next/static/css/app/layout.css?v=1782855573308 was preloaded using link preload but not used within a few seconds from the window's load event. Please make sure it has an appropriate `as` value and it is preloaded intentionally. @ http://localhost:3000/dashboard:0
[ 3153938ms] [WARNING] The resource http://localhost:3000/_next/static/css/app/layout.css?v=1782855193150 was preloaded using link preload but not used within a few seconds from the window's load event. Please make sure it has an appropriate `as` value and it is preloaded intentionally. @ http://localhost:3000/dashboard:0
[ 3158944ms] [WARNING] The resource http://localhost:3000/_next/static/css/app/layout.css?v=1782855193439 was preloaded using link preload but not used within a few seconds from the window's load event. Please make sure it has an appropriate `as` value and it is preloaded intentionally. @ http://localhost:3000/dashboard:0
[ 3158944ms] [WARNING] The resource http://localhost:3000/_next/static/css/app/layout.css?v=1782855414341 was preloaded using link preload but not used within a few seconds from the window's load event. Please make sure it has an appropriate `as` value and it is preloaded intentionally. @ http://localhost:3000/dashboard:0
[ 3158944ms] [WARNING] The resource http://localhost:3000/_next/static/css/app/layout.css?v=1782855773671 was preloaded using link preload but not used within a few seconds from the window's load event. Please make sure it has an appropriate `as` value and it is preloaded intentionally. @ http://localhost:3000/dashboard:0
[ 3158944ms] [WARNING] The resource http://localhost:3000/_next/static/css/app/layout.css?v=1782855669941 was preloaded using link preload but not used within a few seconds from the window's load event. Please make sure it has an appropriate `as` value and it is preloaded intentionally. @ http://localhost:3000/dashboard:0
[ 3158944ms] [WARNING] The resource http://localhost:3000/_next/static/css/app/layout.css?v=1782855573308 was preloaded using link preload but not used within a few seconds from the window's load event. Please make sure it has an appropriate `as` value and it is preloaded intentionally. @ http://localhost:3000/dashboard:0
[ 3158944ms] [WARNING] The resource http://localhost:3000/_next/static/css/app/layout.css?v=1782855193150 was preloaded using link preload but not used within a few seconds from the window's load event. Please make sure it has an appropriate `as` value and it is preloaded intentionally. @ http://localhost:3000/dashboard:0
[ 3161656ms] [LOG] [Fast Refresh] rebuilding @ webpack-internal:///(app-pages-browser)/./node_modules/next/dist/client/dev/hot-reloader/app/hot-reloader-app.js:183
[ 3161799ms] [LOG] [Fast Refresh] done in 144ms @ webpack-internal:///(app-pages-browser)/./node_modules/next/dist/client/dev/report-hmr-latency.js:13
[ 3161859ms] [WARNING] The width(-1) and height(-1) of chart should be greater than 0,
       please check the style of container, or the props width(100%) and height(100%),
       or add a minWidth(0) or minHeight(undefined) or use aspect(undefined) to control the
       height and width. @ webpack-internal:///(app-pages-browser)/./node_modules/recharts/es6/util/LogUtils.js:18
[ 3161859ms] [WARNING] The width(-1) and height(-1) of chart should be greater than 0,
       please check the style of container, or the props width(100%) and height(100%),
       or add a minWidth(0) or minHeight(undefined) or use aspect(undefined) to control the
       height and width. @ webpack-internal:///(app-pages-browser)/./node_modules/recharts/es6/util/LogUtils.js:18
[ 3164954ms] [WARNING] The resource http://localhost:3000/_next/static/css/app/layout.css?v=1782855193439 was preloaded using link preload but not used within a few seconds from the window's load event. Please make sure it has an appropriate `as` value and it is preloaded intentionally. @ http://localhost:3000/dashboard:0
[ 3164954ms] [WARNING] The resource http://localhost:3000/_next/static/css/app/layout.css?v=1782855414341 was preloaded using link preload but not used within a few seconds from the window's load event. Please make sure it has an appropriate `as` value and it is preloaded intentionally. @ http://localhost:3000/dashboard:0
[ 3164954ms] [WARNING] The resource http://localhost:3000/_next/static/css/app/layout.css?v=1782855773671 was preloaded using link preload but not used within a few seconds from the window's load event. Please make sure it has an appropriate `as` value and it is preloaded intentionally. @ http://localhost:3000/dashboard:0
[ 3164954ms] [WARNING] The resource http://localhost:3000/_next/static/css/app/layout.css?v=1782855669941 was preloaded using link preload but not used within a few seconds from the window's load event. Please make sure it has an appropriate `as` value and it is preloaded intentionally. @ http://localhost:3000/dashboard:0
[ 3164955ms] [WARNING] The resource http://localhost:3000/_next/static/css/app/layout.css?v=1782855573308 was preloaded using link preload but not used within a few seconds from the window's load event. Please make sure it has an appropriate `as` value and it is preloaded intentionally. @ http://localhost:3000/dashboard:0
[ 3164955ms] [WARNING] The resource http://localhost:3000/_next/static/css/app/layout.css?v=1782855193150 was preloaded using link preload but not used within a few seconds from the window's load event. Please make sure it has an appropriate `as` value and it is preloaded intentionally. @ http://localhost:3000/dashboard:0
[ 3168937ms] [WARNING] The resource http://localhost:3000/_next/static/css/app/layout.css?v=1782855193439 was preloaded using link preload but not used within a few seconds from the window's load event. Please make sure it has an appropriate `as` value and it is preloaded intentionally. @ http://localhost:3000/dashboard:0
[ 3168937ms] [WARNING] The resource http://localhost:3000/_next/static/css/app/layout.css?v=1782855414341 was preloaded using link preload but not used within a few seconds from the window's load event. Please make sure it has an appropriate `as` value and it is preloaded intentionally. @ http://localhost:3000/dashboard:0
[ 3168937ms] [WARNING] The resource http://localhost:3000/_next/static/css/app/layout.css?v=1782855773671 was preloaded using link preload but not used within a few seconds from the window's load event. Please make sure it has an appropriate `as` value and it is preloaded intentionally. @ http://localhost:3000/dashboard:0
[ 3168937ms] [WARNING] The resource http://localhost:3000/_next/static/css/app/layout.css?v=1782855669941 was preloaded using link preload but not used within a few seconds from the window's load event. Please make sure it has an appropriate `as` value and it is preloaded intentionally. @ http://localhost:3000/dashboard:0
[ 3168937ms] [WARNING] The resource http://localhost:3000/_next/static/css/app/layout.css?v=1782855573308 was preloaded using link preload but not used within a few seconds from the window's load event. Please make sure it has an appropriate `as` value and it is preloaded intentionally. @ http://localhost:3000/dashboard:0
[ 3168937ms] [WARNING] The resource http://localhost:3000/_next/static/css/app/layout.css?v=1782855193150 was preloaded using link preload but not used within a few seconds from the window's load event. Please make sure it has an appropriate `as` value and it is preloaded intentionally. @ http://localhost:3000/dashboard:0
[ 3169833ms] [LOG] [Fast Refresh] rebuilding @ webpack-internal:///(app-pages-browser)/./node_modules/next/dist/client/dev/hot-reloader/app/hot-reloader-app.js:183
[ 3169967ms] [LOG] [Fast Refresh] rebuilding @ webpack-internal:///(app-pages-browser)/./node_modules/next/dist/client/dev/hot-reloader/app/hot-reloader-app.js:183
[ 3169979ms] [LOG] [Fast Refresh] done in 11ms @ webpack-internal:///(app-pages-browser)/./node_modules/next/dist/client/dev/report-hmr-latency.js:13
[ 3170136ms] [LOG] [Fast Refresh] done in 169ms @ webpack-internal:///(app-pages-browser)/./node_modules/next/dist/client/dev/report-hmr-latency.js:13
[ 3170197ms] [WARNING] The width(-1) and height(-1) of chart should be greater than 0,
       please check the style of container, or the props width(100%) and height(100%),
       or add a minWidth(0) or minHeight(undefined) or use aspect(undefined) to control the
       height and width. @ webpack-internal:///(app-pages-browser)/./node_modules/recharts/es6/util/LogUtils.js:18
[ 3170198ms] [WARNING] The width(-1) and height(-1) of chart should be greater than 0,
       please check the style of container, or the props width(100%) and height(100%),
       or add a minWidth(0) or minHeight(undefined) or use aspect(undefined) to control the
       height and width. @ webpack-internal:///(app-pages-browser)/./node_modules/recharts/es6/util/LogUtils.js:18
[ 3173939ms] [WARNING] The resource http://localhost:3000/_next/static/css/app/layout.css?v=1782855880636 was preloaded using link preload but not used within a few seconds from the window's load event. Please make sure it has an appropriate `as` value and it is preloaded intentionally. @ http://localhost:3000/dashboard:0
[ 3173939ms] [WARNING] The resource http://localhost:3000/_next/static/css/app/layout.css?v=1782855193439 was preloaded using link preload but not used within a few seconds from the window's load event. Please make sure it has an appropriate `as` value and it is preloaded intentionally. @ http://localhost:3000/dashboard:0
[ 3173939ms] [WARNING] The resource http://localhost:3000/_next/static/css/app/layout.css?v=1782855414341 was preloaded using link preload but not used within a few seconds from the window's load event. Please make sure it has an appropriate `as` value and it is preloaded intentionally. @ http://localhost:3000/dashboard:0
[ 3173939ms] [WARNING] The resource http://localhost:3000/_next/static/css/app/layout.css?v=1782855773671 was preloaded using link preload but not used within a few seconds from the window's load event. Please make sure it has an appropriate `as` value and it is preloaded intentionally. @ http://localhost:3000/dashboard:0
[ 3173939ms] [WARNING] The resource http://localhost:3000/_next/static/css/app/layout.css?v=1782855669941 was preloaded using link preload but not used within a few seconds from the window's load event. Please make sure it has an appropriate `as` value and it is preloaded intentionally. @ http://localhost:3000/dashboard:0
[ 3173939ms] [WARNING] The resource http://localhost:3000/_next/static/css/app/layout.css?v=1782855573308 was preloaded using link preload but not used within a few seconds from the window's load event. Please make sure it has an appropriate `as` value and it is preloaded intentionally. @ http://localhost:3000/dashboard:0
[ 3173939ms] [WARNING] The resource http://localhost:3000/_next/static/css/app/layout.css?v=1782855193150 was preloaded using link preload but not used within a few seconds from the window's load event. Please make sure it has an appropriate `as` value and it is preloaded intentionally. @ http://localhost:3000/dashboard:0
[ 3178936ms] [WARNING] The resource http://localhost:3000/_next/static/css/app/layout.css?v=1782855880636 was preloaded using link preload but not used within a few seconds from the window's load event. Please make sure it has an appropriate `as` value and it is preloaded intentionally. @ http://localhost:3000/dashboard:0
[ 3178936ms] [WARNING] The resource http://localhost:3000/_next/static/css/app/layout.css?v=1782855193439 was preloaded using link preload but not used within a few seconds from the window's load event. Please make sure it has an appropriate `as` value and it is preloaded intentionally. @ http://localhost:3000/dashboard:0
[ 3178936ms] [WARNING] The resource http://localhost:3000/_next/static/css/app/layout.css?v=1782855414341 was preloaded using link preload but not used within a few seconds from the window's load event. Please make sure it has an appropriate `as` value and it is preloaded intentionally. @ http://localhost:3000/dashboard:0
[ 3178936ms] [WARNING] The resource http://localhost:3000/_next/static/css/app/layout.css?v=1782855773671 was preloaded using link preload but not used within a few seconds from the window's load event. Please make sure it has an appropriate `as` value and it is preloaded intentionally. @ http://localhost:3000/dashboard:0
[ 3178936ms] [WARNING] The resource http://localhost:3000/_next/static/css/app/layout.css?v=1782855669941 was preloaded using link preload but not used within a few seconds from the window's load event. Please make sure it has an appropriate `as` value and it is preloaded intentionally. @ http://localhost:3000/dashboard:0
[ 3178936ms] [WARNING] The resource http://localhost:3000/_next/static/css/app/layout.css?v=1782855573308 was preloaded using link preload but not used within a few seconds from the window's load event. Please make sure it has an appropriate `as` value and it is preloaded intentionally. @ http://localhost:3000/dashboard:0
[ 3178936ms] [WARNING] The resource http://localhost:3000/_next/static/css/app/layout.css?v=1782855193150 was preloaded using link preload but not used within a few seconds from the window's load event. Please make sure it has an appropriate `as` value and it is preloaded intentionally. @ http://localhost:3000/dashboard:0
[ 3183953ms] [WARNING] The resource http://localhost:3000/_next/static/css/app/layout.css?v=1782855880636 was preloaded using link preload but not used within a few seconds from the window's load event. Please make sure it has an appropriate `as` value and it is preloaded intentionally. @ http://localhost:3000/dashboard:0
[ 3183954ms] [WARNING] The resource http://localhost:3000/_next/static/css/app/layout.css?v=1782855193439 was preloaded using link preload but not used within a few seconds from the window's load event. Please make sure it has an appropriate `as` value and it is preloaded intentionally. @ http://localhost:3000/dashboard:0
[ 3183954ms] [WARNING] The resource http://localhost:3000/_next/static/css/app/layout.css?v=1782855414341 was preloaded using link preload but not used within a few seconds from the window's load event. Please make sure it has an appropriate `as` value and it is preloaded intentionally. @ http://localhost:3000/dashboard:0
[ 3183954ms] [WARNING] The resource http://localhost:3000/_next/static/css/app/layout.css?v=1782855773671 was preloaded using link preload but not used within a few seconds from the window's load event. Please make sure it has an appropriate `as` value and it is preloaded intentionally. @ http://localhost:3000/dashboard:0
[ 3183954ms] [WARNING] The resource http://localhost:3000/_next/static/css/app/layout.css?v=1782855669941 was preloaded using link preload but not used within a few seconds from the window's load event. Please make sure it has an appropriate `as` value and it is preloaded intentionally. @ http://localhost:3000/dashboard:0
[ 3183954ms] [WARNING] The resource http://localhost:3000/_next/static/css/app/layout.css?v=1782855573308 was preloaded using link preload but not used within a few seconds from the window's load event. Please make sure it has an appropriate `as` value and it is preloaded intentionally. @ http://localhost:3000/dashboard:0
[ 3183954ms] [WARNING] The resource http://localhost:3000/_next/static/css/app/layout.css?v=1782855193150 was preloaded using link preload but not used within a few seconds from the window's load event. Please make sure it has an appropriate `as` value and it is preloaded intentionally. @ http://localhost:3000/dashboard:0
[ 3188947ms] [WARNING] The resource http://localhost:3000/_next/static/css/app/layout.css?v=1782855880636 was preloaded using link preload but not used within a few seconds from the window's load event. Please make sure it has an appropriate `as` value and it is preloaded intentionally. @ http://localhost:3000/dashboard:0
[ 3188947ms] [WARNING] The resource http://localhost:3000/_next/static/css/app/layout.css?v=1782855193439 was preloaded using link preload but not used within a few seconds from the window's load event. Please make sure it has an appropriate `as` value and it is preloaded intentionally. @ http://localhost:3000/dashboard:0
[ 3188947ms] [WARNING] The resource http://localhost:3000/_next/static/css/app/layout.css?v=1782855414341 was preloaded using link preload but not used within a few seconds from the window's load event. Please make sure it has an appropriate `as` value and it is preloaded intentionally. @ http://localhost:3000/dashboard:0
[ 3188947ms] [WARNING] The resource http://localhost:3000/_next/static/css/app/layout.css?v=1782855773671 was preloaded using link preload but not used within a few seconds from the window's load event. Please make sure it has an appropriate `as` value and it is preloaded intentionally. @ http://localhost:3000/dashboard:0
[ 3188947ms] [WARNING] The resource http://localhost:3000/_next/static/css/app/layout.css?v=1782855669941 was preloaded using link preload but not used within a few seconds from the window's load event. Please make sure it has an appropriate `as` value and it is preloaded intentionally. @ http://localhost:3000/dashboard:0
[ 3188947ms] [WARNING] The resource http://localhost:3000/_next/static/css/app/layout.css?v=1782855573308 was preloaded using link preload but not used within a few seconds from the window's load event. Please make sure it has an appropriate `as` value and it is preloaded intentionally. @ http://localhost:3000/dashboard:0
[ 3188947ms] [WARNING] The resource http://localhost:3000/_next/static/css/app/layout.css?v=1782855193150 was preloaded using link preload but not used within a few seconds from the window's load event. Please make sure it has an appropriate `as` value and it is preloaded intentionally. @ http://localhost:3000/dashboard:0
[ 3191796ms] [LOG] [Fast Refresh] rebuilding @ webpack-internal:///(app-pages-browser)/./node_modules/next/dist/client/dev/hot-reloader/app/hot-reloader-app.js:183
[ 3191934ms] [LOG] [Fast Refresh] done in 139ms @ webpack-internal:///(app-pages-browser)/./node_modules/next/dist/client/dev/report-hmr-latency.js:13
[ 3191989ms] [WARNING] The width(-1) and height(-1) of chart should be greater than 0,
       please check the style of container, or the props width(100%) and height(100%),
       or add a minWidth(0) or minHeight(undefined) or use aspect(undefined) to control the
       height and width. @ webpack-internal:///(app-pages-browser)/./node_modules/recharts/es6/util/LogUtils.js:18
[ 3191989ms] [WARNING] The width(-1) and height(-1) of chart should be greater than 0,
       please check the style of container, or the props width(100%) and height(100%),
       or add a minWidth(0) or minHeight(undefined) or use aspect(undefined) to control the
       height and width. @ webpack-internal:///(app-pages-browser)/./node_modules/recharts/es6/util/LogUtils.js:18
[ 3195066ms] [WARNING] The resource http://localhost:3000/_next/static/css/app/layout.css?v=1782855880636 was preloaded using link preload but not used within a few seconds from the window's load event. Please make sure it has an appropriate `as` value and it is preloaded intentionally. @ http://localhost:3000/dashboard:0
[ 3195066ms] [WARNING] The resource http://localhost:3000/_next/static/css/app/layout.css?v=1782855193439 was preloaded using link preload but not used within a few seconds from the window's load event. Please make sure it has an appropriate `as` value and it is preloaded intentionally. @ http://localhost:3000/dashboard:0
[ 3195066ms] [WARNING] The resource http://localhost:3000/_next/static/css/app/layout.css?v=1782855414341 was preloaded using link preload but not used within a few seconds from the window's load event. Please make sure it has an appropriate `as` value and it is preloaded intentionally. @ http://localhost:3000/dashboard:0
[ 3195066ms] [WARNING] The resource http://localhost:3000/_next/static/css/app/layout.css?v=1782855773671 was preloaded using link preload but not used within a few seconds from the window's load event. Please make sure it has an appropriate `as` value and it is preloaded intentionally. @ http://localhost:3000/dashboard:0
[ 3195066ms] [WARNING] The resource http://localhost:3000/_next/static/css/app/layout.css?v=1782855669941 was preloaded using link preload but not used within a few seconds from the window's load event. Please make sure it has an appropriate `as` value and it is preloaded intentionally. @ http://localhost:3000/dashboard:0
[ 3195066ms] [WARNING] The resource http://localhost:3000/_next/static/css/app/layout.css?v=1782855573308 was preloaded using link preload but not used within a few seconds from the window's load event. Please make sure it has an appropriate `as` value and it is preloaded intentionally. @ http://localhost:3000/dashboard:0
[ 3195066ms] [WARNING] The resource http://localhost:3000/_next/static/css/app/layout.css?v=1782855193150 was preloaded using link preload but not used within a few seconds from the window's load event. Please make sure it has an appropriate `as` value and it is preloaded intentionally. @ http://localhost:3000/dashboard:0
[ 3198940ms] [WARNING] The resource http://localhost:3000/_next/static/css/app/layout.css?v=1782855880636 was preloaded using link preload but not used within a few seconds from the window's load event. Please make sure it has an appropriate `as` value and it is preloaded intentionally. @ http://localhost:3000/dashboard:0
[ 3198940ms] [WARNING] The resource http://localhost:3000/_next/static/css/app/layout.css?v=1782855193439 was preloaded using link preload but not used within a few seconds from the window's load event. Please make sure it has an appropriate `as` value and it is preloaded intentionally. @ http://localhost:3000/dashboard:0
[ 3198940ms] [WARNING] The resource http://localhost:3000/_next/static/css/app/layout.css?v=1782855414341 was preloaded using link preload but not used within a few seconds from the window's load event. Please make sure it has an appropriate `as` value and it is preloaded intentionally. @ http://localhost:3000/dashboard:0
[ 3198940ms] [WARNING] The resource http://localhost:3000/_next/static/css/app/layout.css?v=1782855773671 was preloaded using link preload but not used within a few seconds from the window's load event. Please make sure it has an appropriate `as` value and it is preloaded intentionally. @ http://localhost:3000/dashboard:0
[ 3198940ms] [WARNING] The resource http://localhost:3000/_next/static/css/app/layout.css?v=1782855669941 was preloaded using link preload but not used within a few seconds from the window's load event. Please make sure it has an appropriate `as` value and it is preloaded intentionally. @ http://localhost:3000/dashboard:0
[ 3198940ms] [WARNING] The resource http://localhost:3000/_next/static/css/app/layout.css?v=1782855573308 was preloaded using link preload but not used within a few seconds from the window's load event. Please make sure it has an appropriate `as` value and it is preloaded intentionally. @ http://localhost:3000/dashboard:0
[ 3198940ms] [WARNING] The resource http://localhost:3000/_next/static/css/app/layout.css?v=1782855193150 was preloaded using link preload but not used within a few seconds from the window's load event. Please make sure it has an appropriate `as` value and it is preloaded intentionally. @ http://localhost:3000/dashboard:0
[ 3199474ms] [LOG] [Fast Refresh] rebuilding @ webpack-internal:///(app-pages-browser)/./node_modules/next/dist/client/dev/hot-reloader/app/hot-reloader-app.js:183
[ 3199623ms] [LOG] [Fast Refresh] done in 149ms @ webpack-internal:///(app-pages-browser)/./node_modules/next/dist/client/dev/report-hmr-latency.js:13
[ 3199687ms] [WARNING] The width(-1) and height(-1) of chart should be greater than 0,
       please check the style of container, or the props width(100%) and height(100%),
       or add a minWidth(0) or minHeight(undefined) or use aspect(undefined) to control the
       height and width. @ webpack-internal:///(app-pages-browser)/./node_modules/recharts/es6/util/LogUtils.js:18
[ 3199688ms] [WARNING] The width(-1) and height(-1) of chart should be greater than 0,
       please check the style of container, or the props width(100%) and height(100%),
       or add a minWidth(0) or minHeight(undefined) or use aspect(undefined) to control the
       height and width. @ webpack-internal:///(app-pages-browser)/./node_modules/recharts/es6/util/LogUtils.js:18
[ 3199691ms] [LOG] [Fast Refresh] rebuilding @ webpack-internal:///(app-pages-browser)/./node_modules/next/dist/client/dev/hot-reloader/app/hot-reloader-app.js:183
[ 3199832ms] [LOG] [Fast Refresh] rebuilding @ webpack-internal:///(app-pages-browser)/./node_modules/next/dist/client/dev/hot-reloader/app/hot-reloader-app.js:183
[ 3199843ms] [LOG] [Fast Refresh] done in 12ms @ webpack-internal:///(app-pages-browser)/./node_modules/next/dist/client/dev/report-hmr-latency.js:13
[ 3200028ms] [LOG] [Fast Refresh] done in 196ms @ webpack-internal:///(app-pages-browser)/./node_modules/next/dist/client/dev/report-hmr-latency.js:13
[ 3200102ms] [WARNING] The width(-1) and height(-1) of chart should be greater than 0,
       please check the style of container, or the props width(100%) and height(100%),
       or add a minWidth(0) or minHeight(undefined) or use aspect(undefined) to control the
       height and width. @ webpack-internal:///(app-pages-browser)/./node_modules/recharts/es6/util/LogUtils.js:18
[ 3200102ms] [WARNING] The width(-1) and height(-1) of chart should be greater than 0,
       please check the style of container, or the props width(100%) and height(100%),
       or add a minWidth(0) or minHeight(undefined) or use aspect(undefined) to control the
       height and width. @ webpack-internal:///(app-pages-browser)/./node_modules/recharts/es6/util/LogUtils.js:18
[ 3203946ms] [WARNING] The resource http://localhost:3000/_next/static/css/app/layout.css?v=1782855880636 was preloaded using link preload but not used within a few seconds from the window's load event. Please make sure it has an appropriate `as` value and it is preloaded intentionally. @ http://localhost:3000/dashboard:0
[ 3203946ms] [WARNING] The resource http://localhost:3000/_next/static/css/app/layout.css?v=1782855193439 was preloaded using link preload but not used within a few seconds from the window's load event. Please make sure it has an appropriate `as` value and it is preloaded intentionally. @ http://localhost:3000/dashboard:0
[ 3203946ms] [WARNING] The resource http://localhost:3000/_next/static/css/app/layout.css?v=1782855414341 was preloaded using link preload but not used within a few seconds from the window's load event. Please make sure it has an appropriate `as` value and it is preloaded intentionally. @ http://localhost:3000/dashboard:0
[ 3203946ms] [WARNING] The resource http://localhost:3000/_next/static/css/app/layout.css?v=1782855773671 was preloaded using link preload but not used within a few seconds from the window's load event. Please make sure it has an appropriate `as` value and it is preloaded intentionally. @ http://localhost:3000/dashboard:0
[ 3203946ms] [WARNING] The resource http://localhost:3000/_next/static/css/app/layout.css?v=1782855669941 was preloaded using link preload but not used within a few seconds from the window's load event. Please make sure it has an appropriate `as` value and it is preloaded intentionally. @ http://localhost:3000/dashboard:0
[ 3203946ms] [WARNING] The resource http://localhost:3000/_next/static/css/app/layout.css?v=1782855573308 was preloaded using link preload but not used within a few seconds from the window's load event. Please make sure it has an appropriate `as` value and it is preloaded intentionally. @ http://localhost:3000/dashboard:0
[ 3203946ms] [WARNING] The resource http://localhost:3000/_next/static/css/app/layout.css?v=1782855910503 was preloaded using link preload but not used within a few seconds from the window's load event. Please make sure it has an appropriate `as` value and it is preloaded intentionally. @ http://localhost:3000/dashboard:0
[ 3203946ms] [WARNING] The resource http://localhost:3000/_next/static/css/app/layout.css?v=1782855193150 was preloaded using link preload but not used within a few seconds from the window's load event. Please make sure it has an appropriate `as` value and it is preloaded intentionally. @ http://localhost:3000/dashboard:0
[ 3208935ms] [WARNING] The resource http://localhost:3000/_next/static/css/app/layout.css?v=1782855880636 was preloaded using link preload but not used within a few seconds from the window's load event. Please make sure it has an appropriate `as` value and it is preloaded intentionally. @ http://localhost:3000/dashboard:0
[ 3208935ms] [WARNING] The resource http://localhost:3000/_next/static/css/app/layout.css?v=1782855193439 was preloaded using link preload but not used within a few seconds from the window's load event. Please make sure it has an appropriate `as` value and it is preloaded intentionally. @ http://localhost:3000/dashboard:0
[ 3208935ms] [WARNING] The resource http://localhost:3000/_next/static/css/app/layout.css?v=1782855414341 was preloaded using link preload but not used within a few seconds from the window's load event. Please make sure it has an appropriate `as` value and it is preloaded intentionally. @ http://localhost:3000/dashboard:0
[ 3208935ms] [WARNING] The resource http://localhost:3000/_next/static/css/app/layout.css?v=1782855773671 was preloaded using link preload but not used within a few seconds from the window's load event. Please make sure it has an appropriate `as` value and it is preloaded intentionally. @ http://localhost:3000/dashboard:0
[ 3208935ms] [WARNING] The resource http://localhost:3000/_next/static/css/app/layout.css?v=1782855669941 was preloaded using link preload but not used within a few seconds from the window's load event. Please make sure it has an appropriate `as` value and it is preloaded intentionally. @ http://localhost:3000/dashboard:0
[ 3208935ms] [WARNING] The resource http://localhost:3000/_next/static/css/app/layout.css?v=1782855573308 was preloaded using link preload but not used within a few seconds from the window's load event. Please make sure it has an appropriate `as` value and it is preloaded intentionally. @ http://localhost:3000/dashboard:0
[ 3208935ms] [WARNING] The resource http://localhost:3000/_next/static/css/app/layout.css?v=1782855910503 was preloaded using link preload but not used within a few seconds from the window's load event. Please make sure it has an appropriate `as` value and it is preloaded intentionally. @ http://localhost:3000/dashboard:0
[ 3208935ms] [WARNING] The resource http://localhost:3000/_next/static/css/app/layout.css?v=1782855193150 was preloaded using link preload but not used within a few seconds from the window's load event. Please make sure it has an appropriate `as` value and it is preloaded intentionally. @ http://localhost:3000/dashboard:0
[ 3213948ms] [WARNING] The resource http://localhost:3000/_next/static/css/app/layout.css?v=1782855880636 was preloaded using link preload but not used within a few seconds from the window's load event. Please make sure it has an appropriate `as` value and it is preloaded intentionally. @ http://localhost:3000/dashboard:0
[ 3213948ms] [WARNING] The resource http://localhost:3000/_next/static/css/app/layout.css?v=1782855193439 was preloaded using link preload but not used within a few seconds from the window's load event. Please make sure it has an appropriate `as` value and it is preloaded intentionally. @ http://localhost:3000/dashboard:0
[ 3213948ms] [WARNING] The resource http://localhost:3000/_next/static/css/app/layout.css?v=1782855414341 was preloaded using link preload but not used within a few seconds from the window's load event. Please make sure it has an appropriate `as` value and it is preloaded intentionally. @ http://localhost:3000/dashboard:0
[ 3213948ms] [WARNING] The resource http://localhost:3000/_next/static/css/app/layout.css?v=1782855773671 was preloaded using link preload but not used within a few seconds from the window's load event. Please make sure it has an appropriate `as` value and it is preloaded intentionally. @ http://localhost:3000/dashboard:0
[ 3213948ms] [WARNING] The resource http://localhost:3000/_next/static/css/app/layout.css?v=1782855669941 was preloaded using link preload but not used within a few seconds from the window's load event. Please make sure it has an appropriate `as` value and it is preloaded intentionally. @ http://localhost:3000/dashboard:0
[ 3213948ms] [WARNING] The resource http://localhost:3000/_next/static/css/app/layout.css?v=1782855573308 was preloaded using link preload but not used within a few seconds from the window's load event. Please make sure it has an appropriate `as` value and it is preloaded intentionally. @ http://localhost:3000/dashboard:0
[ 3213948ms] [WARNING] The resource http://localhost:3000/_next/static/css/app/layout.css?v=1782855910503 was preloaded using link preload but not used within a few seconds from the window's load event. Please make sure it has an appropriate `as` value and it is preloaded intentionally. @ http://localhost:3000/dashboard:0
[ 3213948ms] [WARNING] The resource http://localhost:3000/_next/static/css/app/layout.css?v=1782855193150 was preloaded using link preload but not used within a few seconds from the window's load event. Please make sure it has an appropriate `as` value and it is preloaded intentionally. @ http://localhost:3000/dashboard:0
[ 3218945ms] [WARNING] The resource http://localhost:3000/_next/static/css/app/layout.css?v=1782855880636 was preloaded using link preload but not used within a few seconds from the window's load event. Please make sure it has an appropriate `as` value and it is preloaded intentionally. @ http://localhost:3000/dashboard:0
[ 3218945ms] [WARNING] The resource http://localhost:3000/_next/static/css/app/layout.css?v=1782855193439 was preloaded using link preload but not used within a few seconds from the window's load event. Please make sure it has an appropriate `as` value and it is preloaded intentionally. @ http://localhost:3000/dashboard:0
[ 3218945ms] [WARNING] The resource http://localhost:3000/_next/static/css/app/layout.css?v=1782855414341 was preloaded using link preload but not used within a few seconds from the window's load event. Please make sure it has an appropriate `as` value and it is preloaded intentionally. @ http://localhost:3000/dashboard:0
[ 3218945ms] [WARNING] The resource http://localhost:3000/_next/static/css/app/layout.css?v=1782855773671 was preloaded using link preload but not used within a few seconds from the window's load event. Please make sure it has an appropriate `as` value and it is preloaded intentionally. @ http://localhost:3000/dashboard:0
[ 3218945ms] [WARNING] The resource http://localhost:3000/_next/static/css/app/layout.css?v=1782855669941 was preloaded using link preload but not used within a few seconds from the window's load event. Please make sure it has an appropriate `as` value and it is preloaded intentionally. @ http://localhost:3000/dashboard:0
[ 3218945ms] [WARNING] The resource http://localhost:3000/_next/static/css/app/layout.css?v=1782855573308 was preloaded using link preload but not used within a few seconds from the window's load event. Please make sure it has an appropriate `as` value and it is preloaded intentionally. @ http://localhost:3000/dashboard:0
[ 3218945ms] [WARNING] The resource http://localhost:3000/_next/static/css/app/layout.css?v=1782855910503 was preloaded using link preload but not used within a few seconds from the window's load event. Please make sure it has an appropriate `as` value and it is preloaded intentionally. @ http://localhost:3000/dashboard:0
[ 3218945ms] [WARNING] The resource http://localhost:3000/_next/static/css/app/layout.css?v=1782855193150 was preloaded using link preload but not used within a few seconds from the window's load event. Please make sure it has an appropriate `as` value and it is preloaded intentionally. @ http://localhost:3000/dashboard:0
[ 3223943ms] [WARNING] The resource http://localhost:3000/_next/static/css/app/layout.css?v=1782855880636 was preloaded using link preload but not used within a few seconds from the window's load event. Please make sure it has an appropriate `as` value and it is preloaded intentionally. @ http://localhost:3000/dashboard:0
[ 3223943ms] [WARNING] The resource http://localhost:3000/_next/static/css/app/layout.css?v=1782855193439 was preloaded using link preload but not used within a few seconds from the window's load event. Please make sure it has an appropriate `as` value and it is preloaded intentionally. @ http://localhost:3000/dashboard:0
[ 3223943ms] [WARNING] The resource http://localhost:3000/_next/static/css/app/layout.css?v=1782855414341 was preloaded using link preload but not used within a few seconds from the window's load event. Please make sure it has an appropriate `as` value and it is preloaded intentionally. @ http://localhost:3000/dashboard:0
[ 3223943ms] [WARNING] The resource http://localhost:3000/_next/static/css/app/layout.css?v=1782855773671 was preloaded using link preload but not used within a few seconds from the window's load event. Please make sure it has an appropriate `as` value and it is preloaded intentionally. @ http://localhost:3000/dashboard:0
[ 3223943ms] [WARNING] The resource http://localhost:3000/_next/static/css/app/layout.css?v=1782855669941 was preloaded using link preload but not used within a few seconds from the window's load event. Please make sure it has an appropriate `as` value and it is preloaded intentionally. @ http://localhost:3000/dashboard:0
[ 3223943ms] [WARNING] The resource http://localhost:3000/_next/static/css/app/layout.css?v=1782855573308 was preloaded using link preload but not used within a few seconds from the window's load event. Please make sure it has an appropriate `as` value and it is preloaded intentionally. @ http://localhost:3000/dashboard:0
[ 3223943ms] [WARNING] The resource http://localhost:3000/_next/static/css/app/layout.css?v=1782855910503 was preloaded using link preload but not used within a few seconds from the window's load event. Please make sure it has an appropriate `as` value and it is preloaded intentionally. @ http://localhost:3000/dashboard:0
[ 3223943ms] [WARNING] The resource http://localhost:3000/_next/static/css/app/layout.css?v=1782855193150 was preloaded using link preload but not used within a few seconds from the window's load event. Please make sure it has an appropriate `as` value and it is preloaded intentionally. @ http://localhost:3000/dashboard:0
[ 3228952ms] [WARNING] The resource http://localhost:3000/_next/static/css/app/layout.css?v=1782855880636 was preloaded using link preload but not used within a few seconds from the window's load event. Please make sure it has an appropriate `as` value and it is preloaded intentionally. @ http://localhost:3000/dashboard:0
[ 3228953ms] [WARNING] The resource http://localhost:3000/_next/static/css/app/layout.css?v=1782855193439 was preloaded using link preload but not used within a few seconds from the window's load event. Please make sure it has an appropriate `as` value and it is preloaded intentionally. @ http://localhost:3000/dashboard:0
[ 3228953ms] [WARNING] The resource http://localhost:3000/_next/static/css/app/layout.css?v=1782855414341 was preloaded using link preload but not used within a few seconds from the window's load event. Please make sure it has an appropriate `as` value and it is preloaded intentionally. @ http://localhost:3000/dashboard:0
[ 3228953ms] [WARNING] The resource http://localhost:3000/_next/static/css/app/layout.css?v=1782855773671 was preloaded using link preload but not used within a few seconds from the window's load event. Please make sure it has an appropriate `as` value and it is preloaded intentionally. @ http://localhost:3000/dashboard:0
[ 3228953ms] [WARNING] The resource http://localhost:3000/_next/static/css/app/layout.css?v=1782855669941 was preloaded using link preload but not used within a few seconds from the window's load event. Please make sure it has an appropriate `as` value and it is preloaded intentionally. @ http://localhost:3000/dashboard:0
[ 3228953ms] [WARNING] The resource http://localhost:3000/_next/static/css/app/layout.css?v=1782855573308 was preloaded using link preload but not used within a few seconds from the window's load event. Please make sure it has an appropriate `as` value and it is preloaded intentionally. @ http://localhost:3000/dashboard:0
[ 3228953ms] [WARNING] The resource http://localhost:3000/_next/static/css/app/layout.css?v=1782855910503 was preloaded using link preload but not used within a few seconds from the window's load event. Please make sure it has an appropriate `as` value and it is preloaded intentionally. @ http://localhost:3000/dashboard:0
[ 3228953ms] [WARNING] The resource http://localhost:3000/_next/static/css/app/layout.css?v=1782855193150 was preloaded using link preload but not used within a few seconds from the window's load event. Please make sure it has an appropriate `as` value and it is preloaded intentionally. @ http://localhost:3000/dashboard:0
[ 3231577ms] [LOG] [Fast Refresh] rebuilding @ webpack-internal:///(app-pages-browser)/./node_modules/next/dist/client/dev/hot-reloader/app/hot-reloader-app.js:183
[ 3232072ms] [LOG] [Fast Refresh] done in 494ms @ webpack-internal:///(app-pages-browser)/./node_modules/next/dist/client/dev/report-hmr-latency.js:13
[ 3232931ms] [WARNING] The width(-1) and height(-1) of chart should be greater than 0,
       please check the style of container, or the props width(100%) and height(100%),
       or add a minWidth(0) or minHeight(undefined) or use aspect(undefined) to control the
       height and width. @ webpack-internal:///(app-pages-browser)/./node_modules/recharts/es6/util/LogUtils.js:18
[ 3232931ms] [WARNING] The width(-1) and height(-1) of chart should be greater than 0,
       please check the style of container, or the props width(100%) and height(100%),
       or add a minWidth(0) or minHeight(undefined) or use aspect(undefined) to control the
       height and width. @ webpack-internal:///(app-pages-browser)/./node_modules/recharts/es6/util/LogUtils.js:18
[ 3236202ms] [LOG] [Fast Refresh] rebuilding @ webpack-internal:///(app-pages-browser)/./node_modules/next/dist/client/dev/hot-reloader/app/hot-reloader-app.js:183
[ 3236386ms] [LOG] [Fast Refresh] done in 185ms @ webpack-internal:///(app-pages-browser)/./node_modules/next/dist/client/dev/report-hmr-latency.js:13
[ 3236602ms] [WARNING] The width(-1) and height(-1) of chart should be greater than 0,
       please check the style of container, or the props width(100%) and height(100%),
       or add a minWidth(0) or minHeight(undefined) or use aspect(undefined) to control the
       height and width. @ webpack-internal:///(app-pages-browser)/./node_modules/recharts/es6/util/LogUtils.js:18
[ 3236602ms] [WARNING] The width(-1) and height(-1) of chart should be greater than 0,
       please check the style of container, or the props width(100%) and height(100%),
       or add a minWidth(0) or minHeight(undefined) or use aspect(undefined) to control the
       height and width. @ webpack-internal:///(app-pages-browser)/./node_modules/recharts/es6/util/LogUtils.js:18
[ 3239680ms] [WARNING] The resource http://localhost:3000/_next/static/css/app/layout.css?v=1782855880636 was preloaded using link preload but not used within a few seconds from the window's load event. Please make sure it has an appropriate `as` value and it is preloaded intentionally. @ http://localhost:3000/dashboard:0
[ 3239680ms] [WARNING] The resource http://localhost:3000/_next/static/css/app/layout.css?v=1782855193439 was preloaded using link preload but not used within a few seconds from the window's load event. Please make sure it has an appropriate `as` value and it is preloaded intentionally. @ http://localhost:3000/dashboard:0
[ 3239680ms] [WARNING] The resource http://localhost:3000/_next/static/css/app/layout.css?v=1782855414341 was preloaded using link preload but not used within a few seconds from the window's load event. Please make sure it has an appropriate `as` value and it is preloaded intentionally. @ http://localhost:3000/dashboard:0
[ 3239680ms] [WARNING] The resource http://localhost:3000/_next/static/css/app/layout.css?v=1782855773671 was preloaded using link preload but not used within a few seconds from the window's load event. Please make sure it has an appropriate `as` value and it is preloaded intentionally. @ http://localhost:3000/dashboard:0
[ 3239680ms] [WARNING] The resource http://localhost:3000/_next/static/css/app/layout.css?v=1782855669941 was preloaded using link preload but not used within a few seconds from the window's load event. Please make sure it has an appropriate `as` value and it is preloaded intentionally. @ http://localhost:3000/dashboard:0
[ 3239680ms] [WARNING] The resource http://localhost:3000/_next/static/css/app/layout.css?v=1782855573308 was preloaded using link preload but not used within a few seconds from the window's load event. Please make sure it has an appropriate `as` value and it is preloaded intentionally. @ http://localhost:3000/dashboard:0
[ 3239680ms] [WARNING] The resource http://localhost:3000/_next/static/css/app/layout.css?v=1782855910503 was preloaded using link preload but not used within a few seconds from the window's load event. Please make sure it has an appropriate `as` value and it is preloaded intentionally. @ http://localhost:3000/dashboard:0
[ 3239680ms] [WARNING] The resource http://localhost:3000/_next/static/css/app/layout.css?v=1782855193150 was preloaded using link preload but not used within a few seconds from the window's load event. Please make sure it has an appropriate `as` value and it is preloaded intentionally. @ http://localhost:3000/dashboard:0
[ 3243957ms] [WARNING] The resource http://localhost:3000/_next/static/css/app/layout.css?v=1782855880636 was preloaded using link preload but not used within a few seconds from the window's load event. Please make sure it has an appropriate `as` value and it is preloaded intentionally. @ http://localhost:3000/dashboard:0
[ 3243957ms] [WARNING] The resource http://localhost:3000/_next/static/css/app/layout.css?v=1782855193439 was preloaded using link preload but not used within a few seconds from the window's load event. Please make sure it has an appropriate `as` value and it is preloaded intentionally. @ http://localhost:3000/dashboard:0
[ 3243957ms] [WARNING] The resource http://localhost:3000/_next/static/css/app/layout.css?v=1782855414341 was preloaded using link preload but not used within a few seconds from the window's load event. Please make sure it has an appropriate `as` value and it is preloaded intentionally. @ http://localhost:3000/dashboard:0
[ 3243957ms] [WARNING] The resource http://localhost:3000/_next/static/css/app/layout.css?v=1782855773671 was preloaded using link preload but not used within a few seconds from the window's load event. Please make sure it has an appropriate `as` value and it is preloaded intentionally. @ http://localhost:3000/dashboard:0
[ 3243957ms] [WARNING] The resource http://localhost:3000/_next/static/css/app/layout.css?v=1782855669941 was preloaded using link preload but not used within a few seconds from the window's load event. Please make sure it has an appropriate `as` value and it is preloaded intentionally. @ http://localhost:3000/dashboard:0
[ 3243957ms] [WARNING] The resource http://localhost:3000/_next/static/css/app/layout.css?v=1782855573308 was preloaded using link preload but not used within a few seconds from the window's load event. Please make sure it has an appropriate `as` value and it is preloaded intentionally. @ http://localhost:3000/dashboard:0
[ 3243957ms] [WARNING] The resource http://localhost:3000/_next/static/css/app/layout.css?v=1782855910503 was preloaded using link preload but not used within a few seconds from the window's load event. Please make sure it has an appropriate `as` value and it is preloaded intentionally. @ http://localhost:3000/dashboard:0
[ 3243957ms] [WARNING] The resource http://localhost:3000/_next/static/css/app/layout.css?v=1782855193150 was preloaded using link preload but not used within a few seconds from the window's load event. Please make sure it has an appropriate `as` value and it is preloaded intentionally. @ http://localhost:3000/dashboard:0
[ 3244402ms] [LOG] [Fast Refresh] rebuilding @ webpack-internal:///(app-pages-browser)/./node_modules/next/dist/client/dev/hot-reloader/app/hot-reloader-app.js:183
[ 3244572ms] [LOG] [Fast Refresh] done in 169ms @ webpack-internal:///(app-pages-browser)/./node_modules/next/dist/client/dev/report-hmr-latency.js:13
[ 3244756ms] [WARNING] The width(-1) and height(-1) of chart should be greater than 0,
       please check the style of container, or the props width(100%) and height(100%),
       or add a minWidth(0) or minHeight(undefined) or use aspect(undefined) to control the
       height and width. @ webpack-internal:///(app-pages-browser)/./node_modules/recharts/es6/util/LogUtils.js:18
[ 3244756ms] [WARNING] The width(-1) and height(-1) of chart should be greater than 0,
       please check the style of container, or the props width(100%) and height(100%),
       or add a minWidth(0) or minHeight(undefined) or use aspect(undefined) to control the
       height and width. @ webpack-internal:///(app-pages-browser)/./node_modules/recharts/es6/util/LogUtils.js:18
[ 3248956ms] [WARNING] The resource http://localhost:3000/_next/static/css/app/layout.css?v=1782855880636 was preloaded using link preload but not used within a few seconds from the window's load event. Please make sure it has an appropriate `as` value and it is preloaded intentionally. @ http://localhost:3000/dashboard:0
[ 3248956ms] [WARNING] The resource http://localhost:3000/_next/static/css/app/layout.css?v=1782855193439 was preloaded using link preload but not used within a few seconds from the window's load event. Please make sure it has an appropriate `as` value and it is preloaded intentionally. @ http://localhost:3000/dashboard:0
[ 3248956ms] [WARNING] The resource http://localhost:3000/_next/static/css/app/layout.css?v=1782855414341 was preloaded using link preload but not used within a few seconds from the window's load event. Please make sure it has an appropriate `as` value and it is preloaded intentionally. @ http://localhost:3000/dashboard:0
[ 3248956ms] [WARNING] The resource http://localhost:3000/_next/static/css/app/layout.css?v=1782855773671 was preloaded using link preload but not used within a few seconds from the window's load event. Please make sure it has an appropriate `as` value and it is preloaded intentionally. @ http://localhost:3000/dashboard:0
[ 3248956ms] [WARNING] The resource http://localhost:3000/_next/static/css/app/layout.css?v=1782855669941 was preloaded using link preload but not used within a few seconds from the window's load event. Please make sure it has an appropriate `as` value and it is preloaded intentionally. @ http://localhost:3000/dashboard:0
[ 3248956ms] [WARNING] The resource http://localhost:3000/_next/static/css/app/layout.css?v=1782855573308 was preloaded using link preload but not used within a few seconds from the window's load event. Please make sure it has an appropriate `as` value and it is preloaded intentionally. @ http://localhost:3000/dashboard:0
[ 3248956ms] [WARNING] The resource http://localhost:3000/_next/static/css/app/layout.css?v=1782855910503 was preloaded using link preload but not used within a few seconds from the window's load event. Please make sure it has an appropriate `as` value and it is preloaded intentionally. @ http://localhost:3000/dashboard:0
[ 3248956ms] [WARNING] The resource http://localhost:3000/_next/static/css/app/layout.css?v=1782855193150 was preloaded using link preload but not used within a few seconds from the window's load event. Please make sure it has an appropriate `as` value and it is preloaded intentionally. @ http://localhost:3000/dashboard:0
[ 3250377ms] [LOG] [Fast Refresh] rebuilding @ webpack-internal:///(app-pages-browser)/./node_modules/next/dist/client/dev/hot-reloader/app/hot-reloader-app.js:183
[ 3250849ms] [LOG] [Fast Refresh] done in 473ms @ webpack-internal:///(app-pages-browser)/./node_modules/next/dist/client/dev/report-hmr-latency.js:13
[ 3251775ms] [WARNING] The width(-1) and height(-1) of chart should be greater than 0,
       please check the style of container, or the props width(100%) and height(100%),
       or add a minWidth(0) or minHeight(undefined) or use aspect(undefined) to control the
       height and width. @ webpack-internal:///(app-pages-browser)/./node_modules/recharts/es6/util/LogUtils.js:18
[ 3251775ms] [WARNING] The width(-1) and height(-1) of chart should be greater than 0,
       please check the style of container, or the props width(100%) and height(100%),
       or add a minWidth(0) or minHeight(undefined) or use aspect(undefined) to control the
       height and width. @ webpack-internal:///(app-pages-browser)/./node_modules/recharts/es6/util/LogUtils.js:18
[ 3254844ms] [WARNING] The resource http://localhost:3000/_next/static/css/app/layout.css?v=1782855880636 was preloaded using link preload but not used within a few seconds from the window's load event. Please make sure it has an appropriate `as` value and it is preloaded intentionally. @ http://localhost:3000/dashboard:0
[ 3254845ms] [WARNING] The resource http://localhost:3000/_next/static/css/app/layout.css?v=1782855193439 was preloaded using link preload but not used within a few seconds from the window's load event. Please make sure it has an appropriate `as` value and it is preloaded intentionally. @ http://localhost:3000/dashboard:0
[ 3254845ms] [WARNING] The resource http://localhost:3000/_next/static/css/app/layout.css?v=1782855414341 was preloaded using link preload but not used within a few seconds from the window's load event. Please make sure it has an appropriate `as` value and it is preloaded intentionally. @ http://localhost:3000/dashboard:0
[ 3254845ms] [WARNING] The resource http://localhost:3000/_next/static/css/app/layout.css?v=1782855773671 was preloaded using link preload but not used within a few seconds from the window's load event. Please make sure it has an appropriate `as` value and it is preloaded intentionally. @ http://localhost:3000/dashboard:0
[ 3254845ms] [WARNING] The resource http://localhost:3000/_next/static/css/app/layout.css?v=1782855669941 was preloaded using link preload but not used within a few seconds from the window's load event. Please make sure it has an appropriate `as` value and it is preloaded intentionally. @ http://localhost:3000/dashboard:0
[ 3254845ms] [WARNING] The resource http://localhost:3000/_next/static/css/app/layout.css?v=1782855573308 was preloaded using link preload but not used within a few seconds from the window's load event. Please make sure it has an appropriate `as` value and it is preloaded intentionally. @ http://localhost:3000/dashboard:0
[ 3254845ms] [WARNING] The resource http://localhost:3000/_next/static/css/app/layout.css?v=1782855910503 was preloaded using link preload but not used within a few seconds from the window's load event. Please make sure it has an appropriate `as` value and it is preloaded intentionally. @ http://localhost:3000/dashboard:0
[ 3254845ms] [WARNING] The resource http://localhost:3000/_next/static/css/app/layout.css?v=1782855193150 was preloaded using link preload but not used within a few seconds from the window's load event. Please make sure it has an appropriate `as` value and it is preloaded intentionally. @ http://localhost:3000/dashboard:0
[ 3258930ms] [WARNING] The resource http://localhost:3000/_next/static/css/app/layout.css?v=1782855880636 was preloaded using link preload but not used within a few seconds from the window's load event. Please make sure it has an appropriate `as` value and it is preloaded intentionally. @ http://localhost:3000/dashboard:0
[ 3258930ms] [WARNING] The resource http://localhost:3000/_next/static/css/app/layout.css?v=1782855193439 was preloaded using link preload but not used within a few seconds from the window's load event. Please make sure it has an appropriate `as` value and it is preloaded intentionally. @ http://localhost:3000/dashboard:0
[ 3258930ms] [WARNING] The resource http://localhost:3000/_next/static/css/app/layout.css?v=1782855414341 was preloaded using link preload but not used within a few seconds from the window's load event. Please make sure it has an appropriate `as` value and it is preloaded intentionally. @ http://localhost:3000/dashboard:0
[ 3258930ms] [WARNING] The resource http://localhost:3000/_next/static/css/app/layout.css?v=1782855773671 was preloaded using link preload but not used within a few seconds from the window's load event. Please make sure it has an appropriate `as` value and it is preloaded intentionally. @ http://localhost:3000/dashboard:0
[ 3258930ms] [WARNING] The resource http://localhost:3000/_next/static/css/app/layout.css?v=1782855669941 was preloaded using link preload but not used within a few seconds from the window's load event. Please make sure it has an appropriate `as` value and it is preloaded intentionally. @ http://localhost:3000/dashboard:0
[ 3258930ms] [WARNING] The resource http://localhost:3000/_next/static/css/app/layout.css?v=1782855573308 was preloaded using link preload but not used within a few seconds from the window's load event. Please make sure it has an appropriate `as` value and it is preloaded intentionally. @ http://localhost:3000/dashboard:0
[ 3258930ms] [WARNING] The resource http://localhost:3000/_next/static/css/app/layout.css?v=1782855910503 was preloaded using link preload but not used within a few seconds from the window's load event. Please make sure it has an appropriate `as` value and it is preloaded intentionally. @ http://localhost:3000/dashboard:0
[ 3258930ms] [WARNING] The resource http://localhost:3000/_next/static/css/app/layout.css?v=1782855193150 was preloaded using link preload but not used within a few seconds from the window's load event. Please make sure it has an appropriate `as` value and it is preloaded intentionally. @ http://localhost:3000/dashboard:0
[ 3263938ms] [WARNING] The resource http://localhost:3000/_next/static/css/app/layout.css?v=1782855880636 was preloaded using link preload but not used within a few seconds from the window's load event. Please make sure it has an appropriate `as` value and it is preloaded intentionally. @ http://localhost:3000/dashboard:0
[ 3263938ms] [WARNING] The resource http://localhost:3000/_next/static/css/app/layout.css?v=1782855193439 was preloaded using link preload but not used within a few seconds from the window's load event. Please make sure it has an appropriate `as` value and it is preloaded intentionally. @ http://localhost:3000/dashboard:0
[ 3263938ms] [WARNING] The resource http://localhost:3000/_next/static/css/app/layout.css?v=1782855414341 was preloaded using link preload but not used within a few seconds from the window's load event. Please make sure it has an appropriate `as` value and it is preloaded intentionally. @ http://localhost:3000/dashboard:0
[ 3263938ms] [WARNING] The resource http://localhost:3000/_next/static/css/app/layout.css?v=1782855773671 was preloaded using link preload but not used within a few seconds from the window's load event. Please make sure it has an appropriate `as` value and it is preloaded intentionally. @ http://localhost:3000/dashboard:0
[ 3263938ms] [WARNING] The resource http://localhost:3000/_next/static/css/app/layout.css?v=1782855669941 was preloaded using link preload but not used within a few seconds from the window's load event. Please make sure it has an appropriate `as` value and it is preloaded intentionally. @ http://localhost:3000/dashboard:0
[ 3263938ms] [WARNING] The resource http://localhost:3000/_next/static/css/app/layout.css?v=1782855573308 was preloaded using link preload but not used within a few seconds from the window's load event. Please make sure it has an appropriate `as` value and it is preloaded intentionally. @ http://localhost:3000/dashboard:0
[ 3263938ms] [WARNING] The resource http://localhost:3000/_next/static/css/app/layout.css?v=1782855910503 was preloaded using link preload but not used within a few seconds from the window's load event. Please make sure it has an appropriate `as` value and it is preloaded intentionally. @ http://localhost:3000/dashboard:0
[ 3263938ms] [WARNING] The resource http://localhost:3000/_next/static/css/app/layout.css?v=1782855193150 was preloaded using link preload but not used within a few seconds from the window's load event. Please make sure it has an appropriate `as` value and it is preloaded intentionally. @ http://localhost:3000/dashboard:0
[ 3268952ms] [WARNING] The resource http://localhost:3000/_next/static/css/app/layout.css?v=1782855880636 was preloaded using link preload but not used within a few seconds from the window's load event. Please make sure it has an appropriate `as` value and it is preloaded intentionally. @ http://localhost:3000/dashboard:0
[ 3268952ms] [WARNING] The resource http://localhost:3000/_next/static/css/app/layout.css?v=1782855193439 was preloaded using link preload but not used within a few seconds from the window's load event. Please make sure it has an appropriate `as` value and it is preloaded intentionally. @ http://localhost:3000/dashboard:0
[ 3268952ms] [WARNING] The resource http://localhost:3000/_next/static/css/app/layout.css?v=1782855414341 was preloaded using link preload but not used within a few seconds from the window's load event. Please make sure it has an appropriate `as` value and it is preloaded intentionally. @ http://localhost:3000/dashboard:0
[ 3268952ms] [WARNING] The resource http://localhost:3000/_next/static/css/app/layout.css?v=1782855773671 was preloaded using link preload but not used within a few seconds from the window's load event. Please make sure it has an appropriate `as` value and it is preloaded intentionally. @ http://localhost:3000/dashboard:0
[ 3268952ms] [WARNING] The resource http://localhost:3000/_next/static/css/app/layout.css?v=1782855669941 was preloaded using link preload but not used within a few seconds from the window's load event. Please make sure it has an appropriate `as` value and it is preloaded intentionally. @ http://localhost:3000/dashboard:0
[ 3268952ms] [WARNING] The resource http://localhost:3000/_next/static/css/app/layout.css?v=1782855573308 was preloaded using link preload but not used within a few seconds from the window's load event. Please make sure it has an appropriate `as` value and it is preloaded intentionally. @ http://localhost:3000/dashboard:0
[ 3268952ms] [WARNING] The resource http://localhost:3000/_next/static/css/app/layout.css?v=1782855910503 was preloaded using link preload but not used within a few seconds from the window's load event. Please make sure it has an appropriate `as` value and it is preloaded intentionally. @ http://localhost:3000/dashboard:0
[ 3268952ms] [WARNING] The resource http://localhost:3000/_next/static/css/app/layout.css?v=1782855193150 was preloaded using link preload but not used within a few seconds from the window's load event. Please make sure it has an appropriate `as` value and it is preloaded intentionally. @ http://localhost:3000/dashboard:0
[ 3272940ms] [LOG] [Fast Refresh] rebuilding @ webpack-internal:///(app-pages-browser)/./node_modules/next/dist/client/dev/hot-reloader/app/hot-reloader-app.js:183
[ 3273087ms] [LOG] [Fast Refresh] done in 148ms @ webpack-internal:///(app-pages-browser)/./node_modules/next/dist/client/dev/report-hmr-latency.js:13
[ 3273142ms] [WARNING] The width(-1) and height(-1) of chart should be greater than 0,
       please check the style of container, or the props width(100%) and height(100%),
       or add a minWidth(0) or minHeight(undefined) or use aspect(undefined) to control the
       height and width. @ webpack-internal:///(app-pages-browser)/./node_modules/recharts/es6/util/LogUtils.js:18
[ 3273142ms] [WARNING] The width(-1) and height(-1) of chart should be greater than 0,
       please check the style of container, or the props width(100%) and height(100%),
       or add a minWidth(0) or minHeight(undefined) or use aspect(undefined) to control the
       height and width. @ webpack-internal:///(app-pages-browser)/./node_modules/recharts/es6/util/LogUtils.js:18
[ 3278955ms] [WARNING] The resource http://localhost:3000/_next/static/css/app/layout.css?v=1782855880636 was preloaded using link preload but not used within a few seconds from the window's load event. Please make sure it has an appropriate `as` value and it is preloaded intentionally. @ http://localhost:3000/dashboard:0
[ 3278955ms] [WARNING] The resource http://localhost:3000/_next/static/css/app/layout.css?v=1782855193439 was preloaded using link preload but not used within a few seconds from the window's load event. Please make sure it has an appropriate `as` value and it is preloaded intentionally. @ http://localhost:3000/dashboard:0
[ 3278955ms] [WARNING] The resource http://localhost:3000/_next/static/css/app/layout.css?v=1782855414341 was preloaded using link preload but not used within a few seconds from the window's load event. Please make sure it has an appropriate `as` value and it is preloaded intentionally. @ http://localhost:3000/dashboard:0
[ 3278955ms] [WARNING] The resource http://localhost:3000/_next/static/css/app/layout.css?v=1782855773671 was preloaded using link preload but not used within a few seconds from the window's load event. Please make sure it has an appropriate `as` value and it is preloaded intentionally. @ http://localhost:3000/dashboard:0
[ 3278955ms] [WARNING] The resource http://localhost:3000/_next/static/css/app/layout.css?v=1782855669941 was preloaded using link preload but not used within a few seconds from the window's load event. Please make sure it has an appropriate `as` value and it is preloaded intentionally. @ http://localhost:3000/dashboard:0
[ 3278955ms] [WARNING] The resource http://localhost:3000/_next/static/css/app/layout.css?v=1782855573308 was preloaded using link preload but not used within a few seconds from the window's load event. Please make sure it has an appropriate `as` value and it is preloaded intentionally. @ http://localhost:3000/dashboard:0
[ 3278955ms] [WARNING] The resource http://localhost:3000/_next/static/css/app/layout.css?v=1782855910503 was preloaded using link preload but not used within a few seconds from the window's load event. Please make sure it has an appropriate `as` value and it is preloaded intentionally. @ http://localhost:3000/dashboard:0
[ 3278955ms] [WARNING] The resource http://localhost:3000/_next/static/css/app/layout.css?v=1782855193150 was preloaded using link preload but not used within a few seconds from the window's load event. Please make sure it has an appropriate `as` value and it is preloaded intentionally. @ http://localhost:3000/dashboard:0
[ 3283942ms] [WARNING] The resource http://localhost:3000/_next/static/css/app/layout.css?v=1782855880636 was preloaded using link preload but not used within a few seconds from the window's load event. Please make sure it has an appropriate `as` value and it is preloaded intentionally. @ http://localhost:3000/dashboard:0
[ 3283943ms] [WARNING] The resource http://localhost:3000/_next/static/css/app/layout.css?v=1782855193439 was preloaded using link preload but not used within a few seconds from the window's load event. Please make sure it has an appropriate `as` value and it is preloaded intentionally. @ http://localhost:3000/dashboard:0
[ 3283943ms] [WARNING] The resource http://localhost:3000/_next/static/css/app/layout.css?v=1782855414341 was preloaded using link preload but not used within a few seconds from the window's load event. Please make sure it has an appropriate `as` value and it is preloaded intentionally. @ http://localhost:3000/dashboard:0
[ 3283943ms] [WARNING] The resource http://localhost:3000/_next/static/css/app/layout.css?v=1782855773671 was preloaded using link preload but not used within a few seconds from the window's load event. Please make sure it has an appropriate `as` value and it is preloaded intentionally. @ http://localhost:3000/dashboard:0
[ 3283943ms] [WARNING] The resource http://localhost:3000/_next/static/css/app/layout.css?v=1782855669941 was preloaded using link preload but not used within a few seconds from the window's load event. Please make sure it has an appropriate `as` value and it is preloaded intentionally. @ http://localhost:3000/dashboard:0
[ 3283943ms] [WARNING] The resource http://localhost:3000/_next/static/css/app/layout.css?v=1782855573308 was preloaded using link preload but not used within a few seconds from the window's load event. Please make sure it has an appropriate `as` value and it is preloaded intentionally. @ http://localhost:3000/dashboard:0
[ 3283943ms] [WARNING] The resource http://localhost:3000/_next/static/css/app/layout.css?v=1782855910503 was preloaded using link preload but not used within a few seconds from the window's load event. Please make sure it has an appropriate `as` value and it is preloaded intentionally. @ http://localhost:3000/dashboard:0
[ 3283943ms] [WARNING] The resource http://localhost:3000/_next/static/css/app/layout.css?v=1782855193150 was preloaded using link preload but not used within a few seconds from the window's load event. Please make sure it has an appropriate `as` value and it is preloaded intentionally. @ http://localhost:3000/dashboard:0
[ 3288956ms] [WARNING] The resource http://localhost:3000/_next/static/css/app/layout.css?v=1782855880636 was preloaded using link preload but not used within a few seconds from the window's load event. Please make sure it has an appropriate `as` value and it is preloaded intentionally. @ http://localhost:3000/dashboard:0
[ 3288956ms] [WARNING] The resource http://localhost:3000/_next/static/css/app/layout.css?v=1782855193439 was preloaded using link preload but not used within a few seconds from the window's load event. Please make sure it has an appropriate `as` value and it is preloaded intentionally. @ http://localhost:3000/dashboard:0
[ 3288956ms] [WARNING] The resource http://localhost:3000/_next/static/css/app/layout.css?v=1782855414341 was preloaded using link preload but not used within a few seconds from the window's load event. Please make sure it has an appropriate `as` value and it is preloaded intentionally. @ http://localhost:3000/dashboard:0
[ 3288956ms] [WARNING] The resource http://localhost:3000/_next/static/css/app/layout.css?v=1782855773671 was preloaded using link preload but not used within a few seconds from the window's load event. Please make sure it has an appropriate `as` value and it is preloaded intentionally. @ http://localhost:3000/dashboard:0
[ 3288956ms] [WARNING] The resource http://localhost:3000/_next/static/css/app/layout.css?v=1782855669941 was preloaded using link preload but not used within a few seconds from the window's load event. Please make sure it has an appropriate `as` value and it is preloaded intentionally. @ http://localhost:3000/dashboard:0
[ 3288956ms] [WARNING] The resource http://localhost:3000/_next/static/css/app/layout.css?v=1782855573308 was preloaded using link preload but not used within a few seconds from the window's load event. Please make sure it has an appropriate `as` value and it is preloaded intentionally. @ http://localhost:3000/dashboard:0
[ 3288956ms] [WARNING] The resource http://localhost:3000/_next/static/css/app/layout.css?v=1782855910503 was preloaded using link preload but not used within a few seconds from the window's load event. Please make sure it has an appropriate `as` value and it is preloaded intentionally. @ http://localhost:3000/dashboard:0
[ 3288956ms] [WARNING] The resource http://localhost:3000/_next/static/css/app/layout.css?v=1782855193150 was preloaded using link preload but not used within a few seconds from the window's load event. Please make sure it has an appropriate `as` value and it is preloaded intentionally. @ http://localhost:3000/dashboard:0
[ 3293945ms] [WARNING] The resource http://localhost:3000/_next/static/css/app/layout.css?v=1782855880636 was preloaded using link preload but not used within a few seconds from the window's load event. Please make sure it has an appropriate `as` value and it is preloaded intentionally. @ http://localhost:3000/dashboard:0
[ 3293946ms] [WARNING] The resource http://localhost:3000/_next/static/css/app/layout.css?v=1782855193439 was preloaded using link preload but not used within a few seconds from the window's load event. Please make sure it has an appropriate `as` value and it is preloaded intentionally. @ http://localhost:3000/dashboard:0
[ 3293946ms] [WARNING] The resource http://localhost:3000/_next/static/css/app/layout.css?v=1782855414341 was preloaded using link preload but not used within a few seconds from the window's load event. Please make sure it has an appropriate `as` value and it is preloaded intentionally. @ http://localhost:3000/dashboard:0
[ 3293946ms] [WARNING] The resource http://localhost:3000/_next/static/css/app/layout.css?v=1782855773671 was preloaded using link preload but not used within a few seconds from the window's load event. Please make sure it has an appropriate `as` value and it is preloaded intentionally. @ http://localhost:3000/dashboard:0
[ 3293946ms] [WARNING] The resource http://localhost:3000/_next/static/css/app/layout.css?v=1782855669941 was preloaded using link preload but not used within a few seconds from the window's load event. Please make sure it has an appropriate `as` value and it is preloaded intentionally. @ http://localhost:3000/dashboard:0
[ 3293946ms] [WARNING] The resource http://localhost:3000/_next/static/css/app/layout.css?v=1782855573308 was preloaded using link preload but not used within a few seconds from the window's load event. Please make sure it has an appropriate `as` value and it is preloaded intentionally. @ http://localhost:3000/dashboard:0
[ 3293946ms] [WARNING] The resource http://localhost:3000/_next/static/css/app/layout.css?v=1782855910503 was preloaded using link preload but not used within a few seconds from the window's load event. Please make sure it has an appropriate `as` value and it is preloaded intentionally. @ http://localhost:3000/dashboard:0
[ 3293946ms] [WARNING] The resource http://localhost:3000/_next/static/css/app/layout.css?v=1782855193150 was preloaded using link preload but not used within a few seconds from the window's load event. Please make sure it has an appropriate `as` value and it is preloaded intentionally. @ http://localhost:3000/dashboard:0
[ 3298942ms] [WARNING] The resource http://localhost:3000/_next/static/css/app/layout.css?v=1782855880636 was preloaded using link preload but not used within a few seconds from the window's load event. Please make sure it has an appropriate `as` value and it is preloaded intentionally. @ http://localhost:3000/dashboard:0
[ 3298942ms] [WARNING] The resource http://localhost:3000/_next/static/css/app/layout.css?v=1782855193439 was preloaded using link preload but not used within a few seconds from the window's load event. Please make sure it has an appropriate `as` value and it is preloaded intentionally. @ http://localhost:3000/dashboard:0
[ 3298943ms] [WARNING] The resource http://localhost:3000/_next/static/css/app/layout.css?v=1782855414341 was preloaded using link preload but not used within a few seconds from the window's load event. Please make sure it has an appropriate `as` value and it is preloaded intentionally. @ http://localhost:3000/dashboard:0
[ 3298943ms] [WARNING] The resource http://localhost:3000/_next/static/css/app/layout.css?v=1782855773671 was preloaded using link preload but not used within a few seconds from the window's load event. Please make sure it has an appropriate `as` value and it is preloaded intentionally. @ http://localhost:3000/dashboard:0
[ 3298943ms] [WARNING] The resource http://localhost:3000/_next/static/css/app/layout.css?v=1782855669941 was preloaded using link preload but not used within a few seconds from the window's load event. Please make sure it has an appropriate `as` value and it is preloaded intentionally. @ http://localhost:3000/dashboard:0
[ 3298943ms] [WARNING] The resource http://localhost:3000/_next/static/css/app/layout.css?v=1782855573308 was preloaded using link preload but not used within a few seconds from the window's load event. Please make sure it has an appropriate `as` value and it is preloaded intentionally. @ http://localhost:3000/dashboard:0
[ 3298943ms] [WARNING] The resource http://localhost:3000/_next/static/css/app/layout.css?v=1782855910503 was preloaded using link preload but not used within a few seconds from the window's load event. Please make sure it has an appropriate `as` value and it is preloaded intentionally. @ http://localhost:3000/dashboard:0
[ 3298943ms] [WARNING] The resource http://localhost:3000/_next/static/css/app/layout.css?v=1782855193150 was preloaded using link preload but not used within a few seconds from the window's load event. Please make sure it has an appropriate `as` value and it is preloaded intentionally. @ http://localhost:3000/dashboard:0
[ 3303948ms] [WARNING] The resource http://localhost:3000/_next/static/css/app/layout.css?v=1782855880636 was preloaded using link preload but not used within a few seconds from the window's load event. Please make sure it has an appropriate `as` value and it is preloaded intentionally. @ http://localhost:3000/dashboard:0
[ 3303948ms] [WARNING] The resource http://localhost:3000/_next/static/css/app/layout.css?v=1782855193439 was preloaded using link preload but not used within a few seconds from the window's load event. Please make sure it has an appropriate `as` value and it is preloaded intentionally. @ http://localhost:3000/dashboard:0
[ 3303948ms] [WARNING] The resource http://localhost:3000/_next/static/css/app/layout.css?v=1782855414341 was preloaded using link preload but not used within a few seconds from the window's load event. Please make sure it has an appropriate `as` value and it is preloaded intentionally. @ http://localhost:3000/dashboard:0
[ 3303948ms] [WARNING] The resource http://localhost:3000/_next/static/css/app/layout.css?v=1782855773671 was preloaded using link preload but not used within a few seconds from the window's load event. Please make sure it has an appropriate `as` value and it is preloaded intentionally. @ http://localhost:3000/dashboard:0
[ 3303948ms] [WARNING] The resource http://localhost:3000/_next/static/css/app/layout.css?v=1782855669941 was preloaded using link preload but not used within a few seconds from the window's load event. Please make sure it has an appropriate `as` value and it is preloaded intentionally. @ http://localhost:3000/dashboard:0
[ 3303948ms] [WARNING] The resource http://localhost:3000/_next/static/css/app/layout.css?v=1782855573308 was preloaded using link preload but not used within a few seconds from the window's load event. Please make sure it has an appropriate `as` value and it is preloaded intentionally. @ http://localhost:3000/dashboard:0
[ 3303948ms] [WARNING] The resource http://localhost:3000/_next/static/css/app/layout.css?v=1782855910503 was preloaded using link preload but not used within a few seconds from the window's load event. Please make sure it has an appropriate `as` value and it is preloaded intentionally. @ http://localhost:3000/dashboard:0
[ 3303948ms] [WARNING] The resource http://localhost:3000/_next/static/css/app/layout.css?v=1782855193150 was preloaded using link preload but not used within a few seconds from the window's load event. Please make sure it has an appropriate `as` value and it is preloaded intentionally. @ http://localhost:3000/dashboard:0
[ 3308947ms] [WARNING] The resource http://localhost:3000/_next/static/css/app/layout.css?v=1782855880636 was preloaded using link preload but not used within a few seconds from the window's load event. Please make sure it has an appropriate `as` value and it is preloaded intentionally. @ http://localhost:3000/dashboard:0
[ 3308947ms] [WARNING] The resource http://localhost:3000/_next/static/css/app/layout.css?v=1782855193439 was preloaded using link preload but not used within a few seconds from the window's load event. Please make sure it has an appropriate `as` value and it is preloaded intentionally. @ http://localhost:3000/dashboard:0
[ 3308947ms] [WARNING] The resource http://localhost:3000/_next/static/css/app/layout.css?v=1782855414341 was preloaded using link preload but not used within a few seconds from the window's load event. Please make sure it has an appropriate `as` value and it is preloaded intentionally. @ http://localhost:3000/dashboard:0
[ 3308947ms] [WARNING] The resource http://localhost:3000/_next/static/css/app/layout.css?v=1782855773671 was preloaded using link preload but not used within a few seconds from the window's load event. Please make sure it has an appropriate `as` value and it is preloaded intentionally. @ http://localhost:3000/dashboard:0
[ 3308947ms] [WARNING] The resource http://localhost:3000/_next/static/css/app/layout.css?v=1782855669941 was preloaded using link preload but not used within a few seconds from the window's load event. Please make sure it has an appropriate `as` value and it is preloaded intentionally. @ http://localhost:3000/dashboard:0
[ 3308947ms] [WARNING] The resource http://localhost:3000/_next/static/css/app/layout.css?v=1782855573308 was preloaded using link preload but not used within a few seconds from the window's load event. Please make sure it has an appropriate `as` value and it is preloaded intentionally. @ http://localhost:3000/dashboard:0
[ 3308947ms] [WARNING] The resource http://localhost:3000/_next/static/css/app/layout.css?v=1782855910503 was preloaded using link preload but not used within a few seconds from the window's load event. Please make sure it has an appropriate `as` value and it is preloaded intentionally. @ http://localhost:3000/dashboard:0
[ 3308947ms] [WARNING] The resource http://localhost:3000/_next/static/css/app/layout.css?v=1782855193150 was preloaded using link preload but not used within a few seconds from the window's load event. Please make sure it has an appropriate `as` value and it is preloaded intentionally. @ http://localhost:3000/dashboard:0
[ 3311867ms] [LOG] [Fast Refresh] rebuilding @ webpack-internal:///(app-pages-browser)/./node_modules/next/dist/client/dev/hot-reloader/app/hot-reloader-app.js:183
[ 3312105ms] [LOG] [Fast Refresh] done in 239ms @ webpack-internal:///(app-pages-browser)/./node_modules/next/dist/client/dev/report-hmr-latency.js:13
[ 3312168ms] [WARNING] The width(-1) and height(-1) of chart should be greater than 0,
       please check the style of container, or the props width(100%) and height(100%),
       or add a minWidth(0) or minHeight(undefined) or use aspect(undefined) to control the
       height and width. @ webpack-internal:///(app-pages-browser)/./node_modules/recharts/es6/util/LogUtils.js:18
[ 3312169ms] [WARNING] The width(-1) and height(-1) of chart should be greater than 0,
       please check the style of container, or the props width(100%) and height(100%),
       or add a minWidth(0) or minHeight(undefined) or use aspect(undefined) to control the
       height and width. @ webpack-internal:///(app-pages-browser)/./node_modules/recharts/es6/util/LogUtils.js:18
[ 3312226ms] [LOG] [Fast Refresh] rebuilding @ webpack-internal:///(app-pages-browser)/./node_modules/next/dist/client/dev/hot-reloader/app/hot-reloader-app.js:183
[ 3312330ms] [LOG] [Fast Refresh] rebuilding @ webpack-internal:///(app-pages-browser)/./node_modules/next/dist/client/dev/hot-reloader/app/hot-reloader-app.js:183
[ 3312342ms] [LOG] [Fast Refresh] done in 12ms @ webpack-internal:///(app-pages-browser)/./node_modules/next/dist/client/dev/report-hmr-latency.js:13
[ 3312511ms] [LOG] [Fast Refresh] done in 181ms @ webpack-internal:///(app-pages-browser)/./node_modules/next/dist/client/dev/report-hmr-latency.js:13
[ 3312567ms] [WARNING] The width(-1) and height(-1) of chart should be greater than 0,
       please check the style of container, or the props width(100%) and height(100%),
       or add a minWidth(0) or minHeight(undefined) or use aspect(undefined) to control the
       height and width. @ webpack-internal:///(app-pages-browser)/./node_modules/recharts/es6/util/LogUtils.js:18
[ 3312567ms] [WARNING] The width(-1) and height(-1) of chart should be greater than 0,
       please check the style of container, or the props width(100%) and height(100%),
       or add a minWidth(0) or minHeight(undefined) or use aspect(undefined) to control the
       height and width. @ webpack-internal:///(app-pages-browser)/./node_modules/recharts/es6/util/LogUtils.js:18
[ 3315620ms] [WARNING] The resource http://localhost:3000/_next/static/css/app/layout.css?v=1782855880636 was preloaded using link preload but not used within a few seconds from the window's load event. Please make sure it has an appropriate `as` value and it is preloaded intentionally. @ http://localhost:3000/dashboard:0
[ 3315620ms] [WARNING] The resource http://localhost:3000/_next/static/css/app/layout.css?v=1782855193439 was preloaded using link preload but not used within a few seconds from the window's load event. Please make sure it has an appropriate `as` value and it is preloaded intentionally. @ http://localhost:3000/dashboard:0
[ 3315620ms] [WARNING] The resource http://localhost:3000/_next/static/css/app/layout.css?v=1782855414341 was preloaded using link preload but not used within a few seconds from the window's load event. Please make sure it has an appropriate `as` value and it is preloaded intentionally. @ http://localhost:3000/dashboard:0
[ 3315620ms] [WARNING] The resource http://localhost:3000/_next/static/css/app/layout.css?v=1782856022999 was preloaded using link preload but not used within a few seconds from the window's load event. Please make sure it has an appropriate `as` value and it is preloaded intentionally. @ http://localhost:3000/dashboard:0
[ 3315620ms] [WARNING] The resource http://localhost:3000/_next/static/css/app/layout.css?v=1782855773671 was preloaded using link preload but not used within a few seconds from the window's load event. Please make sure it has an appropriate `as` value and it is preloaded intentionally. @ http://localhost:3000/dashboard:0
[ 3315620ms] [WARNING] The resource http://localhost:3000/_next/static/css/app/layout.css?v=1782855669941 was preloaded using link preload but not used within a few seconds from the window's load event. Please make sure it has an appropriate `as` value and it is preloaded intentionally. @ http://localhost:3000/dashboard:0
[ 3315620ms] [WARNING] The resource http://localhost:3000/_next/static/css/app/layout.css?v=1782855573308 was preloaded using link preload but not used within a few seconds from the window's load event. Please make sure it has an appropriate `as` value and it is preloaded intentionally. @ http://localhost:3000/dashboard:0
[ 3315620ms] [WARNING] The resource http://localhost:3000/_next/static/css/app/layout.css?v=1782855910503 was preloaded using link preload but not used within a few seconds from the window's load event. Please make sure it has an appropriate `as` value and it is preloaded intentionally. @ http://localhost:3000/dashboard:0
[ 3315620ms] [WARNING] The resource http://localhost:3000/_next/static/css/app/layout.css?v=1782855193150 was preloaded using link preload but not used within a few seconds from the window's load event. Please make sure it has an appropriate `as` value and it is preloaded intentionally. @ http://localhost:3000/dashboard:0
[ 3318949ms] [WARNING] The resource http://localhost:3000/_next/static/css/app/layout.css?v=1782855880636 was preloaded using link preload but not used within a few seconds from the window's load event. Please make sure it has an appropriate `as` value and it is preloaded intentionally. @ http://localhost:3000/dashboard:0
[ 3318949ms] [WARNING] The resource http://localhost:3000/_next/static/css/app/layout.css?v=1782855193439 was preloaded using link preload but not used within a few seconds from the window's load event. Please make sure it has an appropriate `as` value and it is preloaded intentionally. @ http://localhost:3000/dashboard:0
[ 3318949ms] [WARNING] The resource http://localhost:3000/_next/static/css/app/layout.css?v=1782855414341 was preloaded using link preload but not used within a few seconds from the window's load event. Please make sure it has an appropriate `as` value and it is preloaded intentionally. @ http://localhost:3000/dashboard:0
[ 3318949ms] [WARNING] The resource http://localhost:3000/_next/static/css/app/layout.css?v=1782856022999 was preloaded using link preload but not used within a few seconds from the window's load event. Please make sure it has an appropriate `as` value and it is preloaded intentionally. @ http://localhost:3000/dashboard:0
[ 3318949ms] [WARNING] The resource http://localhost:3000/_next/static/css/app/layout.css?v=1782855773671 was preloaded using link preload but not used within a few seconds from the window's load event. Please make sure it has an appropriate `as` value and it is preloaded intentionally. @ http://localhost:3000/dashboard:0
[ 3318949ms] [WARNING] The resource http://localhost:3000/_next/static/css/app/layout.css?v=1782855669941 was preloaded using link preload but not used within a few seconds from the window's load event. Please make sure it has an appropriate `as` value and it is preloaded intentionally. @ http://localhost:3000/dashboard:0
[ 3318949ms] [WARNING] The resource http://localhost:3000/_next/static/css/app/layout.css?v=1782855573308 was preloaded using link preload but not used within a few seconds from the window's load event. Please make sure it has an appropriate `as` value and it is preloaded intentionally. @ http://localhost:3000/dashboard:0
[ 3318949ms] [WARNING] The resource http://localhost:3000/_next/static/css/app/layout.css?v=1782855910503 was preloaded using link preload but not used within a few seconds from the window's load event. Please make sure it has an appropriate `as` value and it is preloaded intentionally. @ http://localhost:3000/dashboard:0
[ 3318949ms] [WARNING] The resource http://localhost:3000/_next/static/css/app/layout.css?v=1782855193150 was preloaded using link preload but not used within a few seconds from the window's load event. Please make sure it has an appropriate `as` value and it is preloaded intentionally. @ http://localhost:3000/dashboard:0
[ 3323948ms] [WARNING] The resource http://localhost:3000/_next/static/css/app/layout.css?v=1782855880636 was preloaded using link preload but not used within a few seconds from the window's load event. Please make sure it has an appropriate `as` value and it is preloaded intentionally. @ http://localhost:3000/dashboard:0
[ 3323948ms] [WARNING] The resource http://localhost:3000/_next/static/css/app/layout.css?v=1782855193439 was preloaded using link preload but not used within a few seconds from the window's load event. Please make sure it has an appropriate `as` value and it is preloaded intentionally. @ http://localhost:3000/dashboard:0
[ 3323948ms] [WARNING] The resource http://localhost:3000/_next/static/css/app/layout.css?v=1782855414341 was preloaded using link preload but not used within a few seconds from the window's load event. Please make sure it has an appropriate `as` value and it is preloaded intentionally. @ http://localhost:3000/dashboard:0
[ 3323949ms] [WARNING] The resource http://localhost:3000/_next/static/css/app/layout.css?v=1782856022999 was preloaded using link preload but not used within a few seconds from the window's load event. Please make sure it has an appropriate `as` value and it is preloaded intentionally. @ http://localhost:3000/dashboard:0
[ 3323949ms] [WARNING] The resource http://localhost:3000/_next/static/css/app/layout.css?v=1782855773671 was preloaded using link preload but not used within a few seconds from the window's load event. Please make sure it has an appropriate `as` value and it is preloaded intentionally. @ http://localhost:3000/dashboard:0
[ 3323949ms] [WARNING] The resource http://localhost:3000/_next/static/css/app/layout.css?v=1782855669941 was preloaded using link preload but not used within a few seconds from the window's load event. Please make sure it has an appropriate `as` value and it is preloaded intentionally. @ http://localhost:3000/dashboard:0
[ 3323949ms] [WARNING] The resource http://localhost:3000/_next/static/css/app/layout.css?v=1782855573308 was preloaded using link preload but not used within a few seconds from the window's load event. Please make sure it has an appropriate `as` value and it is preloaded intentionally. @ http://localhost:3000/dashboard:0
[ 3323949ms] [WARNING] The resource http://localhost:3000/_next/static/css/app/layout.css?v=1782855910503 was preloaded using link preload but not used within a few seconds from the window's load event. Please make sure it has an appropriate `as` value and it is preloaded intentionally. @ http://localhost:3000/dashboard:0
[ 3323949ms] [WARNING] The resource http://localhost:3000/_next/static/css/app/layout.css?v=1782855193150 was preloaded using link preload but not used within a few seconds from the window's load event. Please make sure it has an appropriate `as` value and it is preloaded intentionally. @ http://localhost:3000/dashboard:0
[ 3328953ms] [WARNING] The resource http://localhost:3000/_next/static/css/app/layout.css?v=1782855880636 was preloaded using link preload but not used within a few seconds from the window's load event. Please make sure it has an appropriate `as` value and it is preloaded intentionally. @ http://localhost:3000/dashboard:0
[ 3328953ms] [WARNING] The resource http://localhost:3000/_next/static/css/app/layout.css?v=1782855193439 was preloaded using link preload but not used within a few seconds from the window's load event. Please make sure it has an appropriate `as` value and it is preloaded intentionally. @ http://localhost:3000/dashboard:0
[ 3328954ms] [WARNING] The resource http://localhost:3000/_next/static/css/app/layout.css?v=1782855414341 was preloaded using link preload but not used within a few seconds from the window's load event. Please make sure it has an appropriate `as` value and it is preloaded intentionally. @ http://localhost:3000/dashboard:0
[ 3328954ms] [WARNING] The resource http://localhost:3000/_next/static/css/app/layout.css?v=1782856022999 was preloaded using link preload but not used within a few seconds from the window's load event. Please make sure it has an appropriate `as` value and it is preloaded intentionally. @ http://localhost:3000/dashboard:0
[ 3328954ms] [WARNING] The resource http://localhost:3000/_next/static/css/app/layout.css?v=1782855773671 was preloaded using link preload but not used within a few seconds from the window's load event. Please make sure it has an appropriate `as` value and it is preloaded intentionally. @ http://localhost:3000/dashboard:0
[ 3328954ms] [WARNING] The resource http://localhost:3000/_next/static/css/app/layout.css?v=1782855669941 was preloaded using link preload but not used within a few seconds from the window's load event. Please make sure it has an appropriate `as` value and it is preloaded intentionally. @ http://localhost:3000/dashboard:0
[ 3328954ms] [WARNING] The resource http://localhost:3000/_next/static/css/app/layout.css?v=1782855573308 was preloaded using link preload but not used within a few seconds from the window's load event. Please make sure it has an appropriate `as` value and it is preloaded intentionally. @ http://localhost:3000/dashboard:0
[ 3328954ms] [WARNING] The resource http://localhost:3000/_next/static/css/app/layout.css?v=1782855910503 was preloaded using link preload but not used within a few seconds from the window's load event. Please make sure it has an appropriate `as` value and it is preloaded intentionally. @ http://localhost:3000/dashboard:0
[ 3328954ms] [WARNING] The resource http://localhost:3000/_next/static/css/app/layout.css?v=1782855193150 was preloaded using link preload but not used within a few seconds from the window's load event. Please make sure it has an appropriate `as` value and it is preloaded intentionally. @ http://localhost:3000/dashboard:0
[ 3333937ms] [WARNING] The resource http://localhost:3000/_next/static/css/app/layout.css?v=1782855880636 was preloaded using link preload but not used within a few seconds from the window's load event. Please make sure it has an appropriate `as` value and it is preloaded intentionally. @ http://localhost:3000/dashboard:0
[ 3333937ms] [WARNING] The resource http://localhost:3000/_next/static/css/app/layout.css?v=1782855193439 was preloaded using link preload but not used within a few seconds from the window's load event. Please make sure it has an appropriate `as` value and it is preloaded intentionally. @ http://localhost:3000/dashboard:0
[ 3333937ms] [WARNING] The resource http://localhost:3000/_next/static/css/app/layout.css?v=1782855414341 was preloaded using link preload but not used within a few seconds from the window's load event. Please make sure it has an appropriate `as` value and it is preloaded intentionally. @ http://localhost:3000/dashboard:0
[ 3333937ms] [WARNING] The resource http://localhost:3000/_next/static/css/app/layout.css?v=1782856022999 was preloaded using link preload but not used within a few seconds from the window's load event. Please make sure it has an appropriate `as` value and it is preloaded intentionally. @ http://localhost:3000/dashboard:0
[ 3333937ms] [WARNING] The resource http://localhost:3000/_next/static/css/app/layout.css?v=1782855773671 was preloaded using link preload but not used within a few seconds from the window's load event. Please make sure it has an appropriate `as` value and it is preloaded intentionally. @ http://localhost:3000/dashboard:0
[ 3333937ms] [WARNING] The resource http://localhost:3000/_next/static/css/app/layout.css?v=1782855669941 was preloaded using link preload but not used within a few seconds from the window's load event. Please make sure it has an appropriate `as` value and it is preloaded intentionally. @ http://localhost:3000/dashboard:0
[ 3333937ms] [WARNING] The resource http://localhost:3000/_next/static/css/app/layout.css?v=1782855573308 was preloaded using link preload but not used within a few seconds from the window's load event. Please make sure it has an appropriate `as` value and it is preloaded intentionally. @ http://localhost:3000/dashboard:0
[ 3333937ms] [WARNING] The resource http://localhost:3000/_next/static/css/app/layout.css?v=1782855910503 was preloaded using link preload but not used within a few seconds from the window's load event. Please make sure it has an appropriate `as` value and it is preloaded intentionally. @ http://localhost:3000/dashboard:0
[ 3333937ms] [WARNING] The resource http://localhost:3000/_next/static/css/app/layout.css?v=1782855193150 was preloaded using link preload but not used within a few seconds from the window's load event. Please make sure it has an appropriate `as` value and it is preloaded intentionally. @ http://localhost:3000/dashboard:0
[ 3338943ms] [WARNING] The resource http://localhost:3000/_next/static/css/app/layout.css?v=1782855880636 was preloaded using link preload but not used within a few seconds from the window's load event. Please make sure it has an appropriate `as` value and it is preloaded intentionally. @ http://localhost:3000/dashboard:0
[ 3338943ms] [WARNING] The resource http://localhost:3000/_next/static/css/app/layout.css?v=1782855193439 was preloaded using link preload but not used within a few seconds from the window's load event. Please make sure it has an appropriate `as` value and it is preloaded intentionally. @ http://localhost:3000/dashboard:0
[ 3338943ms] [WARNING] The resource http://localhost:3000/_next/static/css/app/layout.css?v=1782855414341 was preloaded using link preload but not used within a few seconds from the window's load event. Please make sure it has an appropriate `as` value and it is preloaded intentionally. @ http://localhost:3000/dashboard:0
[ 3338943ms] [WARNING] The resource http://localhost:3000/_next/static/css/app/layout.css?v=1782856022999 was preloaded using link preload but not used within a few seconds from the window's load event. Please make sure it has an appropriate `as` value and it is preloaded intentionally. @ http://localhost:3000/dashboard:0
[ 3338943ms] [WARNING] The resource http://localhost:3000/_next/static/css/app/layout.css?v=1782855773671 was preloaded using link preload but not used within a few seconds from the window's load event. Please make sure it has an appropriate `as` value and it is preloaded intentionally. @ http://localhost:3000/dashboard:0
[ 3338943ms] [WARNING] The resource http://localhost:3000/_next/static/css/app/layout.css?v=1782855669941 was preloaded using link preload but not used within a few seconds from the window's load event. Please make sure it has an appropriate `as` value and it is preloaded intentionally. @ http://localhost:3000/dashboard:0
[ 3338943ms] [WARNING] The resource http://localhost:3000/_next/static/css/app/layout.css?v=1782855573308 was preloaded using link preload but not used within a few seconds from the window's load event. Please make sure it has an appropriate `as` value and it is preloaded intentionally. @ http://localhost:3000/dashboard:0
[ 3338943ms] [WARNING] The resource http://localhost:3000/_next/static/css/app/layout.css?v=1782855910503 was preloaded using link preload but not used within a few seconds from the window's load event. Please make sure it has an appropriate `as` value and it is preloaded intentionally. @ http://localhost:3000/dashboard:0
[ 3338943ms] [WARNING] The resource http://localhost:3000/_next/static/css/app/layout.css?v=1782855193150 was preloaded using link preload but not used within a few seconds from the window's load event. Please make sure it has an appropriate `as` value and it is preloaded intentionally. @ http://localhost:3000/dashboard:0
[ 3343941ms] [WARNING] The resource http://localhost:3000/_next/static/css/app/layout.css?v=1782855880636 was preloaded using link preload but not used within a few seconds from the window's load event. Please make sure it has an appropriate `as` value and it is preloaded intentionally. @ http://localhost:3000/dashboard:0
[ 3343941ms] [WARNING] The resource http://localhost:3000/_next/static/css/app/layout.css?v=1782855193439 was preloaded using link preload but not used within a few seconds from the window's load event. Please make sure it has an appropriate `as` value and it is preloaded intentionally. @ http://localhost:3000/dashboard:0
[ 3343941ms] [WARNING] The resource http://localhost:3000/_next/static/css/app/layout.css?v=1782855414341 was preloaded using link preload but not used within a few seconds from the window's load event. Please make sure it has an appropriate `as` value and it is preloaded intentionally. @ http://localhost:3000/dashboard:0
[ 3343942ms] [WARNING] The resource http://localhost:3000/_next/static/css/app/layout.css?v=1782856022999 was preloaded using link preload but not used within a few seconds from the window's load event. Please make sure it has an appropriate `as` value and it is preloaded intentionally. @ http://localhost:3000/dashboard:0
[ 3343942ms] [WARNING] The resource http://localhost:3000/_next/static/css/app/layout.css?v=1782855773671 was preloaded using link preload but not used within a few seconds from the window's load event. Please make sure it has an appropriate `as` value and it is preloaded intentionally. @ http://localhost:3000/dashboard:0
[ 3343942ms] [WARNING] The resource http://localhost:3000/_next/static/css/app/layout.css?v=1782855669941 was preloaded using link preload but not used within a few seconds from the window's load event. Please make sure it has an appropriate `as` value and it is preloaded intentionally. @ http://localhost:3000/dashboard:0
[ 3343942ms] [WARNING] The resource http://localhost:3000/_next/static/css/app/layout.css?v=1782855573308 was preloaded using link preload but not used within a few seconds from the window's load event. Please make sure it has an appropriate `as` value and it is preloaded intentionally. @ http://localhost:3000/dashboard:0
[ 3343942ms] [WARNING] The resource http://localhost:3000/_next/static/css/app/layout.css?v=1782855910503 was preloaded using link preload but not used within a few seconds from the window's load event. Please make sure it has an appropriate `as` value and it is preloaded intentionally. @ http://localhost:3000/dashboard:0
[ 3343942ms] [WARNING] The resource http://localhost:3000/_next/static/css/app/layout.css?v=1782855193150 was preloaded using link preload but not used within a few seconds from the window's load event. Please make sure it has an appropriate `as` value and it is preloaded intentionally. @ http://localhost:3000/dashboard:0
[ 3348946ms] [WARNING] The resource http://localhost:3000/_next/static/css/app/layout.css?v=1782855880636 was preloaded using link preload but not used within a few seconds from the window's load event. Please make sure it has an appropriate `as` value and it is preloaded intentionally. @ http://localhost:3000/dashboard:0
[ 3348946ms] [WARNING] The resource http://localhost:3000/_next/static/css/app/layout.css?v=1782855193439 was preloaded using link preload but not used within a few seconds from the window's load event. Please make sure it has an appropriate `as` value and it is preloaded intentionally. @ http://localhost:3000/dashboard:0
[ 3348946ms] [WARNING] The resource http://localhost:3000/_next/static/css/app/layout.css?v=1782855414341 was preloaded using link preload but not used within a few seconds from the window's load event. Please make sure it has an appropriate `as` value and it is preloaded intentionally. @ http://localhost:3000/dashboard:0
[ 3348946ms] [WARNING] The resource http://localhost:3000/_next/static/css/app/layout.css?v=1782856022999 was preloaded using link preload but not used within a few seconds from the window's load event. Please make sure it has an appropriate `as` value and it is preloaded intentionally. @ http://localhost:3000/dashboard:0
[ 3348946ms] [WARNING] The resource http://localhost:3000/_next/static/css/app/layout.css?v=1782855773671 was preloaded using link preload but not used within a few seconds from the window's load event. Please make sure it has an appropriate `as` value and it is preloaded intentionally. @ http://localhost:3000/dashboard:0
[ 3348946ms] [WARNING] The resource http://localhost:3000/_next/static/css/app/layout.css?v=1782855669941 was preloaded using link preload but not used within a few seconds from the window's load event. Please make sure it has an appropriate `as` value and it is preloaded intentionally. @ http://localhost:3000/dashboard:0
[ 3348947ms] [WARNING] The resource http://localhost:3000/_next/static/css/app/layout.css?v=1782855573308 was preloaded using link preload but not used within a few seconds from the window's load event. Please make sure it has an appropriate `as` value and it is preloaded intentionally. @ http://localhost:3000/dashboard:0
[ 3348947ms] [WARNING] The resource http://localhost:3000/_next/static/css/app/layout.css?v=1782855910503 was preloaded using link preload but not used within a few seconds from the window's load event. Please make sure it has an appropriate `as` value and it is preloaded intentionally. @ http://localhost:3000/dashboard:0
[ 3348947ms] [WARNING] The resource http://localhost:3000/_next/static/css/app/layout.css?v=1782855193150 was preloaded using link preload but not used within a few seconds from the window's load event. Please make sure it has an appropriate `as` value and it is preloaded intentionally. @ http://localhost:3000/dashboard:0
[ 3353933ms] [WARNING] The resource http://localhost:3000/_next/static/css/app/layout.css?v=1782855880636 was preloaded using link preload but not used within a few seconds from the window's load event. Please make sure it has an appropriate `as` value and it is preloaded intentionally. @ http://localhost:3000/dashboard:0
[ 3353933ms] [WARNING] The resource http://localhost:3000/_next/static/css/app/layout.css?v=1782855193439 was preloaded using link preload but not used within a few seconds from the window's load event. Please make sure it has an appropriate `as` value and it is preloaded intentionally. @ http://localhost:3000/dashboard:0
[ 3353933ms] [WARNING] The resource http://localhost:3000/_next/static/css/app/layout.css?v=1782855414341 was preloaded using link preload but not used within a few seconds from the window's load event. Please make sure it has an appropriate `as` value and it is preloaded intentionally. @ http://localhost:3000/dashboard:0
[ 3353933ms] [WARNING] The resource http://localhost:3000/_next/static/css/app/layout.css?v=1782856022999 was preloaded using link preload but not used within a few seconds from the window's load event. Please make sure it has an appropriate `as` value and it is preloaded intentionally. @ http://localhost:3000/dashboard:0
[ 3353933ms] [WARNING] The resource http://localhost:3000/_next/static/css/app/layout.css?v=1782855773671 was preloaded using link preload but not used within a few seconds from the window's load event. Please make sure it has an appropriate `as` value and it is preloaded intentionally. @ http://localhost:3000/dashboard:0
[ 3353933ms] [WARNING] The resource http://localhost:3000/_next/static/css/app/layout.css?v=1782855669941 was preloaded using link preload but not used within a few seconds from the window's load event. Please make sure it has an appropriate `as` value and it is preloaded intentionally. @ http://localhost:3000/dashboard:0
[ 3353933ms] [WARNING] The resource http://localhost:3000/_next/static/css/app/layout.css?v=1782855573308 was preloaded using link preload but not used within a few seconds from the window's load event. Please make sure it has an appropriate `as` value and it is preloaded intentionally. @ http://localhost:3000/dashboard:0
[ 3353933ms] [WARNING] The resource http://localhost:3000/_next/static/css/app/layout.css?v=1782855910503 was preloaded using link preload but not used within a few seconds from the window's load event. Please make sure it has an appropriate `as` value and it is preloaded intentionally. @ http://localhost:3000/dashboard:0
[ 3353933ms] [WARNING] The resource http://localhost:3000/_next/static/css/app/layout.css?v=1782855193150 was preloaded using link preload but not used within a few seconds from the window's load event. Please make sure it has an appropriate `as` value and it is preloaded intentionally. @ http://localhost:3000/dashboard:0
[ 3356684ms] [LOG] [Fast Refresh] rebuilding @ webpack-internal:///(app-pages-browser)/./node_modules/next/dist/client/dev/hot-reloader/app/hot-reloader-app.js:183
[ 3356815ms] [LOG] [Fast Refresh] done in 131ms @ webpack-internal:///(app-pages-browser)/./node_modules/next/dist/client/dev/report-hmr-latency.js:13
[ 3356881ms] [WARNING] The width(-1) and height(-1) of chart should be greater than 0,
       please check the style of container, or the props width(100%) and height(100%),
       or add a minWidth(0) or minHeight(undefined) or use aspect(undefined) to control the
       height and width. @ webpack-internal:///(app-pages-browser)/./node_modules/recharts/es6/util/LogUtils.js:18
[ 3356881ms] [WARNING] The width(-1) and height(-1) of chart should be greater than 0,
       please check the style of container, or the props width(100%) and height(100%),
       or add a minWidth(0) or minHeight(undefined) or use aspect(undefined) to control the
       height and width. @ webpack-internal:///(app-pages-browser)/./node_modules/recharts/es6/util/LogUtils.js:18
[ 3359060ms] [LOG] [Fast Refresh] rebuilding @ webpack-internal:///(app-pages-browser)/./node_modules/next/dist/client/dev/hot-reloader/app/hot-reloader-app.js:183
[ 3359186ms] [LOG] [Fast Refresh] rebuilding @ webpack-internal:///(app-pages-browser)/./node_modules/next/dist/client/dev/hot-reloader/app/hot-reloader-app.js:183
[ 3359198ms] [LOG] [Fast Refresh] done in 11ms @ webpack-internal:///(app-pages-browser)/./node_modules/next/dist/client/dev/report-hmr-latency.js:13
[ 3359354ms] [LOG] [Fast Refresh] done in 167ms @ webpack-internal:///(app-pages-browser)/./node_modules/next/dist/client/dev/report-hmr-latency.js:13
[ 3359414ms] [WARNING] The width(-1) and height(-1) of chart should be greater than 0,
       please check the style of container, or the props width(100%) and height(100%),
       or add a minWidth(0) or minHeight(undefined) or use aspect(undefined) to control the
       height and width. @ webpack-internal:///(app-pages-browser)/./node_modules/recharts/es6/util/LogUtils.js:18
[ 3359414ms] [WARNING] The width(-1) and height(-1) of chart should be greater than 0,
       please check the style of container, or the props width(100%) and height(100%),
       or add a minWidth(0) or minHeight(undefined) or use aspect(undefined) to control the
       height and width. @ webpack-internal:///(app-pages-browser)/./node_modules/recharts/es6/util/LogUtils.js:18
[ 3363941ms] [WARNING] The resource http://localhost:3000/_next/static/css/app/layout.css?v=1782855880636 was preloaded using link preload but not used within a few seconds from the window's load event. Please make sure it has an appropriate `as` value and it is preloaded intentionally. @ http://localhost:3000/dashboard:0
[ 3363941ms] [WARNING] The resource http://localhost:3000/_next/static/css/app/layout.css?v=1782855193439 was preloaded using link preload but not used within a few seconds from the window's load event. Please make sure it has an appropriate `as` value and it is preloaded intentionally. @ http://localhost:3000/dashboard:0
[ 3363941ms] [WARNING] The resource http://localhost:3000/_next/static/css/app/layout.css?v=1782855414341 was preloaded using link preload but not used within a few seconds from the window's load event. Please make sure it has an appropriate `as` value and it is preloaded intentionally. @ http://localhost:3000/dashboard:0
[ 3363941ms] [WARNING] The resource http://localhost:3000/_next/static/css/app/layout.css?v=1782856022999 was preloaded using link preload but not used within a few seconds from the window's load event. Please make sure it has an appropriate `as` value and it is preloaded intentionally. @ http://localhost:3000/dashboard:0
[ 3363941ms] [WARNING] The resource http://localhost:3000/_next/static/css/app/layout.css?v=1782855773671 was preloaded using link preload but not used within a few seconds from the window's load event. Please make sure it has an appropriate `as` value and it is preloaded intentionally. @ http://localhost:3000/dashboard:0
[ 3363941ms] [WARNING] The resource http://localhost:3000/_next/static/css/app/layout.css?v=1782855669941 was preloaded using link preload but not used within a few seconds from the window's load event. Please make sure it has an appropriate `as` value and it is preloaded intentionally. @ http://localhost:3000/dashboard:0
[ 3363942ms] [WARNING] The resource http://localhost:3000/_next/static/css/app/layout.css?v=1782855573308 was preloaded using link preload but not used within a few seconds from the window's load event. Please make sure it has an appropriate `as` value and it is preloaded intentionally. @ http://localhost:3000/dashboard:0
[ 3363942ms] [WARNING] The resource http://localhost:3000/_next/static/css/app/layout.css?v=1782855910503 was preloaded using link preload but not used within a few seconds from the window's load event. Please make sure it has an appropriate `as` value and it is preloaded intentionally. @ http://localhost:3000/dashboard:0
[ 3363942ms] [WARNING] The resource http://localhost:3000/_next/static/css/app/layout.css?v=1782855193150 was preloaded using link preload but not used within a few seconds from the window's load event. Please make sure it has an appropriate `as` value and it is preloaded intentionally. @ http://localhost:3000/dashboard:0
[ 3363942ms] [WARNING] The resource http://localhost:3000/_next/static/css/app/layout.css?v=1782856069853 was preloaded using link preload but not used within a few seconds from the window's load event. Please make sure it has an appropriate `as` value and it is preloaded intentionally. @ http://localhost:3000/dashboard:0
[ 3368954ms] [WARNING] The resource http://localhost:3000/_next/static/css/app/layout.css?v=1782855880636 was preloaded using link preload but not used within a few seconds from the window's load event. Please make sure it has an appropriate `as` value and it is preloaded intentionally. @ http://localhost:3000/dashboard:0
[ 3368954ms] [WARNING] The resource http://localhost:3000/_next/static/css/app/layout.css?v=1782855193439 was preloaded using link preload but not used within a few seconds from the window's load event. Please make sure it has an appropriate `as` value and it is preloaded intentionally. @ http://localhost:3000/dashboard:0
[ 3368954ms] [WARNING] The resource http://localhost:3000/_next/static/css/app/layout.css?v=1782855414341 was preloaded using link preload but not used within a few seconds from the window's load event. Please make sure it has an appropriate `as` value and it is preloaded intentionally. @ http://localhost:3000/dashboard:0
[ 3368954ms] [WARNING] The resource http://localhost:3000/_next/static/css/app/layout.css?v=1782856022999 was preloaded using link preload but not used within a few seconds from the window's load event. Please make sure it has an appropriate `as` value and it is preloaded intentionally. @ http://localhost:3000/dashboard:0
[ 3368954ms] [WARNING] The resource http://localhost:3000/_next/static/css/app/layout.css?v=1782855773671 was preloaded using link preload but not used within a few seconds from the window's load event. Please make sure it has an appropriate `as` value and it is preloaded intentionally. @ http://localhost:3000/dashboard:0
[ 3368954ms] [WARNING] The resource http://localhost:3000/_next/static/css/app/layout.css?v=1782855669941 was preloaded using link preload but not used within a few seconds from the window's load event. Please make sure it has an appropriate `as` value and it is preloaded intentionally. @ http://localhost:3000/dashboard:0
[ 3368954ms] [WARNING] The resource http://localhost:3000/_next/static/css/app/layout.css?v=1782855573308 was preloaded using link preload but not used within a few seconds from the window's load event. Please make sure it has an appropriate `as` value and it is preloaded intentionally. @ http://localhost:3000/dashboard:0
[ 3368954ms] [WARNING] The resource http://localhost:3000/_next/static/css/app/layout.css?v=1782855910503 was preloaded using link preload but not used within a few seconds from the window's load event. Please make sure it has an appropriate `as` value and it is preloaded intentionally. @ http://localhost:3000/dashboard:0
[ 3368954ms] [WARNING] The resource http://localhost:3000/_next/static/css/app/layout.css?v=1782855193150 was preloaded using link preload but not used within a few seconds from the window's load event. Please make sure it has an appropriate `as` value and it is preloaded intentionally. @ http://localhost:3000/dashboard:0
[ 3368954ms] [WARNING] The resource http://localhost:3000/_next/static/css/app/layout.css?v=1782856069853 was preloaded using link preload but not used within a few seconds from the window's load event. Please make sure it has an appropriate `as` value and it is preloaded intentionally. @ http://localhost:3000/dashboard:0
[ 3373941ms] [WARNING] The resource http://localhost:3000/_next/static/css/app/layout.css?v=1782855880636 was preloaded using link preload but not used within a few seconds from the window's load event. Please make sure it has an appropriate `as` value and it is preloaded intentionally. @ http://localhost:3000/dashboard:0
[ 3373941ms] [WARNING] The resource http://localhost:3000/_next/static/css/app/layout.css?v=1782855193439 was preloaded using link preload but not used within a few seconds from the window's load event. Please make sure it has an appropriate `as` value and it is preloaded intentionally. @ http://localhost:3000/dashboard:0
[ 3373941ms] [WARNING] The resource http://localhost:3000/_next/static/css/app/layout.css?v=1782855414341 was preloaded using link preload but not used within a few seconds from the window's load event. Please make sure it has an appropriate `as` value and it is preloaded intentionally. @ http://localhost:3000/dashboard:0
[ 3373941ms] [WARNING] The resource http://localhost:3000/_next/static/css/app/layout.css?v=1782856022999 was preloaded using link preload but not used within a few seconds from the window's load event. Please make sure it has an appropriate `as` value and it is preloaded intentionally. @ http://localhost:3000/dashboard:0
[ 3373941ms] [WARNING] The resource http://localhost:3000/_next/static/css/app/layout.css?v=1782855773671 was preloaded using link preload but not used within a few seconds from the window's load event. Please make sure it has an appropriate `as` value and it is preloaded intentionally. @ http://localhost:3000/dashboard:0
[ 3373941ms] [WARNING] The resource http://localhost:3000/_next/static/css/app/layout.css?v=1782855669941 was preloaded using link preload but not used within a few seconds from the window's load event. Please make sure it has an appropriate `as` value and it is preloaded intentionally. @ http://localhost:3000/dashboard:0
[ 3373941ms] [WARNING] The resource http://localhost:3000/_next/static/css/app/layout.css?v=1782855573308 was preloaded using link preload but not used within a few seconds from the window's load event. Please make sure it has an appropriate `as` value and it is preloaded intentionally. @ http://localhost:3000/dashboard:0
[ 3373941ms] [WARNING] The resource http://localhost:3000/_next/static/css/app/layout.css?v=1782855910503 was preloaded using link preload but not used within a few seconds from the window's load event. Please make sure it has an appropriate `as` value and it is preloaded intentionally. @ http://localhost:3000/dashboard:0
[ 3373941ms] [WARNING] The resource http://localhost:3000/_next/static/css/app/layout.css?v=1782855193150 was preloaded using link preload but not used within a few seconds from the window's load event. Please make sure it has an appropriate `as` value and it is preloaded intentionally. @ http://localhost:3000/dashboard:0
[ 3373941ms] [WARNING] The resource http://localhost:3000/_next/static/css/app/layout.css?v=1782856069853 was preloaded using link preload but not used within a few seconds from the window's load event. Please make sure it has an appropriate `as` value and it is preloaded intentionally. @ http://localhost:3000/dashboard:0
[ 3378948ms] [WARNING] The resource http://localhost:3000/_next/static/css/app/layout.css?v=1782855880636 was preloaded using link preload but not used within a few seconds from the window's load event. Please make sure it has an appropriate `as` value and it is preloaded intentionally. @ http://localhost:3000/dashboard:0
[ 3378948ms] [WARNING] The resource http://localhost:3000/_next/static/css/app/layout.css?v=1782855193439 was preloaded using link preload but not used within a few seconds from the window's load event. Please make sure it has an appropriate `as` value and it is preloaded intentionally. @ http://localhost:3000/dashboard:0
[ 3378948ms] [WARNING] The resource http://localhost:3000/_next/static/css/app/layout.css?v=1782855414341 was preloaded using link preload but not used within a few seconds from the window's load event. Please make sure it has an appropriate `as` value and it is preloaded intentionally. @ http://localhost:3000/dashboard:0
[ 3378948ms] [WARNING] The resource http://localhost:3000/_next/static/css/app/layout.css?v=1782856022999 was preloaded using link preload but not used within a few seconds from the window's load event. Please make sure it has an appropriate `as` value and it is preloaded intentionally. @ http://localhost:3000/dashboard:0
[ 3378948ms] [WARNING] The resource http://localhost:3000/_next/static/css/app/layout.css?v=1782855773671 was preloaded using link preload but not used within a few seconds from the window's load event. Please make sure it has an appropriate `as` value and it is preloaded intentionally. @ http://localhost:3000/dashboard:0
[ 3378948ms] [WARNING] The resource http://localhost:3000/_next/static/css/app/layout.css?v=1782855669941 was preloaded using link preload but not used within a few seconds from the window's load event. Please make sure it has an appropriate `as` value and it is preloaded intentionally. @ http://localhost:3000/dashboard:0
[ 3378948ms] [WARNING] The resource http://localhost:3000/_next/static/css/app/layout.css?v=1782855573308 was preloaded using link preload but not used within a few seconds from the window's load event. Please make sure it has an appropriate `as` value and it is preloaded intentionally. @ http://localhost:3000/dashboard:0
[ 3378948ms] [WARNING] The resource http://localhost:3000/_next/static/css/app/layout.css?v=1782855910503 was preloaded using link preload but not used within a few seconds from the window's load event. Please make sure it has an appropriate `as` value and it is preloaded intentionally. @ http://localhost:3000/dashboard:0
[ 3378948ms] [WARNING] The resource http://localhost:3000/_next/static/css/app/layout.css?v=1782855193150 was preloaded using link preload but not used within a few seconds from the window's load event. Please make sure it has an appropriate `as` value and it is preloaded intentionally. @ http://localhost:3000/dashboard:0
[ 3378948ms] [WARNING] The resource http://localhost:3000/_next/static/css/app/layout.css?v=1782856069853 was preloaded using link preload but not used within a few seconds from the window's load event. Please make sure it has an appropriate `as` value and it is preloaded intentionally. @ http://localhost:3000/dashboard:0
[ 3383956ms] [WARNING] The resource http://localhost:3000/_next/static/css/app/layout.css?v=1782855880636 was preloaded using link preload but not used within a few seconds from the window's load event. Please make sure it has an appropriate `as` value and it is preloaded intentionally. @ http://localhost:3000/dashboard:0
[ 3383956ms] [WARNING] The resource http://localhost:3000/_next/static/css/app/layout.css?v=1782855193439 was preloaded using link preload but not used within a few seconds from the window's load event. Please make sure it has an appropriate `as` value and it is preloaded intentionally. @ http://localhost:3000/dashboard:0
[ 3383956ms] [WARNING] The resource http://localhost:3000/_next/static/css/app/layout.css?v=1782855414341 was preloaded using link preload but not used within a few seconds from the window's load event. Please make sure it has an appropriate `as` value and it is preloaded intentionally. @ http://localhost:3000/dashboard:0
[ 3383956ms] [WARNING] The resource http://localhost:3000/_next/static/css/app/layout.css?v=1782856022999 was preloaded using link preload but not used within a few seconds from the window's load event. Please make sure it has an appropriate `as` value and it is preloaded intentionally. @ http://localhost:3000/dashboard:0
[ 3383956ms] [WARNING] The resource http://localhost:3000/_next/static/css/app/layout.css?v=1782855773671 was preloaded using link preload but not used within a few seconds from the window's load event. Please make sure it has an appropriate `as` value and it is preloaded intentionally. @ http://localhost:3000/dashboard:0
[ 3383957ms] [WARNING] The resource http://localhost:3000/_next/static/css/app/layout.css?v=1782855669941 was preloaded using link preload but not used within a few seconds from the window's load event. Please make sure it has an appropriate `as` value and it is preloaded intentionally. @ http://localhost:3000/dashboard:0
[ 3383957ms] [WARNING] The resource http://localhost:3000/_next/static/css/app/layout.css?v=1782855573308 was preloaded using link preload but not used within a few seconds from the window's load event. Please make sure it has an appropriate `as` value and it is preloaded intentionally. @ http://localhost:3000/dashboard:0
[ 3383957ms] [WARNING] The resource http://localhost:3000/_next/static/css/app/layout.css?v=1782855910503 was preloaded using link preload but not used within a few seconds from the window's load event. Please make sure it has an appropriate `as` value and it is preloaded intentionally. @ http://localhost:3000/dashboard:0
[ 3383957ms] [WARNING] The resource http://localhost:3000/_next/static/css/app/layout.css?v=1782855193150 was preloaded using link preload but not used within a few seconds from the window's load event. Please make sure it has an appropriate `as` value and it is preloaded intentionally. @ http://localhost:3000/dashboard:0
[ 3383957ms] [WARNING] The resource http://localhost:3000/_next/static/css/app/layout.css?v=1782856069853 was preloaded using link preload but not used within a few seconds from the window's load event. Please make sure it has an appropriate `as` value and it is preloaded intentionally. @ http://localhost:3000/dashboard:0
[ 3388947ms] [WARNING] The resource http://localhost:3000/_next/static/css/app/layout.css?v=1782855880636 was preloaded using link preload but not used within a few seconds from the window's load event. Please make sure it has an appropriate `as` value and it is preloaded intentionally. @ http://localhost:3000/dashboard:0
[ 3388947ms] [WARNING] The resource http://localhost:3000/_next/static/css/app/layout.css?v=1782855193439 was preloaded using link preload but not used within a few seconds from the window's load event. Please make sure it has an appropriate `as` value and it is preloaded intentionally. @ http://localhost:3000/dashboard:0
[ 3388947ms] [WARNING] The resource http://localhost:3000/_next/static/css/app/layout.css?v=1782855414341 was preloaded using link preload but not used within a few seconds from the window's load event. Please make sure it has an appropriate `as` value and it is preloaded intentionally. @ http://localhost:3000/dashboard:0
[ 3388947ms] [WARNING] The resource http://localhost:3000/_next/static/css/app/layout.css?v=1782856022999 was preloaded using link preload but not used within a few seconds from the window's load event. Please make sure it has an appropriate `as` value and it is preloaded intentionally. @ http://localhost:3000/dashboard:0
[ 3388947ms] [WARNING] The resource http://localhost:3000/_next/static/css/app/layout.css?v=1782855773671 was preloaded using link preload but not used within a few seconds from the window's load event. Please make sure it has an appropriate `as` value and it is preloaded intentionally. @ http://localhost:3000/dashboard:0
[ 3388947ms] [WARNING] The resource http://localhost:3000/_next/static/css/app/layout.css?v=1782855669941 was preloaded using link preload but not used within a few seconds from the window's load event. Please make sure it has an appropriate `as` value and it is preloaded intentionally. @ http://localhost:3000/dashboard:0
[ 3388947ms] [WARNING] The resource http://localhost:3000/_next/static/css/app/layout.css?v=1782855573308 was preloaded using link preload but not used within a few seconds from the window's load event. Please make sure it has an appropriate `as` value and it is preloaded intentionally. @ http://localhost:3000/dashboard:0
[ 3388947ms] [WARNING] The resource http://localhost:3000/_next/static/css/app/layout.css?v=1782855910503 was preloaded using link preload but not used within a few seconds from the window's load event. Please make sure it has an appropriate `as` value and it is preloaded intentionally. @ http://localhost:3000/dashboard:0
[ 3388947ms] [WARNING] The resource http://localhost:3000/_next/static/css/app/layout.css?v=1782855193150 was preloaded using link preload but not used within a few seconds from the window's load event. Please make sure it has an appropriate `as` value and it is preloaded intentionally. @ http://localhost:3000/dashboard:0
[ 3388947ms] [WARNING] The resource http://localhost:3000/_next/static/css/app/layout.css?v=1782856069853 was preloaded using link preload but not used within a few seconds from the window's load event. Please make sure it has an appropriate `as` value and it is preloaded intentionally. @ http://localhost:3000/dashboard:0
[ 3393944ms] [WARNING] The resource http://localhost:3000/_next/static/css/app/layout.css?v=1782855880636 was preloaded using link preload but not used within a few seconds from the window's load event. Please make sure it has an appropriate `as` value and it is preloaded intentionally. @ http://localhost:3000/dashboard:0
[ 3393944ms] [WARNING] The resource http://localhost:3000/_next/static/css/app/layout.css?v=1782855193439 was preloaded using link preload but not used within a few seconds from the window's load event. Please make sure it has an appropriate `as` value and it is preloaded intentionally. @ http://localhost:3000/dashboard:0
[ 3393944ms] [WARNING] The resource http://localhost:3000/_next/static/css/app/layout.css?v=1782855414341 was preloaded using link preload but not used within a few seconds from the window's load event. Please make sure it has an appropriate `as` value and it is preloaded intentionally. @ http://localhost:3000/dashboard:0
[ 3393944ms] [WARNING] The resource http://localhost:3000/_next/static/css/app/layout.css?v=1782856022999 was preloaded using link preload but not used within a few seconds from the window's load event. Please make sure it has an appropriate `as` value and it is preloaded intentionally. @ http://localhost:3000/dashboard:0
[ 3393944ms] [WARNING] The resource http://localhost:3000/_next/static/css/app/layout.css?v=1782855773671 was preloaded using link preload but not used within a few seconds from the window's load event. Please make sure it has an appropriate `as` value and it is preloaded intentionally. @ http://localhost:3000/dashboard:0
[ 3393944ms] [WARNING] The resource http://localhost:3000/_next/static/css/app/layout.css?v=1782855669941 was preloaded using link preload but not used within a few seconds from the window's load event. Please make sure it has an appropriate `as` value and it is preloaded intentionally. @ http://localhost:3000/dashboard:0
[ 3393944ms] [WARNING] The resource http://localhost:3000/_next/static/css/app/layout.css?v=1782855573308 was preloaded using link preload but not used within a few seconds from the window's load event. Please make sure it has an appropriate `as` value and it is preloaded intentionally. @ http://localhost:3000/dashboard:0
[ 3393944ms] [WARNING] The resource http://localhost:3000/_next/static/css/app/layout.css?v=1782855910503 was preloaded using link preload but not used within a few seconds from the window's load event. Please make sure it has an appropriate `as` value and it is preloaded intentionally. @ http://localhost:3000/dashboard:0
[ 3393944ms] [WARNING] The resource http://localhost:3000/_next/static/css/app/layout.css?v=1782855193150 was preloaded using link preload but not used within a few seconds from the window's load event. Please make sure it has an appropriate `as` value and it is preloaded intentionally. @ http://localhost:3000/dashboard:0
[ 3393944ms] [WARNING] The resource http://localhost:3000/_next/static/css/app/layout.css?v=1782856069853 was preloaded using link preload but not used within a few seconds from the window's load event. Please make sure it has an appropriate `as` value and it is preloaded intentionally. @ http://localhost:3000/dashboard:0
[ 3398951ms] [WARNING] The resource http://localhost:3000/_next/static/css/app/layout.css?v=1782855880636 was preloaded using link preload but not used within a few seconds from the window's load event. Please make sure it has an appropriate `as` value and it is preloaded intentionally. @ http://localhost:3000/dashboard:0
[ 3398951ms] [WARNING] The resource http://localhost:3000/_next/static/css/app/layout.css?v=1782855193439 was preloaded using link preload but not used within a few seconds from the window's load event. Please make sure it has an appropriate `as` value and it is preloaded intentionally. @ http://localhost:3000/dashboard:0
[ 3398951ms] [WARNING] The resource http://localhost:3000/_next/static/css/app/layout.css?v=1782855414341 was preloaded using link preload but not used within a few seconds from the window's load event. Please make sure it has an appropriate `as` value and it is preloaded intentionally. @ http://localhost:3000/dashboard:0
[ 3398951ms] [WARNING] The resource http://localhost:3000/_next/static/css/app/layout.css?v=1782856022999 was preloaded using link preload but not used within a few seconds from the window's load event. Please make sure it has an appropriate `as` value and it is preloaded intentionally. @ http://localhost:3000/dashboard:0
[ 3398951ms] [WARNING] The resource http://localhost:3000/_next/static/css/app/layout.css?v=1782855773671 was preloaded using link preload but not used within a few seconds from the window's load event. Please make sure it has an appropriate `as` value and it is preloaded intentionally. @ http://localhost:3000/dashboard:0
[ 3398951ms] [WARNING] The resource http://localhost:3000/_next/static/css/app/layout.css?v=1782855669941 was preloaded using link preload but not used within a few seconds from the window's load event. Please make sure it has an appropriate `as` value and it is preloaded intentionally. @ http://localhost:3000/dashboard:0
[ 3398951ms] [WARNING] The resource http://localhost:3000/_next/static/css/app/layout.css?v=1782855573308 was preloaded using link preload but not used within a few seconds from the window's load event. Please make sure it has an appropriate `as` value and it is preloaded intentionally. @ http://localhost:3000/dashboard:0
[ 3398951ms] [WARNING] The resource http://localhost:3000/_next/static/css/app/layout.css?v=1782855910503 was preloaded using link preload but not used within a few seconds from the window's load event. Please make sure it has an appropriate `as` value and it is preloaded intentionally. @ http://localhost:3000/dashboard:0
[ 3398951ms] [WARNING] The resource http://localhost:3000/_next/static/css/app/layout.css?v=1782855193150 was preloaded using link preload but not used within a few seconds from the window's load event. Please make sure it has an appropriate `as` value and it is preloaded intentionally. @ http://localhost:3000/dashboard:0
[ 3398951ms] [WARNING] The resource http://localhost:3000/_next/static/css/app/layout.css?v=1782856069853 was preloaded using link preload but not used within a few seconds from the window's load event. Please make sure it has an appropriate `as` value and it is preloaded intentionally. @ http://localhost:3000/dashboard:0
[ 3403941ms] [WARNING] The resource http://localhost:3000/_next/static/css/app/layout.css?v=1782855880636 was preloaded using link preload but not used within a few seconds from the window's load event. Please make sure it has an appropriate `as` value and it is preloaded intentionally. @ http://localhost:3000/dashboard:0
[ 3403941ms] [WARNING] The resource http://localhost:3000/_next/static/css/app/layout.css?v=1782855193439 was preloaded using link preload but not used within a few seconds from the window's load event. Please make sure it has an appropriate `as` value and it is preloaded intentionally. @ http://localhost:3000/dashboard:0
[ 3403941ms] [WARNING] The resource http://localhost:3000/_next/static/css/app/layout.css?v=1782855414341 was preloaded using link preload but not used within a few seconds from the window's load event. Please make sure it has an appropriate `as` value and it is preloaded intentionally. @ http://localhost:3000/dashboard:0
[ 3403941ms] [WARNING] The resource http://localhost:3000/_next/static/css/app/layout.css?v=1782856022999 was preloaded using link preload but not used within a few seconds from the window's load event. Please make sure it has an appropriate `as` value and it is preloaded intentionally. @ http://localhost:3000/dashboard:0
[ 3403941ms] [WARNING] The resource http://localhost:3000/_next/static/css/app/layout.css?v=1782855773671 was preloaded using link preload but not used within a few seconds from the window's load event. Please make sure it has an appropriate `as` value and it is preloaded intentionally. @ http://localhost:3000/dashboard:0
[ 3403941ms] [WARNING] The resource http://localhost:3000/_next/static/css/app/layout.css?v=1782855669941 was preloaded using link preload but not used within a few seconds from the window's load event. Please make sure it has an appropriate `as` value and it is preloaded intentionally. @ http://localhost:3000/dashboard:0
[ 3403941ms] [WARNING] The resource http://localhost:3000/_next/static/css/app/layout.css?v=1782855573308 was preloaded using link preload but not used within a few seconds from the window's load event. Please make sure it has an appropriate `as` value and it is preloaded intentionally. @ http://localhost:3000/dashboard:0
[ 3403941ms] [WARNING] The resource http://localhost:3000/_next/static/css/app/layout.css?v=1782855910503 was preloaded using link preload but not used within a few seconds from the window's load event. Please make sure it has an appropriate `as` value and it is preloaded intentionally. @ http://localhost:3000/dashboard:0
[ 3403941ms] [WARNING] The resource http://localhost:3000/_next/static/css/app/layout.css?v=1782855193150 was preloaded using link preload but not used within a few seconds from the window's load event. Please make sure it has an appropriate `as` value and it is preloaded intentionally. @ http://localhost:3000/dashboard:0
[ 3403941ms] [WARNING] The resource http://localhost:3000/_next/static/css/app/layout.css?v=1782856069853 was preloaded using link preload but not used within a few seconds from the window's load event. Please make sure it has an appropriate `as` value and it is preloaded intentionally. @ http://localhost:3000/dashboard:0
[ 3408949ms] [WARNING] The resource http://localhost:3000/_next/static/css/app/layout.css?v=1782855880636 was preloaded using link preload but not used within a few seconds from the window's load event. Please make sure it has an appropriate `as` value and it is preloaded intentionally. @ http://localhost:3000/dashboard:0
[ 3408949ms] [WARNING] The resource http://localhost:3000/_next/static/css/app/layout.css?v=1782855193439 was preloaded using link preload but not used within a few seconds from the window's load event. Please make sure it has an appropriate `as` value and it is preloaded intentionally. @ http://localhost:3000/dashboard:0
[ 3408950ms] [WARNING] The resource http://localhost:3000/_next/static/css/app/layout.css?v=1782855414341 was preloaded using link preload but not used within a few seconds from the window's load event. Please make sure it has an appropriate `as` value and it is preloaded intentionally. @ http://localhost:3000/dashboard:0
[ 3408950ms] [WARNING] The resource http://localhost:3000/_next/static/css/app/layout.css?v=1782856022999 was preloaded using link preload but not used within a few seconds from the window's load event. Please make sure it has an appropriate `as` value and it is preloaded intentionally. @ http://localhost:3000/dashboard:0
[ 3408950ms] [WARNING] The resource http://localhost:3000/_next/static/css/app/layout.css?v=1782855773671 was preloaded using link preload but not used within a few seconds from the window's load event. Please make sure it has an appropriate `as` value and it is preloaded intentionally. @ http://localhost:3000/dashboard:0
[ 3408950ms] [WARNING] The resource http://localhost:3000/_next/static/css/app/layout.css?v=1782855669941 was preloaded using link preload but not used within a few seconds from the window's load event. Please make sure it has an appropriate `as` value and it is preloaded intentionally. @ http://localhost:3000/dashboard:0
[ 3408950ms] [WARNING] The resource http://localhost:3000/_next/static/css/app/layout.css?v=1782855573308 was preloaded using link preload but not used within a few seconds from the window's load event. Please make sure it has an appropriate `as` value and it is preloaded intentionally. @ http://localhost:3000/dashboard:0
[ 3408950ms] [WARNING] The resource http://localhost:3000/_next/static/css/app/layout.css?v=1782855910503 was preloaded using link preload but not used within a few seconds from the window's load event. Please make sure it has an appropriate `as` value and it is preloaded intentionally. @ http://localhost:3000/dashboard:0
[ 3408950ms] [WARNING] The resource http://localhost:3000/_next/static/css/app/layout.css?v=1782855193150 was preloaded using link preload but not used within a few seconds from the window's load event. Please make sure it has an appropriate `as` value and it is preloaded intentionally. @ http://localhost:3000/dashboard:0
[ 3408950ms] [WARNING] The resource http://localhost:3000/_next/static/css/app/layout.css?v=1782856069853 was preloaded using link preload but not used within a few seconds from the window's load event. Please make sure it has an appropriate `as` value and it is preloaded intentionally. @ http://localhost:3000/dashboard:0
[ 3413952ms] [WARNING] The resource http://localhost:3000/_next/static/css/app/layout.css?v=1782855880636 was preloaded using link preload but not used within a few seconds from the window's load event. Please make sure it has an appropriate `as` value and it is preloaded intentionally. @ http://localhost:3000/dashboard:0
[ 3413952ms] [WARNING] The resource http://localhost:3000/_next/static/css/app/layout.css?v=1782855193439 was preloaded using link preload but not used within a few seconds from the window's load event. Please make sure it has an appropriate `as` value and it is preloaded intentionally. @ http://localhost:3000/dashboard:0
[ 3413952ms] [WARNING] The resource http://localhost:3000/_next/static/css/app/layout.css?v=1782855414341 was preloaded using link preload but not used within a few seconds from the window's load event. Please make sure it has an appropriate `as` value and it is preloaded intentionally. @ http://localhost:3000/dashboard:0
[ 3413952ms] [WARNING] The resource http://localhost:3000/_next/static/css/app/layout.css?v=1782856022999 was preloaded using link preload but not used within a few seconds from the window's load event. Please make sure it has an appropriate `as` value and it is preloaded intentionally. @ http://localhost:3000/dashboard:0
[ 3413952ms] [WARNING] The resource http://localhost:3000/_next/static/css/app/layout.css?v=1782855773671 was preloaded using link preload but not used within a few seconds from the window's load event. Please make sure it has an appropriate `as` value and it is preloaded intentionally. @ http://localhost:3000/dashboard:0
[ 3413952ms] [WARNING] The resource http://localhost:3000/_next/static/css/app/layout.css?v=1782855669941 was preloaded using link preload but not used within a few seconds from the window's load event. Please make sure it has an appropriate `as` value and it is preloaded intentionally. @ http://localhost:3000/dashboard:0
[ 3413952ms] [WARNING] The resource http://localhost:3000/_next/static/css/app/layout.css?v=1782855573308 was preloaded using link preload but not used within a few seconds from the window's load event. Please make sure it has an appropriate `as` value and it is preloaded intentionally. @ http://localhost:3000/dashboard:0
[ 3413952ms] [WARNING] The resource http://localhost:3000/_next/static/css/app/layout.css?v=1782855910503 was preloaded using link preload but not used within a few seconds from the window's load event. Please make sure it has an appropriate `as` value and it is preloaded intentionally. @ http://localhost:3000/dashboard:0
[ 3413952ms] [WARNING] The resource http://localhost:3000/_next/static/css/app/layout.css?v=1782855193150 was preloaded using link preload but not used within a few seconds from the window's load event. Please make sure it has an appropriate `as` value and it is preloaded intentionally. @ http://localhost:3000/dashboard:0
[ 3413952ms] [WARNING] The resource http://localhost:3000/_next/static/css/app/layout.css?v=1782856069853 was preloaded using link preload but not used within a few seconds from the window's load event. Please make sure it has an appropriate `as` value and it is preloaded intentionally. @ http://localhost:3000/dashboard:0
[ 3418946ms] [WARNING] The resource http://localhost:3000/_next/static/css/app/layout.css?v=1782855880636 was preloaded using link preload but not used within a few seconds from the window's load event. Please make sure it has an appropriate `as` value and it is preloaded intentionally. @ http://localhost:3000/dashboard:0
[ 3418946ms] [WARNING] The resource http://localhost:3000/_next/static/css/app/layout.css?v=1782855193439 was preloaded using link preload but not used within a few seconds from the window's load event. Please make sure it has an appropriate `as` value and it is preloaded intentionally. @ http://localhost:3000/dashboard:0
[ 3418946ms] [WARNING] The resource http://localhost:3000/_next/static/css/app/layout.css?v=1782855414341 was preloaded using link preload but not used within a few seconds from the window's load event. Please make sure it has an appropriate `as` value and it is preloaded intentionally. @ http://localhost:3000/dashboard:0
[ 3418946ms] [WARNING] The resource http://localhost:3000/_next/static/css/app/layout.css?v=1782856022999 was preloaded using link preload but not used within a few seconds from the window's load event. Please make sure it has an appropriate `as` value and it is preloaded intentionally. @ http://localhost:3000/dashboard:0
[ 3418946ms] [WARNING] The resource http://localhost:3000/_next/static/css/app/layout.css?v=1782855773671 was preloaded using link preload but not used within a few seconds from the window's load event. Please make sure it has an appropriate `as` value and it is preloaded intentionally. @ http://localhost:3000/dashboard:0
[ 3418946ms] [WARNING] The resource http://localhost:3000/_next/static/css/app/layout.css?v=1782855669941 was preloaded using link preload but not used within a few seconds from the window's load event. Please make sure it has an appropriate `as` value and it is preloaded intentionally. @ http://localhost:3000/dashboard:0
[ 3418946ms] [WARNING] The resource http://localhost:3000/_next/static/css/app/layout.css?v=1782855573308 was preloaded using link preload but not used within a few seconds from the window's load event. Please make sure it has an appropriate `as` value and it is preloaded intentionally. @ http://localhost:3000/dashboard:0
[ 3418947ms] [WARNING] The resource http://localhost:3000/_next/static/css/app/layout.css?v=1782855910503 was preloaded using link preload but not used within a few seconds from the window's load event. Please make sure it has an appropriate `as` value and it is preloaded intentionally. @ http://localhost:3000/dashboard:0
[ 3418947ms] [WARNING] The resource http://localhost:3000/_next/static/css/app/layout.css?v=1782855193150 was preloaded using link preload but not used within a few seconds from the window's load event. Please make sure it has an appropriate `as` value and it is preloaded intentionally. @ http://localhost:3000/dashboard:0
[ 3418947ms] [WARNING] The resource http://localhost:3000/_next/static/css/app/layout.css?v=1782856069853 was preloaded using link preload but not used within a few seconds from the window's load event. Please make sure it has an appropriate `as` value and it is preloaded intentionally. @ http://localhost:3000/dashboard:0
[ 3423950ms] [WARNING] The resource http://localhost:3000/_next/static/css/app/layout.css?v=1782855880636 was preloaded using link preload but not used within a few seconds from the window's load event. Please make sure it has an appropriate `as` value and it is preloaded intentionally. @ http://localhost:3000/dashboard:0
[ 3423950ms] [WARNING] The resource http://localhost:3000/_next/static/css/app/layout.css?v=1782855193439 was preloaded using link preload but not used within a few seconds from the window's load event. Please make sure it has an appropriate `as` value and it is preloaded intentionally. @ http://localhost:3000/dashboard:0
[ 3423950ms] [WARNING] The resource http://localhost:3000/_next/static/css/app/layout.css?v=1782855414341 was preloaded using link preload but not used within a few seconds from the window's load event. Please make sure it has an appropriate `as` value and it is preloaded intentionally. @ http://localhost:3000/dashboard:0
[ 3423950ms] [WARNING] The resource http://localhost:3000/_next/static/css/app/layout.css?v=1782856022999 was preloaded using link preload but not used within a few seconds from the window's load event. Please make sure it has an appropriate `as` value and it is preloaded intentionally. @ http://localhost:3000/dashboard:0
[ 3423950ms] [WARNING] The resource http://localhost:3000/_next/static/css/app/layout.css?v=1782855773671 was preloaded using link preload but not used within a few seconds from the window's load event. Please make sure it has an appropriate `as` value and it is preloaded intentionally. @ http://localhost:3000/dashboard:0
[ 3423950ms] [WARNING] The resource http://localhost:3000/_next/static/css/app/layout.css?v=1782855669941 was preloaded using link preload but not used within a few seconds from the window's load event. Please make sure it has an appropriate `as` value and it is preloaded intentionally. @ http://localhost:3000/dashboard:0
[ 3423950ms] [WARNING] The resource http://localhost:3000/_next/static/css/app/layout.css?v=1782855573308 was preloaded using link preload but not used within a few seconds from the window's load event. Please make sure it has an appropriate `as` value and it is preloaded intentionally. @ http://localhost:3000/dashboard:0
[ 3423950ms] [WARNING] The resource http://localhost:3000/_next/static/css/app/layout.css?v=1782855910503 was preloaded using link preload but not used within a few seconds from the window's load event. Please make sure it has an appropriate `as` value and it is preloaded intentionally. @ http://localhost:3000/dashboard:0
[ 3423950ms] [WARNING] The resource http://localhost:3000/_next/static/css/app/layout.css?v=1782855193150 was preloaded using link preload but not used within a few seconds from the window's load event. Please make sure it has an appropriate `as` value and it is preloaded intentionally. @ http://localhost:3000/dashboard:0
[ 3423950ms] [WARNING] The resource http://localhost:3000/_next/static/css/app/layout.css?v=1782856069853 was preloaded using link preload but not used within a few seconds from the window's load event. Please make sure it has an appropriate `as` value and it is preloaded intentionally. @ http://localhost:3000/dashboard:0
[ 3428936ms] [WARNING] The resource http://localhost:3000/_next/static/css/app/layout.css?v=1782855880636 was preloaded using link preload but not used within a few seconds from the window's load event. Please make sure it has an appropriate `as` value and it is preloaded intentionally. @ http://localhost:3000/dashboard:0
[ 3428936ms] [WARNING] The resource http://localhost:3000/_next/static/css/app/layout.css?v=1782855193439 was preloaded using link preload but not used within a few seconds from the window's load event. Please make sure it has an appropriate `as` value and it is preloaded intentionally. @ http://localhost:3000/dashboard:0
[ 3428936ms] [WARNING] The resource http://localhost:3000/_next/static/css/app/layout.css?v=1782855414341 was preloaded using link preload but not used within a few seconds from the window's load event. Please make sure it has an appropriate `as` value and it is preloaded intentionally. @ http://localhost:3000/dashboard:0
[ 3428936ms] [WARNING] The resource http://localhost:3000/_next/static/css/app/layout.css?v=1782856022999 was preloaded using link preload but not used within a few seconds from the window's load event. Please make sure it has an appropriate `as` value and it is preloaded intentionally. @ http://localhost:3000/dashboard:0
[ 3428936ms] [WARNING] The resource http://localhost:3000/_next/static/css/app/layout.css?v=1782855773671 was preloaded using link preload but not used within a few seconds from the window's load event. Please make sure it has an appropriate `as` value and it is preloaded intentionally. @ http://localhost:3000/dashboard:0
[ 3428936ms] [WARNING] The resource http://localhost:3000/_next/static/css/app/layout.css?v=1782855669941 was preloaded using link preload but not used within a few seconds from the window's load event. Please make sure it has an appropriate `as` value and it is preloaded intentionally. @ http://localhost:3000/dashboard:0
[ 3428936ms] [WARNING] The resource http://localhost:3000/_next/static/css/app/layout.css?v=1782855573308 was preloaded using link preload but not used within a few seconds from the window's load event. Please make sure it has an appropriate `as` value and it is preloaded intentionally. @ http://localhost:3000/dashboard:0
[ 3428936ms] [WARNING] The resource http://localhost:3000/_next/static/css/app/layout.css?v=1782855910503 was preloaded using link preload but not used within a few seconds from the window's load event. Please make sure it has an appropriate `as` value and it is preloaded intentionally. @ http://localhost:3000/dashboard:0
[ 3428936ms] [WARNING] The resource http://localhost:3000/_next/static/css/app/layout.css?v=1782855193150 was preloaded using link preload but not used within a few seconds from the window's load event. Please make sure it has an appropriate `as` value and it is preloaded intentionally. @ http://localhost:3000/dashboard:0
[ 3428936ms] [WARNING] The resource http://localhost:3000/_next/static/css/app/layout.css?v=1782856069853 was preloaded using link preload but not used within a few seconds from the window's load event. Please make sure it has an appropriate `as` value and it is preloaded intentionally. @ http://localhost:3000/dashboard:0
[ 3433943ms] [WARNING] The resource http://localhost:3000/_next/static/css/app/layout.css?v=1782855880636 was preloaded using link preload but not used within a few seconds from the window's load event. Please make sure it has an appropriate `as` value and it is preloaded intentionally. @ http://localhost:3000/dashboard:0
[ 3433943ms] [WARNING] The resource http://localhost:3000/_next/static/css/app/layout.css?v=1782855193439 was preloaded using link preload but not used within a few seconds from the window's load event. Please make sure it has an appropriate `as` value and it is preloaded intentionally. @ http://localhost:3000/dashboard:0
[ 3433943ms] [WARNING] The resource http://localhost:3000/_next/static/css/app/layout.css?v=1782855414341 was preloaded using link preload but not used within a few seconds from the window's load event. Please make sure it has an appropriate `as` value and it is preloaded intentionally. @ http://localhost:3000/dashboard:0
[ 3433943ms] [WARNING] The resource http://localhost:3000/_next/static/css/app/layout.css?v=1782856022999 was preloaded using link preload but not used within a few seconds from the window's load event. Please make sure it has an appropriate `as` value and it is preloaded intentionally. @ http://localhost:3000/dashboard:0
[ 3433943ms] [WARNING] The resource http://localhost:3000/_next/static/css/app/layout.css?v=1782855773671 was preloaded using link preload but not used within a few seconds from the window's load event. Please make sure it has an appropriate `as` value and it is preloaded intentionally. @ http://localhost:3000/dashboard:0
[ 3433943ms] [WARNING] The resource http://localhost:3000/_next/static/css/app/layout.css?v=1782855669941 was preloaded using link preload but not used within a few seconds from the window's load event. Please make sure it has an appropriate `as` value and it is preloaded intentionally. @ http://localhost:3000/dashboard:0
[ 3433943ms] [WARNING] The resource http://localhost:3000/_next/static/css/app/layout.css?v=1782855573308 was preloaded using link preload but not used within a few seconds from the window's load event. Please make sure it has an appropriate `as` value and it is preloaded intentionally. @ http://localhost:3000/dashboard:0
[ 3433943ms] [WARNING] The resource http://localhost:3000/_next/static/css/app/layout.css?v=1782855910503 was preloaded using link preload but not used within a few seconds from the window's load event. Please make sure it has an appropriate `as` value and it is preloaded intentionally. @ http://localhost:3000/dashboard:0
[ 3433943ms] [WARNING] The resource http://localhost:3000/_next/static/css/app/layout.css?v=1782855193150 was preloaded using link preload but not used within a few seconds from the window's load event. Please make sure it has an appropriate `as` value and it is preloaded intentionally. @ http://localhost:3000/dashboard:0
[ 3433943ms] [WARNING] The resource http://localhost:3000/_next/static/css/app/layout.css?v=1782856069853 was preloaded using link preload but not used within a few seconds from the window's load event. Please make sure it has an appropriate `as` value and it is preloaded intentionally. @ http://localhost:3000/dashboard:0
[ 3438938ms] [WARNING] The resource http://localhost:3000/_next/static/css/app/layout.css?v=1782855880636 was preloaded using link preload but not used within a few seconds from the window's load event. Please make sure it has an appropriate `as` value and it is preloaded intentionally. @ http://localhost:3000/dashboard:0
[ 3438938ms] [WARNING] The resource http://localhost:3000/_next/static/css/app/layout.css?v=1782855193439 was preloaded using link preload but not used within a few seconds from the window's load event. Please make sure it has an appropriate `as` value and it is preloaded intentionally. @ http://localhost:3000/dashboard:0
[ 3438938ms] [WARNING] The resource http://localhost:3000/_next/static/css/app/layout.css?v=1782855414341 was preloaded using link preload but not used within a few seconds from the window's load event. Please make sure it has an appropriate `as` value and it is preloaded intentionally. @ http://localhost:3000/dashboard:0
[ 3438938ms] [WARNING] The resource http://localhost:3000/_next/static/css/app/layout.css?v=1782856022999 was preloaded using link preload but not used within a few seconds from the window's load event. Please make sure it has an appropriate `as` value and it is preloaded intentionally. @ http://localhost:3000/dashboard:0
[ 3438938ms] [WARNING] The resource http://localhost:3000/_next/static/css/app/layout.css?v=1782855773671 was preloaded using link preload but not used within a few seconds from the window's load event. Please make sure it has an appropriate `as` value and it is preloaded intentionally. @ http://localhost:3000/dashboard:0
[ 3438939ms] [WARNING] The resource http://localhost:3000/_next/static/css/app/layout.css?v=1782855669941 was preloaded using link preload but not used within a few seconds from the window's load event. Please make sure it has an appropriate `as` value and it is preloaded intentionally. @ http://localhost:3000/dashboard:0
[ 3438939ms] [WARNING] The resource http://localhost:3000/_next/static/css/app/layout.css?v=1782855573308 was preloaded using link preload but not used within a few seconds from the window's load event. Please make sure it has an appropriate `as` value and it is preloaded intentionally. @ http://localhost:3000/dashboard:0
[ 3438939ms] [WARNING] The resource http://localhost:3000/_next/static/css/app/layout.css?v=1782855910503 was preloaded using link preload but not used within a few seconds from the window's load event. Please make sure it has an appropriate `as` value and it is preloaded intentionally. @ http://localhost:3000/dashboard:0
[ 3438939ms] [WARNING] The resource http://localhost:3000/_next/static/css/app/layout.css?v=1782855193150 was preloaded using link preload but not used within a few seconds from the window's load event. Please make sure it has an appropriate `as` value and it is preloaded intentionally. @ http://localhost:3000/dashboard:0
[ 3438939ms] [WARNING] The resource http://localhost:3000/_next/static/css/app/layout.css?v=1782856069853 was preloaded using link preload but not used within a few seconds from the window's load event. Please make sure it has an appropriate `as` value and it is preloaded intentionally. @ http://localhost:3000/dashboard:0
[ 3443939ms] [WARNING] The resource http://localhost:3000/_next/static/css/app/layout.css?v=1782855880636 was preloaded using link preload but not used within a few seconds from the window's load event. Please make sure it has an appropriate `as` value and it is preloaded intentionally. @ http://localhost:3000/dashboard:0
[ 3443939ms] [WARNING] The resource http://localhost:3000/_next/static/css/app/layout.css?v=1782855193439 was preloaded using link preload but not used within a few seconds from the window's load event. Please make sure it has an appropriate `as` value and it is preloaded intentionally. @ http://localhost:3000/dashboard:0
[ 3443939ms] [WARNING] The resource http://localhost:3000/_next/static/css/app/layout.css?v=1782855414341 was preloaded using link preload but not used within a few seconds from the window's load event. Please make sure it has an appropriate `as` value and it is preloaded intentionally. @ http://localhost:3000/dashboard:0
[ 3443939ms] [WARNING] The resource http://localhost:3000/_next/static/css/app/layout.css?v=1782856022999 was preloaded using link preload but not used within a few seconds from the window's load event. Please make sure it has an appropriate `as` value and it is preloaded intentionally. @ http://localhost:3000/dashboard:0
[ 3443939ms] [WARNING] The resource http://localhost:3000/_next/static/css/app/layout.css?v=1782855773671 was preloaded using link preload but not used within a few seconds from the window's load event. Please make sure it has an appropriate `as` value and it is preloaded intentionally. @ http://localhost:3000/dashboard:0
[ 3443939ms] [WARNING] The resource http://localhost:3000/_next/static/css/app/layout.css?v=1782855669941 was preloaded using link preload but not used within a few seconds from the window's load event. Please make sure it has an appropriate `as` value and it is preloaded intentionally. @ http://localhost:3000/dashboard:0
[ 3443939ms] [WARNING] The resource http://localhost:3000/_next/static/css/app/layout.css?v=1782855573308 was preloaded using link preload but not used within a few seconds from the window's load event. Please make sure it has an appropriate `as` value and it is preloaded intentionally. @ http://localhost:3000/dashboard:0
[ 3443939ms] [WARNING] The resource http://localhost:3000/_next/static/css/app/layout.css?v=1782855910503 was preloaded using link preload but not used within a few seconds from the window's load event. Please make sure it has an appropriate `as` value and it is preloaded intentionally. @ http://localhost:3000/dashboard:0
[ 3443939ms] [WARNING] The resource http://localhost:3000/_next/static/css/app/layout.css?v=1782855193150 was preloaded using link preload but not used within a few seconds from the window's load event. Please make sure it has an appropriate `as` value and it is preloaded intentionally. @ http://localhost:3000/dashboard:0
[ 3443939ms] [WARNING] The resource http://localhost:3000/_next/static/css/app/layout.css?v=1782856069853 was preloaded using link preload but not used within a few seconds from the window's load event. Please make sure it has an appropriate `as` value and it is preloaded intentionally. @ http://localhost:3000/dashboard:0
[ 3448944ms] [WARNING] The resource http://localhost:3000/_next/static/css/app/layout.css?v=1782855880636 was preloaded using link preload but not used within a few seconds from the window's load event. Please make sure it has an appropriate `as` value and it is preloaded intentionally. @ http://localhost:3000/dashboard:0
[ 3448944ms] [WARNING] The resource http://localhost:3000/_next/static/css/app/layout.css?v=1782855193439 was preloaded using link preload but not used within a few seconds from the window's load event. Please make sure it has an appropriate `as` value and it is preloaded intentionally. @ http://localhost:3000/dashboard:0
[ 3448944ms] [WARNING] The resource http://localhost:3000/_next/static/css/app/layout.css?v=1782855414341 was preloaded using link preload but not used within a few seconds from the window's load event. Please make sure it has an appropriate `as` value and it is preloaded intentionally. @ http://localhost:3000/dashboard:0
[ 3448944ms] [WARNING] The resource http://localhost:3000/_next/static/css/app/layout.css?v=1782856022999 was preloaded using link preload but not used within a few seconds from the window's load event. Please make sure it has an appropriate `as` value and it is preloaded intentionally. @ http://localhost:3000/dashboard:0
[ 3448944ms] [WARNING] The resource http://localhost:3000/_next/static/css/app/layout.css?v=1782855773671 was preloaded using link preload but not used within a few seconds from the window's load event. Please make sure it has an appropriate `as` value and it is preloaded intentionally. @ http://localhost:3000/dashboard:0
[ 3448944ms] [WARNING] The resource http://localhost:3000/_next/static/css/app/layout.css?v=1782855669941 was preloaded using link preload but not used within a few seconds from the window's load event. Please make sure it has an appropriate `as` value and it is preloaded intentionally. @ http://localhost:3000/dashboard:0
[ 3448944ms] [WARNING] The resource http://localhost:3000/_next/static/css/app/layout.css?v=1782855573308 was preloaded using link preload but not used within a few seconds from the window's load event. Please make sure it has an appropriate `as` value and it is preloaded intentionally. @ http://localhost:3000/dashboard:0
[ 3448944ms] [WARNING] The resource http://localhost:3000/_next/static/css/app/layout.css?v=1782855910503 was preloaded using link preload but not used within a few seconds from the window's load event. Please make sure it has an appropriate `as` value and it is preloaded intentionally. @ http://localhost:3000/dashboard:0
[ 3448944ms] [WARNING] The resource http://localhost:3000/_next/static/css/app/layout.css?v=1782855193150 was preloaded using link preload but not used within a few seconds from the window's load event. Please make sure it has an appropriate `as` value and it is preloaded intentionally. @ http://localhost:3000/dashboard:0
[ 3448944ms] [WARNING] The resource http://localhost:3000/_next/static/css/app/layout.css?v=1782856069853 was preloaded using link preload but not used within a few seconds from the window's load event. Please make sure it has an appropriate `as` value and it is preloaded intentionally. @ http://localhost:3000/dashboard:0
[ 3453948ms] [WARNING] The resource http://localhost:3000/_next/static/css/app/layout.css?v=1782855880636 was preloaded using link preload but not used within a few seconds from the window's load event. Please make sure it has an appropriate `as` value and it is preloaded intentionally. @ http://localhost:3000/dashboard:0
[ 3453948ms] [WARNING] The resource http://localhost:3000/_next/static/css/app/layout.css?v=1782855193439 was preloaded using link preload but not used within a few seconds from the window's load event. Please make sure it has an appropriate `as` value and it is preloaded intentionally. @ http://localhost:3000/dashboard:0
[ 3453948ms] [WARNING] The resource http://localhost:3000/_next/static/css/app/layout.css?v=1782855414341 was preloaded using link preload but not used within a few seconds from the window's load event. Please make sure it has an appropriate `as` value and it is preloaded intentionally. @ http://localhost:3000/dashboard:0
[ 3453948ms] [WARNING] The resource http://localhost:3000/_next/static/css/app/layout.css?v=1782856022999 was preloaded using link preload but not used within a few seconds from the window's load event. Please make sure it has an appropriate `as` value and it is preloaded intentionally. @ http://localhost:3000/dashboard:0
[ 3453948ms] [WARNING] The resource http://localhost:3000/_next/static/css/app/layout.css?v=1782855773671 was preloaded using link preload but not used within a few seconds from the window's load event. Please make sure it has an appropriate `as` value and it is preloaded intentionally. @ http://localhost:3000/dashboard:0
[ 3453948ms] [WARNING] The resource http://localhost:3000/_next/static/css/app/layout.css?v=1782855669941 was preloaded using link preload but not used within a few seconds from the window's load event. Please make sure it has an appropriate `as` value and it is preloaded intentionally. @ http://localhost:3000/dashboard:0
[ 3453948ms] [WARNING] The resource http://localhost:3000/_next/static/css/app/layout.css?v=1782855573308 was preloaded using link preload but not used within a few seconds from the window's load event. Please make sure it has an appropriate `as` value and it is preloaded intentionally. @ http://localhost:3000/dashboard:0
[ 3453948ms] [WARNING] The resource http://localhost:3000/_next/static/css/app/layout.css?v=1782855910503 was preloaded using link preload but not used within a few seconds from the window's load event. Please make sure it has an appropriate `as` value and it is preloaded intentionally. @ http://localhost:3000/dashboard:0
[ 3453948ms] [WARNING] The resource http://localhost:3000/_next/static/css/app/layout.css?v=1782855193150 was preloaded using link preload but not used within a few seconds from the window's load event. Please make sure it has an appropriate `as` value and it is preloaded intentionally. @ http://localhost:3000/dashboard:0
[ 3453948ms] [WARNING] The resource http://localhost:3000/_next/static/css/app/layout.css?v=1782856069853 was preloaded using link preload but not used within a few seconds from the window's load event. Please make sure it has an appropriate `as` value and it is preloaded intentionally. @ http://localhost:3000/dashboard:0
[ 3458946ms] [WARNING] The resource http://localhost:3000/_next/static/css/app/layout.css?v=1782855880636 was preloaded using link preload but not used within a few seconds from the window's load event. Please make sure it has an appropriate `as` value and it is preloaded intentionally. @ http://localhost:3000/dashboard:0
[ 3458946ms] [WARNING] The resource http://localhost:3000/_next/static/css/app/layout.css?v=1782855193439 was preloaded using link preload but not used within a few seconds from the window's load event. Please make sure it has an appropriate `as` value and it is preloaded intentionally. @ http://localhost:3000/dashboard:0
[ 3458946ms] [WARNING] The resource http://localhost:3000/_next/static/css/app/layout.css?v=1782855414341 was preloaded using link preload but not used within a few seconds from the window's load event. Please make sure it has an appropriate `as` value and it is preloaded intentionally. @ http://localhost:3000/dashboard:0
[ 3458946ms] [WARNING] The resource http://localhost:3000/_next/static/css/app/layout.css?v=1782856022999 was preloaded using link preload but not used within a few seconds from the window's load event. Please make sure it has an appropriate `as` value and it is preloaded intentionally. @ http://localhost:3000/dashboard:0
[ 3458946ms] [WARNING] The resource http://localhost:3000/_next/static/css/app/layout.css?v=1782855773671 was preloaded using link preload but not used within a few seconds from the window's load event. Please make sure it has an appropriate `as` value and it is preloaded intentionally. @ http://localhost:3000/dashboard:0
[ 3458946ms] [WARNING] The resource http://localhost:3000/_next/static/css/app/layout.css?v=1782855669941 was preloaded using link preload but not used within a few seconds from the window's load event. Please make sure it has an appropriate `as` value and it is preloaded intentionally. @ http://localhost:3000/dashboard:0
[ 3458946ms] [WARNING] The resource http://localhost:3000/_next/static/css/app/layout.css?v=1782855573308 was preloaded using link preload but not used within a few seconds from the window's load event. Please make sure it has an appropriate `as` value and it is preloaded intentionally. @ http://localhost:3000/dashboard:0
[ 3458946ms] [WARNING] The resource http://localhost:3000/_next/static/css/app/layout.css?v=1782855910503 was preloaded using link preload but not used within a few seconds from the window's load event. Please make sure it has an appropriate `as` value and it is preloaded intentionally. @ http://localhost:3000/dashboard:0
[ 3458946ms] [WARNING] The resource http://localhost:3000/_next/static/css/app/layout.css?v=1782855193150 was preloaded using link preload but not used within a few seconds from the window's load event. Please make sure it has an appropriate `as` value and it is preloaded intentionally. @ http://localhost:3000/dashboard:0
[ 3458946ms] [WARNING] The resource http://localhost:3000/_next/static/css/app/layout.css?v=1782856069853 was preloaded using link preload but not used within a few seconds from the window's load event. Please make sure it has an appropriate `as` value and it is preloaded intentionally. @ http://localhost:3000/dashboard:0
[ 3463257ms] [LOG] [Fast Refresh] rebuilding @ webpack-internal:///(app-pages-browser)/./node_modules/next/dist/client/dev/hot-reloader/app/hot-reloader-app.js:183
[ 3463638ms] [LOG] [Fast Refresh] done in 380ms @ webpack-internal:///(app-pages-browser)/./node_modules/next/dist/client/dev/report-hmr-latency.js:13
[ 3464453ms] [WARNING] The width(-1) and height(-1) of chart should be greater than 0,
       please check the style of container, or the props width(100%) and height(100%),
       or add a minWidth(0) or minHeight(undefined) or use aspect(undefined) to control the
       height and width. @ webpack-internal:///(app-pages-browser)/./node_modules/recharts/es6/util/LogUtils.js:18
[ 3464453ms] [WARNING] The width(-1) and height(-1) of chart should be greater than 0,
       please check the style of container, or the props width(100%) and height(100%),
       or add a minWidth(0) or minHeight(undefined) or use aspect(undefined) to control the
       height and width. @ webpack-internal:///(app-pages-browser)/./node_modules/recharts/es6/util/LogUtils.js:18
[ 3468246ms] [LOG] [Fast Refresh] rebuilding @ webpack-internal:///(app-pages-browser)/./node_modules/next/dist/client/dev/hot-reloader/app/hot-reloader-app.js:183
[ 3468420ms] [LOG] [Fast Refresh] done in 173ms @ webpack-internal:///(app-pages-browser)/./node_modules/next/dist/client/dev/report-hmr-latency.js:13
[ 3468623ms] [WARNING] The width(-1) and height(-1) of chart should be greater than 0,
       please check the style of container, or the props width(100%) and height(100%),
       or add a minWidth(0) or minHeight(undefined) or use aspect(undefined) to control the
       height and width. @ webpack-internal:///(app-pages-browser)/./node_modules/recharts/es6/util/LogUtils.js:18
[ 3468623ms] [WARNING] The width(-1) and height(-1) of chart should be greater than 0,
       please check the style of container, or the props width(100%) and height(100%),
       or add a minWidth(0) or minHeight(undefined) or use aspect(undefined) to control the
       height and width. @ webpack-internal:///(app-pages-browser)/./node_modules/recharts/es6/util/LogUtils.js:18
[ 3473937ms] [WARNING] The resource http://localhost:3000/_next/static/css/app/layout.css?v=1782855880636 was preloaded using link preload but not used within a few seconds from the window's load event. Please make sure it has an appropriate `as` value and it is preloaded intentionally. @ http://localhost:3000/dashboard:0
[ 3473937ms] [WARNING] The resource http://localhost:3000/_next/static/css/app/layout.css?v=1782855193439 was preloaded using link preload but not used within a few seconds from the window's load event. Please make sure it has an appropriate `as` value and it is preloaded intentionally. @ http://localhost:3000/dashboard:0
[ 3473937ms] [WARNING] The resource http://localhost:3000/_next/static/css/app/layout.css?v=1782855414341 was preloaded using link preload but not used within a few seconds from the window's load event. Please make sure it has an appropriate `as` value and it is preloaded intentionally. @ http://localhost:3000/dashboard:0
[ 3473937ms] [WARNING] The resource http://localhost:3000/_next/static/css/app/layout.css?v=1782856022999 was preloaded using link preload but not used within a few seconds from the window's load event. Please make sure it has an appropriate `as` value and it is preloaded intentionally. @ http://localhost:3000/dashboard:0
[ 3473937ms] [WARNING] The resource http://localhost:3000/_next/static/css/app/layout.css?v=1782855773671 was preloaded using link preload but not used within a few seconds from the window's load event. Please make sure it has an appropriate `as` value and it is preloaded intentionally. @ http://localhost:3000/dashboard:0
[ 3473937ms] [WARNING] The resource http://localhost:3000/_next/static/css/app/layout.css?v=1782855669941 was preloaded using link preload but not used within a few seconds from the window's load event. Please make sure it has an appropriate `as` value and it is preloaded intentionally. @ http://localhost:3000/dashboard:0
[ 3473937ms] [WARNING] The resource http://localhost:3000/_next/static/css/app/layout.css?v=1782855573308 was preloaded using link preload but not used within a few seconds from the window's load event. Please make sure it has an appropriate `as` value and it is preloaded intentionally. @ http://localhost:3000/dashboard:0
[ 3473937ms] [WARNING] The resource http://localhost:3000/_next/static/css/app/layout.css?v=1782855910503 was preloaded using link preload but not used within a few seconds from the window's load event. Please make sure it has an appropriate `as` value and it is preloaded intentionally. @ http://localhost:3000/dashboard:0
[ 3473937ms] [WARNING] The resource http://localhost:3000/_next/static/css/app/layout.css?v=1782855193150 was preloaded using link preload but not used within a few seconds from the window's load event. Please make sure it has an appropriate `as` value and it is preloaded intentionally. @ http://localhost:3000/dashboard:0
[ 3473937ms] [WARNING] The resource http://localhost:3000/_next/static/css/app/layout.css?v=1782856069853 was preloaded using link preload but not used within a few seconds from the window's load event. Please make sure it has an appropriate `as` value and it is preloaded intentionally. @ http://localhost:3000/dashboard:0
[ 3474771ms] [LOG] [Fast Refresh] rebuilding @ webpack-internal:///(app-pages-browser)/./node_modules/next/dist/client/dev/hot-reloader/app/hot-reloader-app.js:183
[ 3474938ms] [LOG] [Fast Refresh] done in 168ms @ webpack-internal:///(app-pages-browser)/./node_modules/next/dist/client/dev/report-hmr-latency.js:13
[ 3475138ms] [WARNING] The width(-1) and height(-1) of chart should be greater than 0,
       please check the style of container, or the props width(100%) and height(100%),
       or add a minWidth(0) or minHeight(undefined) or use aspect(undefined) to control the
       height and width. @ webpack-internal:///(app-pages-browser)/./node_modules/recharts/es6/util/LogUtils.js:18
[ 3475139ms] [WARNING] The width(-1) and height(-1) of chart should be greater than 0,
       please check the style of container, or the props width(100%) and height(100%),
       or add a minWidth(0) or minHeight(undefined) or use aspect(undefined) to control the
       height and width. @ webpack-internal:///(app-pages-browser)/./node_modules/recharts/es6/util/LogUtils.js:18
[ 3478853ms] [LOG] [Fast Refresh] rebuilding @ webpack-internal:///(app-pages-browser)/./node_modules/next/dist/client/dev/hot-reloader/app/hot-reloader-app.js:183
[ 3478943ms] [WARNING] The resource http://localhost:3000/_next/static/css/app/layout.css?v=1782855880636 was preloaded using link preload but not used within a few seconds from the window's load event. Please make sure it has an appropriate `as` value and it is preloaded intentionally. @ http://localhost:3000/dashboard:0
[ 3478943ms] [WARNING] The resource http://localhost:3000/_next/static/css/app/layout.css?v=1782855193439 was preloaded using link preload but not used within a few seconds from the window's load event. Please make sure it has an appropriate `as` value and it is preloaded intentionally. @ http://localhost:3000/dashboard:0
[ 3478943ms] [WARNING] The resource http://localhost:3000/_next/static/css/app/layout.css?v=1782855414341 was preloaded using link preload but not used within a few seconds from the window's load event. Please make sure it has an appropriate `as` value and it is preloaded intentionally. @ http://localhost:3000/dashboard:0
[ 3478943ms] [WARNING] The resource http://localhost:3000/_next/static/css/app/layout.css?v=1782856022999 was preloaded using link preload but not used within a few seconds from the window's load event. Please make sure it has an appropriate `as` value and it is preloaded intentionally. @ http://localhost:3000/dashboard:0
[ 3478943ms] [WARNING] The resource http://localhost:3000/_next/static/css/app/layout.css?v=1782855773671 was preloaded using link preload but not used within a few seconds from the window's load event. Please make sure it has an appropriate `as` value and it is preloaded intentionally. @ http://localhost:3000/dashboard:0
[ 3478943ms] [WARNING] The resource http://localhost:3000/_next/static/css/app/layout.css?v=1782855669941 was preloaded using link preload but not used within a few seconds from the window's load event. Please make sure it has an appropriate `as` value and it is preloaded intentionally. @ http://localhost:3000/dashboard:0
[ 3478943ms] [WARNING] The resource http://localhost:3000/_next/static/css/app/layout.css?v=1782855573308 was preloaded using link preload but not used within a few seconds from the window's load event. Please make sure it has an appropriate `as` value and it is preloaded intentionally. @ http://localhost:3000/dashboard:0
[ 3478943ms] [WARNING] The resource http://localhost:3000/_next/static/css/app/layout.css?v=1782855910503 was preloaded using link preload but not used within a few seconds from the window's load event. Please make sure it has an appropriate `as` value and it is preloaded intentionally. @ http://localhost:3000/dashboard:0
[ 3478943ms] [WARNING] The resource http://localhost:3000/_next/static/css/app/layout.css?v=1782855193150 was preloaded using link preload but not used within a few seconds from the window's load event. Please make sure it has an appropriate `as` value and it is preloaded intentionally. @ http://localhost:3000/dashboard:0
[ 3478943ms] [WARNING] The resource http://localhost:3000/_next/static/css/app/layout.css?v=1782856069853 was preloaded using link preload but not used within a few seconds from the window's load event. Please make sure it has an appropriate `as` value and it is preloaded intentionally. @ http://localhost:3000/dashboard:0
[ 3479002ms] [LOG] [Fast Refresh] rebuilding @ webpack-internal:///(app-pages-browser)/./node_modules/next/dist/client/dev/hot-reloader/app/hot-reloader-app.js:183
[ 3479013ms] [LOG] [Fast Refresh] done in 12ms @ webpack-internal:///(app-pages-browser)/./node_modules/next/dist/client/dev/report-hmr-latency.js:13
[ 3479249ms] [LOG] [Fast Refresh] done in 248ms @ webpack-internal:///(app-pages-browser)/./node_modules/next/dist/client/dev/report-hmr-latency.js:13
[ 3479336ms] [WARNING] The width(-1) and height(-1) of chart should be greater than 0,
       please check the style of container, or the props width(100%) and height(100%),
       or add a minWidth(0) or minHeight(undefined) or use aspect(undefined) to control the
       height and width. @ webpack-internal:///(app-pages-browser)/./node_modules/recharts/es6/util/LogUtils.js:18
[ 3479336ms] [WARNING] The width(-1) and height(-1) of chart should be greater than 0,
       please check the style of container, or the props width(100%) and height(100%),
       or add a minWidth(0) or minHeight(undefined) or use aspect(undefined) to control the
       height and width. @ webpack-internal:///(app-pages-browser)/./node_modules/recharts/es6/util/LogUtils.js:18
[ 3483940ms] [WARNING] The resource http://localhost:3000/_next/static/css/app/layout.css?v=1782855880636 was preloaded using link preload but not used within a few seconds from the window's load event. Please make sure it has an appropriate `as` value and it is preloaded intentionally. @ http://localhost:3000/dashboard:0
[ 3483940ms] [WARNING] The resource http://localhost:3000/_next/static/css/app/layout.css?v=1782855414341 was preloaded using link preload but not used within a few seconds from the window's load event. Please make sure it has an appropriate `as` value and it is preloaded intentionally. @ http://localhost:3000/dashboard:0
[ 3483940ms] [WARNING] The resource http://localhost:3000/_next/static/css/app/layout.css?v=1782855773671 was preloaded using link preload but not used within a few seconds from the window's load event. Please make sure it has an appropriate `as` value and it is preloaded intentionally. @ http://localhost:3000/dashboard:0
[ 3483940ms] [WARNING] The resource http://localhost:3000/_next/static/css/app/layout.css?v=1782856022999 was preloaded using link preload but not used within a few seconds from the window's load event. Please make sure it has an appropriate `as` value and it is preloaded intentionally. @ http://localhost:3000/dashboard:0
[ 3483940ms] [WARNING] The resource http://localhost:3000/_next/static/css/app/layout.css?v=1782855193439 was preloaded using link preload but not used within a few seconds from the window's load event. Please make sure it has an appropriate `as` value and it is preloaded intentionally. @ http://localhost:3000/dashboard:0
[ 3483940ms] [WARNING] The resource http://localhost:3000/_next/static/css/app/layout.css?v=1782855669941 was preloaded using link preload but not used within a few seconds from the window's load event. Please make sure it has an appropriate `as` value and it is preloaded intentionally. @ http://localhost:3000/dashboard:0
[ 3483940ms] [WARNING] The resource http://localhost:3000/_next/static/css/app/layout.css?v=1782855573308 was preloaded using link preload but not used within a few seconds from the window's load event. Please make sure it has an appropriate `as` value and it is preloaded intentionally. @ http://localhost:3000/dashboard:0
[ 3483940ms] [WARNING] The resource http://localhost:3000/_next/static/css/app/layout.css?v=1782856069853 was preloaded using link preload but not used within a few seconds from the window's load event. Please make sure it has an appropriate `as` value and it is preloaded intentionally. @ http://localhost:3000/dashboard:0
[ 3483940ms] [WARNING] The resource http://localhost:3000/_next/static/css/app/layout.css?v=1782855193150 was preloaded using link preload but not used within a few seconds from the window's load event. Please make sure it has an appropriate `as` value and it is preloaded intentionally. @ http://localhost:3000/dashboard:0
[ 3483940ms] [WARNING] The resource http://localhost:3000/_next/static/css/app/layout.css?v=1782855910503 was preloaded using link preload but not used within a few seconds from the window's load event. Please make sure it has an appropriate `as` value and it is preloaded intentionally. @ http://localhost:3000/dashboard:0
[ 3484371ms] [LOG] [Fast Refresh] rebuilding @ webpack-internal:///(app-pages-browser)/./node_modules/next/dist/client/dev/hot-reloader/app/hot-reloader-app.js:183
[ 3484541ms] [LOG] [Fast Refresh] done in 170ms @ webpack-internal:///(app-pages-browser)/./node_modules/next/dist/client/dev/report-hmr-latency.js:13
[ 3484729ms] [WARNING] The width(-1) and height(-1) of chart should be greater than 0,
       please check the style of container, or the props width(100%) and height(100%),
       or add a minWidth(0) or minHeight(undefined) or use aspect(undefined) to control the
       height and width. @ webpack-internal:///(app-pages-browser)/./node_modules/recharts/es6/util/LogUtils.js:18
[ 3484729ms] [WARNING] The width(-1) and height(-1) of chart should be greater than 0,
       please check the style of container, or the props width(100%) and height(100%),
       or add a minWidth(0) or minHeight(undefined) or use aspect(undefined) to control the
       height and width. @ webpack-internal:///(app-pages-browser)/./node_modules/recharts/es6/util/LogUtils.js:18
[ 3488951ms] [WARNING] The resource http://localhost:3000/_next/static/css/app/layout.css?v=1782855880636 was preloaded using link preload but not used within a few seconds from the window's load event. Please make sure it has an appropriate `as` value and it is preloaded intentionally. @ http://localhost:3000/dashboard:0
[ 3488951ms] [WARNING] The resource http://localhost:3000/_next/static/css/app/layout.css?v=1782855414341 was preloaded using link preload but not used within a few seconds from the window's load event. Please make sure it has an appropriate `as` value and it is preloaded intentionally. @ http://localhost:3000/dashboard:0
[ 3488951ms] [WARNING] The resource http://localhost:3000/_next/static/css/app/layout.css?v=1782855773671 was preloaded using link preload but not used within a few seconds from the window's load event. Please make sure it has an appropriate `as` value and it is preloaded intentionally. @ http://localhost:3000/dashboard:0
[ 3488951ms] [WARNING] The resource http://localhost:3000/_next/static/css/app/layout.css?v=1782856022999 was preloaded using link preload but not used within a few seconds from the window's load event. Please make sure it has an appropriate `as` value and it is preloaded intentionally. @ http://localhost:3000/dashboard:0
[ 3488951ms] [WARNING] The resource http://localhost:3000/_next/static/css/app/layout.css?v=1782855193439 was preloaded using link preload but not used within a few seconds from the window's load event. Please make sure it has an appropriate `as` value and it is preloaded intentionally. @ http://localhost:3000/dashboard:0
[ 3488951ms] [WARNING] The resource http://localhost:3000/_next/static/css/app/layout.css?v=1782855669941 was preloaded using link preload but not used within a few seconds from the window's load event. Please make sure it has an appropriate `as` value and it is preloaded intentionally. @ http://localhost:3000/dashboard:0
[ 3488951ms] [WARNING] The resource http://localhost:3000/_next/static/css/app/layout.css?v=1782855573308 was preloaded using link preload but not used within a few seconds from the window's load event. Please make sure it has an appropriate `as` value and it is preloaded intentionally. @ http://localhost:3000/dashboard:0
[ 3488951ms] [WARNING] The resource http://localhost:3000/_next/static/css/app/layout.css?v=1782856069853 was preloaded using link preload but not used within a few seconds from the window's load event. Please make sure it has an appropriate `as` value and it is preloaded intentionally. @ http://localhost:3000/dashboard:0
[ 3488951ms] [WARNING] The resource http://localhost:3000/_next/static/css/app/layout.css?v=1782855193150 was preloaded using link preload but not used within a few seconds from the window's load event. Please make sure it has an appropriate `as` value and it is preloaded intentionally. @ http://localhost:3000/dashboard:0
[ 3488951ms] [WARNING] The resource http://localhost:3000/_next/static/css/app/layout.css?v=1782855910503 was preloaded using link preload but not used within a few seconds from the window's load event. Please make sure it has an appropriate `as` value and it is preloaded intentionally. @ http://localhost:3000/dashboard:0
[ 3490982ms] [LOG] [Fast Refresh] rebuilding @ webpack-internal:///(app-pages-browser)/./node_modules/next/dist/client/dev/hot-reloader/app/hot-reloader-app.js:183
[ 3491530ms] [LOG] [Fast Refresh] done in 547ms @ webpack-internal:///(app-pages-browser)/./node_modules/next/dist/client/dev/report-hmr-latency.js:13
[ 3491729ms] [WARNING] The width(-1) and height(-1) of chart should be greater than 0,
       please check the style of container, or the props width(100%) and height(100%),
       or add a minWidth(0) or minHeight(undefined) or use aspect(undefined) to control the
       height and width. @ webpack-internal:///(app-pages-browser)/./node_modules/recharts/es6/util/LogUtils.js:18
[ 3491729ms] [WARNING] The width(-1) and height(-1) of chart should be greater than 0,
       please check the style of container, or the props width(100%) and height(100%),
       or add a minWidth(0) or minHeight(undefined) or use aspect(undefined) to control the
       height and width. @ webpack-internal:///(app-pages-browser)/./node_modules/recharts/es6/util/LogUtils.js:18
[ 3494812ms] [WARNING] The resource http://localhost:3000/_next/static/css/app/layout.css?v=1782855880636 was preloaded using link preload but not used within a few seconds from the window's load event. Please make sure it has an appropriate `as` value and it is preloaded intentionally. @ http://localhost:3000/dashboard:0
[ 3494812ms] [WARNING] The resource http://localhost:3000/_next/static/css/app/layout.css?v=1782855414341 was preloaded using link preload but not used within a few seconds from the window's load event. Please make sure it has an appropriate `as` value and it is preloaded intentionally. @ http://localhost:3000/dashboard:0
[ 3494812ms] [WARNING] The resource http://localhost:3000/_next/static/css/app/layout.css?v=1782855773671 was preloaded using link preload but not used within a few seconds from the window's load event. Please make sure it has an appropriate `as` value and it is preloaded intentionally. @ http://localhost:3000/dashboard:0
[ 3494812ms] [WARNING] The resource http://localhost:3000/_next/static/css/app/layout.css?v=1782856022999 was preloaded using link preload but not used within a few seconds from the window's load event. Please make sure it has an appropriate `as` value and it is preloaded intentionally. @ http://localhost:3000/dashboard:0
[ 3494812ms] [WARNING] The resource http://localhost:3000/_next/static/css/app/layout.css?v=1782855193439 was preloaded using link preload but not used within a few seconds from the window's load event. Please make sure it has an appropriate `as` value and it is preloaded intentionally. @ http://localhost:3000/dashboard:0
[ 3494812ms] [WARNING] The resource http://localhost:3000/_next/static/css/app/layout.css?v=1782855669941 was preloaded using link preload but not used within a few seconds from the window's load event. Please make sure it has an appropriate `as` value and it is preloaded intentionally. @ http://localhost:3000/dashboard:0
[ 3494812ms] [WARNING] The resource http://localhost:3000/_next/static/css/app/layout.css?v=1782855573308 was preloaded using link preload but not used within a few seconds from the window's load event. Please make sure it has an appropriate `as` value and it is preloaded intentionally. @ http://localhost:3000/dashboard:0
[ 3494812ms] [WARNING] The resource http://localhost:3000/_next/static/css/app/layout.css?v=1782856069853 was preloaded using link preload but not used within a few seconds from the window's load event. Please make sure it has an appropriate `as` value and it is preloaded intentionally. @ http://localhost:3000/dashboard:0
[ 3494812ms] [WARNING] The resource http://localhost:3000/_next/static/css/app/layout.css?v=1782855193150 was preloaded using link preload but not used within a few seconds from the window's load event. Please make sure it has an appropriate `as` value and it is preloaded intentionally. @ http://localhost:3000/dashboard:0
[ 3494812ms] [WARNING] The resource http://localhost:3000/_next/static/css/app/layout.css?v=1782855910503 was preloaded using link preload but not used within a few seconds from the window's load event. Please make sure it has an appropriate `as` value and it is preloaded intentionally. @ http://localhost:3000/dashboard:0
[ 3498951ms] [WARNING] The resource http://localhost:3000/_next/static/css/app/layout.css?v=1782855880636 was preloaded using link preload but not used within a few seconds from the window's load event. Please make sure it has an appropriate `as` value and it is preloaded intentionally. @ http://localhost:3000/dashboard:0
[ 3498951ms] [WARNING] The resource http://localhost:3000/_next/static/css/app/layout.css?v=1782855414341 was preloaded using link preload but not used within a few seconds from the window's load event. Please make sure it has an appropriate `as` value and it is preloaded intentionally. @ http://localhost:3000/dashboard:0
[ 3498951ms] [WARNING] The resource http://localhost:3000/_next/static/css/app/layout.css?v=1782855773671 was preloaded using link preload but not used within a few seconds from the window's load event. Please make sure it has an appropriate `as` value and it is preloaded intentionally. @ http://localhost:3000/dashboard:0
[ 3498951ms] [WARNING] The resource http://localhost:3000/_next/static/css/app/layout.css?v=1782856022999 was preloaded using link preload but not used within a few seconds from the window's load event. Please make sure it has an appropriate `as` value and it is preloaded intentionally. @ http://localhost:3000/dashboard:0
[ 3498951ms] [WARNING] The resource http://localhost:3000/_next/static/css/app/layout.css?v=1782855193439 was preloaded using link preload but not used within a few seconds from the window's load event. Please make sure it has an appropriate `as` value and it is preloaded intentionally. @ http://localhost:3000/dashboard:0
[ 3498951ms] [WARNING] The resource http://localhost:3000/_next/static/css/app/layout.css?v=1782855669941 was preloaded using link preload but not used within a few seconds from the window's load event. Please make sure it has an appropriate `as` value and it is preloaded intentionally. @ http://localhost:3000/dashboard:0
[ 3498951ms] [WARNING] The resource http://localhost:3000/_next/static/css/app/layout.css?v=1782855573308 was preloaded using link preload but not used within a few seconds from the window's load event. Please make sure it has an appropriate `as` value and it is preloaded intentionally. @ http://localhost:3000/dashboard:0
[ 3498951ms] [WARNING] The resource http://localhost:3000/_next/static/css/app/layout.css?v=1782856069853 was preloaded using link preload but not used within a few seconds from the window's load event. Please make sure it has an appropriate `as` value and it is preloaded intentionally. @ http://localhost:3000/dashboard:0
[ 3498951ms] [WARNING] The resource http://localhost:3000/_next/static/css/app/layout.css?v=1782855193150 was preloaded using link preload but not used within a few seconds from the window's load event. Please make sure it has an appropriate `as` value and it is preloaded intentionally. @ http://localhost:3000/dashboard:0
[ 3498951ms] [WARNING] The resource http://localhost:3000/_next/static/css/app/layout.css?v=1782855910503 was preloaded using link preload but not used within a few seconds from the window's load event. Please make sure it has an appropriate `as` value and it is preloaded intentionally. @ http://localhost:3000/dashboard:0
[ 3503955ms] [WARNING] The resource http://localhost:3000/_next/static/css/app/layout.css?v=1782855880636 was preloaded using link preload but not used within a few seconds from the window's load event. Please make sure it has an appropriate `as` value and it is preloaded intentionally. @ http://localhost:3000/dashboard:0
[ 3503955ms] [WARNING] The resource http://localhost:3000/_next/static/css/app/layout.css?v=1782855414341 was preloaded using link preload but not used within a few seconds from the window's load event. Please make sure it has an appropriate `as` value and it is preloaded intentionally. @ http://localhost:3000/dashboard:0
[ 3503955ms] [WARNING] The resource http://localhost:3000/_next/static/css/app/layout.css?v=1782855773671 was preloaded using link preload but not used within a few seconds from the window's load event. Please make sure it has an appropriate `as` value and it is preloaded intentionally. @ http://localhost:3000/dashboard:0
[ 3503955ms] [WARNING] The resource http://localhost:3000/_next/static/css/app/layout.css?v=1782856022999 was preloaded using link preload but not used within a few seconds from the window's load event. Please make sure it has an appropriate `as` value and it is preloaded intentionally. @ http://localhost:3000/dashboard:0
[ 3503955ms] [WARNING] The resource http://localhost:3000/_next/static/css/app/layout.css?v=1782855193439 was preloaded using link preload but not used within a few seconds from the window's load event. Please make sure it has an appropriate `as` value and it is preloaded intentionally. @ http://localhost:3000/dashboard:0
[ 3503955ms] [WARNING] The resource http://localhost:3000/_next/static/css/app/layout.css?v=1782855669941 was preloaded using link preload but not used within a few seconds from the window's load event. Please make sure it has an appropriate `as` value and it is preloaded intentionally. @ http://localhost:3000/dashboard:0
[ 3503955ms] [WARNING] The resource http://localhost:3000/_next/static/css/app/layout.css?v=1782855573308 was preloaded using link preload but not used within a few seconds from the window's load event. Please make sure it has an appropriate `as` value and it is preloaded intentionally. @ http://localhost:3000/dashboard:0
[ 3503955ms] [WARNING] The resource http://localhost:3000/_next/static/css/app/layout.css?v=1782856069853 was preloaded using link preload but not used within a few seconds from the window's load event. Please make sure it has an appropriate `as` value and it is preloaded intentionally. @ http://localhost:3000/dashboard:0
[ 3503955ms] [WARNING] The resource http://localhost:3000/_next/static/css/app/layout.css?v=1782855193150 was preloaded using link preload but not used within a few seconds from the window's load event. Please make sure it has an appropriate `as` value and it is preloaded intentionally. @ http://localhost:3000/dashboard:0
[ 3503955ms] [WARNING] The resource http://localhost:3000/_next/static/css/app/layout.css?v=1782855910503 was preloaded using link preload but not used within a few seconds from the window's load event. Please make sure it has an appropriate `as` value and it is preloaded intentionally. @ http://localhost:3000/dashboard:0
[ 3508954ms] [WARNING] The resource http://localhost:3000/_next/static/css/app/layout.css?v=1782855880636 was preloaded using link preload but not used within a few seconds from the window's load event. Please make sure it has an appropriate `as` value and it is preloaded intentionally. @ http://localhost:3000/dashboard:0
[ 3508954ms] [WARNING] The resource http://localhost:3000/_next/static/css/app/layout.css?v=1782855414341 was preloaded using link preload but not used within a few seconds from the window's load event. Please make sure it has an appropriate `as` value and it is preloaded intentionally. @ http://localhost:3000/dashboard:0
[ 3508954ms] [WARNING] The resource http://localhost:3000/_next/static/css/app/layout.css?v=1782855773671 was preloaded using link preload but not used within a few seconds from the window's load event. Please make sure it has an appropriate `as` value and it is preloaded intentionally. @ http://localhost:3000/dashboard:0
[ 3508954ms] [WARNING] The resource http://localhost:3000/_next/static/css/app/layout.css?v=1782856022999 was preloaded using link preload but not used within a few seconds from the window's load event. Please make sure it has an appropriate `as` value and it is preloaded intentionally. @ http://localhost:3000/dashboard:0
[ 3508954ms] [WARNING] The resource http://localhost:3000/_next/static/css/app/layout.css?v=1782855193439 was preloaded using link preload but not used within a few seconds from the window's load event. Please make sure it has an appropriate `as` value and it is preloaded intentionally. @ http://localhost:3000/dashboard:0
[ 3508954ms] [WARNING] The resource http://localhost:3000/_next/static/css/app/layout.css?v=1782855669941 was preloaded using link preload but not used within a few seconds from the window's load event. Please make sure it has an appropriate `as` value and it is preloaded intentionally. @ http://localhost:3000/dashboard:0
[ 3508954ms] [WARNING] The resource http://localhost:3000/_next/static/css/app/layout.css?v=1782855573308 was preloaded using link preload but not used within a few seconds from the window's load event. Please make sure it has an appropriate `as` value and it is preloaded intentionally. @ http://localhost:3000/dashboard:0
[ 3508954ms] [WARNING] The resource http://localhost:3000/_next/static/css/app/layout.css?v=1782856069853 was preloaded using link preload but not used within a few seconds from the window's load event. Please make sure it has an appropriate `as` value and it is preloaded intentionally. @ http://localhost:3000/dashboard:0
[ 3508954ms] [WARNING] The resource http://localhost:3000/_next/static/css/app/layout.css?v=1782855193150 was preloaded using link preload but not used within a few seconds from the window's load event. Please make sure it has an appropriate `as` value and it is preloaded intentionally. @ http://localhost:3000/dashboard:0
[ 3508954ms] [WARNING] The resource http://localhost:3000/_next/static/css/app/layout.css?v=1782855910503 was preloaded using link preload but not used within a few seconds from the window's load event. Please make sure it has an appropriate `as` value and it is preloaded intentionally. @ http://localhost:3000/dashboard:0
[ 3513945ms] [WARNING] The resource http://localhost:3000/_next/static/css/app/layout.css?v=1782855880636 was preloaded using link preload but not used within a few seconds from the window's load event. Please make sure it has an appropriate `as` value and it is preloaded intentionally. @ http://localhost:3000/dashboard:0
[ 3513945ms] [WARNING] The resource http://localhost:3000/_next/static/css/app/layout.css?v=1782855414341 was preloaded using link preload but not used within a few seconds from the window's load event. Please make sure it has an appropriate `as` value and it is preloaded intentionally. @ http://localhost:3000/dashboard:0
[ 3513945ms] [WARNING] The resource http://localhost:3000/_next/static/css/app/layout.css?v=1782855773671 was preloaded using link preload but not used within a few seconds from the window's load event. Please make sure it has an appropriate `as` value and it is preloaded intentionally. @ http://localhost:3000/dashboard:0
[ 3513945ms] [WARNING] The resource http://localhost:3000/_next/static/css/app/layout.css?v=1782856022999 was preloaded using link preload but not used within a few seconds from the window's load event. Please make sure it has an appropriate `as` value and it is preloaded intentionally. @ http://localhost:3000/dashboard:0
[ 3513945ms] [WARNING] The resource http://localhost:3000/_next/static/css/app/layout.css?v=1782855193439 was preloaded using link preload but not used within a few seconds from the window's load event. Please make sure it has an appropriate `as` value and it is preloaded intentionally. @ http://localhost:3000/dashboard:0
[ 3513945ms] [WARNING] The resource http://localhost:3000/_next/static/css/app/layout.css?v=1782855669941 was preloaded using link preload but not used within a few seconds from the window's load event. Please make sure it has an appropriate `as` value and it is preloaded intentionally. @ http://localhost:3000/dashboard:0
[ 3513945ms] [WARNING] The resource http://localhost:3000/_next/static/css/app/layout.css?v=1782855573308 was preloaded using link preload but not used within a few seconds from the window's load event. Please make sure it has an appropriate `as` value and it is preloaded intentionally. @ http://localhost:3000/dashboard:0
[ 3513945ms] [WARNING] The resource http://localhost:3000/_next/static/css/app/layout.css?v=1782856069853 was preloaded using link preload but not used within a few seconds from the window's load event. Please make sure it has an appropriate `as` value and it is preloaded intentionally. @ http://localhost:3000/dashboard:0
[ 3513945ms] [WARNING] The resource http://localhost:3000/_next/static/css/app/layout.css?v=1782855193150 was preloaded using link preload but not used within a few seconds from the window's load event. Please make sure it has an appropriate `as` value and it is preloaded intentionally. @ http://localhost:3000/dashboard:0
[ 3513945ms] [WARNING] The resource http://localhost:3000/_next/static/css/app/layout.css?v=1782855910503 was preloaded using link preload but not used within a few seconds from the window's load event. Please make sure it has an appropriate `as` value and it is preloaded intentionally. @ http://localhost:3000/dashboard:0
[ 3518943ms] [WARNING] The resource http://localhost:3000/_next/static/css/app/layout.css?v=1782855880636 was preloaded using link preload but not used within a few seconds from the window's load event. Please make sure it has an appropriate `as` value and it is preloaded intentionally. @ http://localhost:3000/dashboard:0
[ 3518943ms] [WARNING] The resource http://localhost:3000/_next/static/css/app/layout.css?v=1782855414341 was preloaded using link preload but not used within a few seconds from the window's load event. Please make sure it has an appropriate `as` value and it is preloaded intentionally. @ http://localhost:3000/dashboard:0
[ 3518943ms] [WARNING] The resource http://localhost:3000/_next/static/css/app/layout.css?v=1782855773671 was preloaded using link preload but not used within a few seconds from the window's load event. Please make sure it has an appropriate `as` value and it is preloaded intentionally. @ http://localhost:3000/dashboard:0
[ 3518943ms] [WARNING] The resource http://localhost:3000/_next/static/css/app/layout.css?v=1782856022999 was preloaded using link preload but not used within a few seconds from the window's load event. Please make sure it has an appropriate `as` value and it is preloaded intentionally. @ http://localhost:3000/dashboard:0
[ 3518943ms] [WARNING] The resource http://localhost:3000/_next/static/css/app/layout.css?v=1782855193439 was preloaded using link preload but not used within a few seconds from the window's load event. Please make sure it has an appropriate `as` value and it is preloaded intentionally. @ http://localhost:3000/dashboard:0
[ 3518943ms] [WARNING] The resource http://localhost:3000/_next/static/css/app/layout.css?v=1782855669941 was preloaded using link preload but not used within a few seconds from the window's load event. Please make sure it has an appropriate `as` value and it is preloaded intentionally. @ http://localhost:3000/dashboard:0
[ 3518943ms] [WARNING] The resource http://localhost:3000/_next/static/css/app/layout.css?v=1782855573308 was preloaded using link preload but not used within a few seconds from the window's load event. Please make sure it has an appropriate `as` value and it is preloaded intentionally. @ http://localhost:3000/dashboard:0
[ 3518943ms] [WARNING] The resource http://localhost:3000/_next/static/css/app/layout.css?v=1782856069853 was preloaded using link preload but not used within a few seconds from the window's load event. Please make sure it has an appropriate `as` value and it is preloaded intentionally. @ http://localhost:3000/dashboard:0
[ 3518943ms] [WARNING] The resource http://localhost:3000/_next/static/css/app/layout.css?v=1782855193150 was preloaded using link preload but not used within a few seconds from the window's load event. Please make sure it has an appropriate `as` value and it is preloaded intentionally. @ http://localhost:3000/dashboard:0
[ 3518943ms] [WARNING] The resource http://localhost:3000/_next/static/css/app/layout.css?v=1782855910503 was preloaded using link preload but not used within a few seconds from the window's load event. Please make sure it has an appropriate `as` value and it is preloaded intentionally. @ http://localhost:3000/dashboard:0
[ 3523944ms] [WARNING] The resource http://localhost:3000/_next/static/css/app/layout.css?v=1782855880636 was preloaded using link preload but not used within a few seconds from the window's load event. Please make sure it has an appropriate `as` value and it is preloaded intentionally. @ http://localhost:3000/dashboard:0
[ 3523944ms] [WARNING] The resource http://localhost:3000/_next/static/css/app/layout.css?v=1782855414341 was preloaded using link preload but not used within a few seconds from the window's load event. Please make sure it has an appropriate `as` value and it is preloaded intentionally. @ http://localhost:3000/dashboard:0
[ 3523944ms] [WARNING] The resource http://localhost:3000/_next/static/css/app/layout.css?v=1782855773671 was preloaded using link preload but not used within a few seconds from the window's load event. Please make sure it has an appropriate `as` value and it is preloaded intentionally. @ http://localhost:3000/dashboard:0
[ 3523944ms] [WARNING] The resource http://localhost:3000/_next/static/css/app/layout.css?v=1782856022999 was preloaded using link preload but not used within a few seconds from the window's load event. Please make sure it has an appropriate `as` value and it is preloaded intentionally. @ http://localhost:3000/dashboard:0
[ 3523944ms] [WARNING] The resource http://localhost:3000/_next/static/css/app/layout.css?v=1782855193439 was preloaded using link preload but not used within a few seconds from the window's load event. Please make sure it has an appropriate `as` value and it is preloaded intentionally. @ http://localhost:3000/dashboard:0
[ 3523944ms] [WARNING] The resource http://localhost:3000/_next/static/css/app/layout.css?v=1782855669941 was preloaded using link preload but not used within a few seconds from the window's load event. Please make sure it has an appropriate `as` value and it is preloaded intentionally. @ http://localhost:3000/dashboard:0
[ 3523944ms] [WARNING] The resource http://localhost:3000/_next/static/css/app/layout.css?v=1782855573308 was preloaded using link preload but not used within a few seconds from the window's load event. Please make sure it has an appropriate `as` value and it is preloaded intentionally. @ http://localhost:3000/dashboard:0
[ 3523944ms] [WARNING] The resource http://localhost:3000/_next/static/css/app/layout.css?v=1782856069853 was preloaded using link preload but not used within a few seconds from the window's load event. Please make sure it has an appropriate `as` value and it is preloaded intentionally. @ http://localhost:3000/dashboard:0
[ 3523944ms] [WARNING] The resource http://localhost:3000/_next/static/css/app/layout.css?v=1782855193150 was preloaded using link preload but not used within a few seconds from the window's load event. Please make sure it has an appropriate `as` value and it is preloaded intentionally. @ http://localhost:3000/dashboard:0
[ 3523944ms] [WARNING] The resource http://localhost:3000/_next/static/css/app/layout.css?v=1782855910503 was preloaded using link preload but not used within a few seconds from the window's load event. Please make sure it has an appropriate `as` value and it is preloaded intentionally. @ http://localhost:3000/dashboard:0
[ 3524614ms] [LOG] [Fast Refresh] rebuilding @ webpack-internal:///(app-pages-browser)/./node_modules/next/dist/client/dev/hot-reloader/app/hot-reloader-app.js:183
[ 3524758ms] [LOG] [Fast Refresh] done in 143ms @ webpack-internal:///(app-pages-browser)/./node_modules/next/dist/client/dev/report-hmr-latency.js:13
[ 3524816ms] [WARNING] The width(-1) and height(-1) of chart should be greater than 0,
       please check the style of container, or the props width(100%) and height(100%),
       or add a minWidth(0) or minHeight(undefined) or use aspect(undefined) to control the
       height and width. @ webpack-internal:///(app-pages-browser)/./node_modules/recharts/es6/util/LogUtils.js:18
[ 3524816ms] [WARNING] The width(-1) and height(-1) of chart should be greater than 0,
       please check the style of container, or the props width(100%) and height(100%),
       or add a minWidth(0) or minHeight(undefined) or use aspect(undefined) to control the
       height and width. @ webpack-internal:///(app-pages-browser)/./node_modules/recharts/es6/util/LogUtils.js:18
[ 3528948ms] [WARNING] The resource http://localhost:3000/_next/static/css/app/layout.css?v=1782855880636 was preloaded using link preload but not used within a few seconds from the window's load event. Please make sure it has an appropriate `as` value and it is preloaded intentionally. @ http://localhost:3000/dashboard:0
[ 3528948ms] [WARNING] The resource http://localhost:3000/_next/static/css/app/layout.css?v=1782855414341 was preloaded using link preload but not used within a few seconds from the window's load event. Please make sure it has an appropriate `as` value and it is preloaded intentionally. @ http://localhost:3000/dashboard:0
[ 3528948ms] [WARNING] The resource http://localhost:3000/_next/static/css/app/layout.css?v=1782855773671 was preloaded using link preload but not used within a few seconds from the window's load event. Please make sure it has an appropriate `as` value and it is preloaded intentionally. @ http://localhost:3000/dashboard:0
[ 3528948ms] [WARNING] The resource http://localhost:3000/_next/static/css/app/layout.css?v=1782856022999 was preloaded using link preload but not used within a few seconds from the window's load event. Please make sure it has an appropriate `as` value and it is preloaded intentionally. @ http://localhost:3000/dashboard:0
[ 3528948ms] [WARNING] The resource http://localhost:3000/_next/static/css/app/layout.css?v=1782855193439 was preloaded using link preload but not used within a few seconds from the window's load event. Please make sure it has an appropriate `as` value and it is preloaded intentionally. @ http://localhost:3000/dashboard:0
[ 3528948ms] [WARNING] The resource http://localhost:3000/_next/static/css/app/layout.css?v=1782855669941 was preloaded using link preload but not used within a few seconds from the window's load event. Please make sure it has an appropriate `as` value and it is preloaded intentionally. @ http://localhost:3000/dashboard:0
[ 3528948ms] [WARNING] The resource http://localhost:3000/_next/static/css/app/layout.css?v=1782855573308 was preloaded using link preload but not used within a few seconds from the window's load event. Please make sure it has an appropriate `as` value and it is preloaded intentionally. @ http://localhost:3000/dashboard:0
[ 3528948ms] [WARNING] The resource http://localhost:3000/_next/static/css/app/layout.css?v=1782856069853 was preloaded using link preload but not used within a few seconds from the window's load event. Please make sure it has an appropriate `as` value and it is preloaded intentionally. @ http://localhost:3000/dashboard:0
[ 3528948ms] [WARNING] The resource http://localhost:3000/_next/static/css/app/layout.css?v=1782855193150 was preloaded using link preload but not used within a few seconds from the window's load event. Please make sure it has an appropriate `as` value and it is preloaded intentionally. @ http://localhost:3000/dashboard:0
[ 3528948ms] [WARNING] The resource http://localhost:3000/_next/static/css/app/layout.css?v=1782855910503 was preloaded using link preload but not used within a few seconds from the window's load event. Please make sure it has an appropriate `as` value and it is preloaded intentionally. @ http://localhost:3000/dashboard:0
[ 3533954ms] [WARNING] The resource http://localhost:3000/_next/static/css/app/layout.css?v=1782855880636 was preloaded using link preload but not used within a few seconds from the window's load event. Please make sure it has an appropriate `as` value and it is preloaded intentionally. @ http://localhost:3000/dashboard:0
[ 3533954ms] [WARNING] The resource http://localhost:3000/_next/static/css/app/layout.css?v=1782855414341 was preloaded using link preload but not used within a few seconds from the window's load event. Please make sure it has an appropriate `as` value and it is preloaded intentionally. @ http://localhost:3000/dashboard:0
[ 3533954ms] [WARNING] The resource http://localhost:3000/_next/static/css/app/layout.css?v=1782855773671 was preloaded using link preload but not used within a few seconds from the window's load event. Please make sure it has an appropriate `as` value and it is preloaded intentionally. @ http://localhost:3000/dashboard:0
[ 3533954ms] [WARNING] The resource http://localhost:3000/_next/static/css/app/layout.css?v=1782856022999 was preloaded using link preload but not used within a few seconds from the window's load event. Please make sure it has an appropriate `as` value and it is preloaded intentionally. @ http://localhost:3000/dashboard:0
[ 3533954ms] [WARNING] The resource http://localhost:3000/_next/static/css/app/layout.css?v=1782855193439 was preloaded using link preload but not used within a few seconds from the window's load event. Please make sure it has an appropriate `as` value and it is preloaded intentionally. @ http://localhost:3000/dashboard:0
[ 3533954ms] [WARNING] The resource http://localhost:3000/_next/static/css/app/layout.css?v=1782855669941 was preloaded using link preload but not used within a few seconds from the window's load event. Please make sure it has an appropriate `as` value and it is preloaded intentionally. @ http://localhost:3000/dashboard:0
[ 3533954ms] [WARNING] The resource http://localhost:3000/_next/static/css/app/layout.css?v=1782855573308 was preloaded using link preload but not used within a few seconds from the window's load event. Please make sure it has an appropriate `as` value and it is preloaded intentionally. @ http://localhost:3000/dashboard:0
[ 3533954ms] [WARNING] The resource http://localhost:3000/_next/static/css/app/layout.css?v=1782856069853 was preloaded using link preload but not used within a few seconds from the window's load event. Please make sure it has an appropriate `as` value and it is preloaded intentionally. @ http://localhost:3000/dashboard:0
[ 3533954ms] [WARNING] The resource http://localhost:3000/_next/static/css/app/layout.css?v=1782855193150 was preloaded using link preload but not used within a few seconds from the window's load event. Please make sure it has an appropriate `as` value and it is preloaded intentionally. @ http://localhost:3000/dashboard:0
[ 3533954ms] [WARNING] The resource http://localhost:3000/_next/static/css/app/layout.css?v=1782855910503 was preloaded using link preload but not used within a few seconds from the window's load event. Please make sure it has an appropriate `as` value and it is preloaded intentionally. @ http://localhost:3000/dashboard:0
[ 3534051ms] [LOG] [Fast Refresh] rebuilding @ webpack-internal:///(app-pages-browser)/./node_modules/next/dist/client/dev/hot-reloader/app/hot-reloader-app.js:183
[ 3534179ms] [LOG] [Fast Refresh] rebuilding @ webpack-internal:///(app-pages-browser)/./node_modules/next/dist/client/dev/hot-reloader/app/hot-reloader-app.js:183
[ 3534200ms] [LOG] [Fast Refresh] done in 21ms @ webpack-internal:///(app-pages-browser)/./node_modules/next/dist/client/dev/report-hmr-latency.js:13
[ 3534349ms] [LOG] [Fast Refresh] done in 171ms @ webpack-internal:///(app-pages-browser)/./node_modules/next/dist/client/dev/report-hmr-latency.js:13
[ 3534406ms] [WARNING] The width(-1) and height(-1) of chart should be greater than 0,
       please check the style of container, or the props width(100%) and height(100%),
       or add a minWidth(0) or minHeight(undefined) or use aspect(undefined) to control the
       height and width. @ webpack-internal:///(app-pages-browser)/./node_modules/recharts/es6/util/LogUtils.js:18
[ 3534407ms] [WARNING] The width(-1) and height(-1) of chart should be greater than 0,
       please check the style of container, or the props width(100%) and height(100%),
       or add a minWidth(0) or minHeight(undefined) or use aspect(undefined) to control the
       height and width. @ webpack-internal:///(app-pages-browser)/./node_modules/recharts/es6/util/LogUtils.js:18
[ 3538943ms] [WARNING] The resource http://localhost:3000/_next/static/css/app/layout.css?v=1782856244849 was preloaded using link preload but not used within a few seconds from the window's load event. Please make sure it has an appropriate `as` value and it is preloaded intentionally. @ http://localhost:3000/dashboard:0
[ 3538943ms] [WARNING] The resource http://localhost:3000/_next/static/css/app/layout.css?v=1782855880636 was preloaded using link preload but not used within a few seconds from the window's load event. Please make sure it has an appropriate `as` value and it is preloaded intentionally. @ http://localhost:3000/dashboard:0
[ 3538943ms] [WARNING] The resource http://localhost:3000/_next/static/css/app/layout.css?v=1782855414341 was preloaded using link preload but not used within a few seconds from the window's load event. Please make sure it has an appropriate `as` value and it is preloaded intentionally. @ http://localhost:3000/dashboard:0
[ 3538943ms] [WARNING] The resource http://localhost:3000/_next/static/css/app/layout.css?v=1782855773671 was preloaded using link preload but not used within a few seconds from the window's load event. Please make sure it has an appropriate `as` value and it is preloaded intentionally. @ http://localhost:3000/dashboard:0
[ 3538943ms] [WARNING] The resource http://localhost:3000/_next/static/css/app/layout.css?v=1782856022999 was preloaded using link preload but not used within a few seconds from the window's load event. Please make sure it has an appropriate `as` value and it is preloaded intentionally. @ http://localhost:3000/dashboard:0
[ 3538943ms] [WARNING] The resource http://localhost:3000/_next/static/css/app/layout.css?v=1782855193439 was preloaded using link preload but not used within a few seconds from the window's load event. Please make sure it has an appropriate `as` value and it is preloaded intentionally. @ http://localhost:3000/dashboard:0
[ 3538943ms] [WARNING] The resource http://localhost:3000/_next/static/css/app/layout.css?v=1782855669941 was preloaded using link preload but not used within a few seconds from the window's load event. Please make sure it has an appropriate `as` value and it is preloaded intentionally. @ http://localhost:3000/dashboard:0
[ 3538943ms] [WARNING] The resource http://localhost:3000/_next/static/css/app/layout.css?v=1782855573308 was preloaded using link preload but not used within a few seconds from the window's load event. Please make sure it has an appropriate `as` value and it is preloaded intentionally. @ http://localhost:3000/dashboard:0
[ 3538943ms] [WARNING] The resource http://localhost:3000/_next/static/css/app/layout.css?v=1782856069853 was preloaded using link preload but not used within a few seconds from the window's load event. Please make sure it has an appropriate `as` value and it is preloaded intentionally. @ http://localhost:3000/dashboard:0
[ 3538943ms] [WARNING] The resource http://localhost:3000/_next/static/css/app/layout.css?v=1782855193150 was preloaded using link preload but not used within a few seconds from the window's load event. Please make sure it has an appropriate `as` value and it is preloaded intentionally. @ http://localhost:3000/dashboard:0
[ 3538943ms] [WARNING] The resource http://localhost:3000/_next/static/css/app/layout.css?v=1782855910503 was preloaded using link preload but not used within a few seconds from the window's load event. Please make sure it has an appropriate `as` value and it is preloaded intentionally. @ http://localhost:3000/dashboard:0
[ 3543943ms] [WARNING] The resource http://localhost:3000/_next/static/css/app/layout.css?v=1782856244849 was preloaded using link preload but not used within a few seconds from the window's load event. Please make sure it has an appropriate `as` value and it is preloaded intentionally. @ http://localhost:3000/dashboard:0
[ 3543943ms] [WARNING] The resource http://localhost:3000/_next/static/css/app/layout.css?v=1782855880636 was preloaded using link preload but not used within a few seconds from the window's load event. Please make sure it has an appropriate `as` value and it is preloaded intentionally. @ http://localhost:3000/dashboard:0
[ 3543943ms] [WARNING] The resource http://localhost:3000/_next/static/css/app/layout.css?v=1782855414341 was preloaded using link preload but not used within a few seconds from the window's load event. Please make sure it has an appropriate `as` value and it is preloaded intentionally. @ http://localhost:3000/dashboard:0
[ 3543943ms] [WARNING] The resource http://localhost:3000/_next/static/css/app/layout.css?v=1782855773671 was preloaded using link preload but not used within a few seconds from the window's load event. Please make sure it has an appropriate `as` value and it is preloaded intentionally. @ http://localhost:3000/dashboard:0
[ 3543943ms] [WARNING] The resource http://localhost:3000/_next/static/css/app/layout.css?v=1782856022999 was preloaded using link preload but not used within a few seconds from the window's load event. Please make sure it has an appropriate `as` value and it is preloaded intentionally. @ http://localhost:3000/dashboard:0
[ 3543943ms] [WARNING] The resource http://localhost:3000/_next/static/css/app/layout.css?v=1782855193439 was preloaded using link preload but not used within a few seconds from the window's load event. Please make sure it has an appropriate `as` value and it is preloaded intentionally. @ http://localhost:3000/dashboard:0
[ 3543943ms] [WARNING] The resource http://localhost:3000/_next/static/css/app/layout.css?v=1782855669941 was preloaded using link preload but not used within a few seconds from the window's load event. Please make sure it has an appropriate `as` value and it is preloaded intentionally. @ http://localhost:3000/dashboard:0
[ 3543943ms] [WARNING] The resource http://localhost:3000/_next/static/css/app/layout.css?v=1782855573308 was preloaded using link preload but not used within a few seconds from the window's load event. Please make sure it has an appropriate `as` value and it is preloaded intentionally. @ http://localhost:3000/dashboard:0
[ 3543943ms] [WARNING] The resource http://localhost:3000/_next/static/css/app/layout.css?v=1782856069853 was preloaded using link preload but not used within a few seconds from the window's load event. Please make sure it has an appropriate `as` value and it is preloaded intentionally. @ http://localhost:3000/dashboard:0
[ 3543943ms] [WARNING] The resource http://localhost:3000/_next/static/css/app/layout.css?v=1782855193150 was preloaded using link preload but not used within a few seconds from the window's load event. Please make sure it has an appropriate `as` value and it is preloaded intentionally. @ http://localhost:3000/dashboard:0
[ 3543943ms] [WARNING] The resource http://localhost:3000/_next/static/css/app/layout.css?v=1782855910503 was preloaded using link preload but not used within a few seconds from the window's load event. Please make sure it has an appropriate `as` value and it is preloaded intentionally. @ http://localhost:3000/dashboard:0
[ 3548937ms] [WARNING] The resource http://localhost:3000/_next/static/css/app/layout.css?v=1782856244849 was preloaded using link preload but not used within a few seconds from the window's load event. Please make sure it has an appropriate `as` value and it is preloaded intentionally. @ http://localhost:3000/dashboard:0
[ 3548937ms] [WARNING] The resource http://localhost:3000/_next/static/css/app/layout.css?v=1782855880636 was preloaded using link preload but not used within a few seconds from the window's load event. Please make sure it has an appropriate `as` value and it is preloaded intentionally. @ http://localhost:3000/dashboard:0
[ 3548937ms] [WARNING] The resource http://localhost:3000/_next/static/css/app/layout.css?v=1782855414341 was preloaded using link preload but not used within a few seconds from the window's load event. Please make sure it has an appropriate `as` value and it is preloaded intentionally. @ http://localhost:3000/dashboard:0
[ 3548937ms] [WARNING] The resource http://localhost:3000/_next/static/css/app/layout.css?v=1782855773671 was preloaded using link preload but not used within a few seconds from the window's load event. Please make sure it has an appropriate `as` value and it is preloaded intentionally. @ http://localhost:3000/dashboard:0
[ 3548937ms] [WARNING] The resource http://localhost:3000/_next/static/css/app/layout.css?v=1782856022999 was preloaded using link preload but not used within a few seconds from the window's load event. Please make sure it has an appropriate `as` value and it is preloaded intentionally. @ http://localhost:3000/dashboard:0
[ 3548937ms] [WARNING] The resource http://localhost:3000/_next/static/css/app/layout.css?v=1782855193439 was preloaded using link preload but not used within a few seconds from the window's load event. Please make sure it has an appropriate `as` value and it is preloaded intentionally. @ http://localhost:3000/dashboard:0
[ 3548937ms] [WARNING] The resource http://localhost:3000/_next/static/css/app/layout.css?v=1782855669941 was preloaded using link preload but not used within a few seconds from the window's load event. Please make sure it has an appropriate `as` value and it is preloaded intentionally. @ http://localhost:3000/dashboard:0
[ 3548937ms] [WARNING] The resource http://localhost:3000/_next/static/css/app/layout.css?v=1782855573308 was preloaded using link preload but not used within a few seconds from the window's load event. Please make sure it has an appropriate `as` value and it is preloaded intentionally. @ http://localhost:3000/dashboard:0
[ 3548937ms] [WARNING] The resource http://localhost:3000/_next/static/css/app/layout.css?v=1782856069853 was preloaded using link preload but not used within a few seconds from the window's load event. Please make sure it has an appropriate `as` value and it is preloaded intentionally. @ http://localhost:3000/dashboard:0
[ 3548937ms] [WARNING] The resource http://localhost:3000/_next/static/css/app/layout.css?v=1782855193150 was preloaded using link preload but not used within a few seconds from the window's load event. Please make sure it has an appropriate `as` value and it is preloaded intentionally. @ http://localhost:3000/dashboard:0
[ 3548937ms] [WARNING] The resource http://localhost:3000/_next/static/css/app/layout.css?v=1782855910503 was preloaded using link preload but not used within a few seconds from the window's load event. Please make sure it has an appropriate `as` value and it is preloaded intentionally. @ http://localhost:3000/dashboard:0
[ 3553934ms] [WARNING] The resource http://localhost:3000/_next/static/css/app/layout.css?v=1782856244849 was preloaded using link preload but not used within a few seconds from the window's load event. Please make sure it has an appropriate `as` value and it is preloaded intentionally. @ http://localhost:3000/dashboard:0
[ 3553934ms] [WARNING] The resource http://localhost:3000/_next/static/css/app/layout.css?v=1782855880636 was preloaded using link preload but not used within a few seconds from the window's load event. Please make sure it has an appropriate `as` value and it is preloaded intentionally. @ http://localhost:3000/dashboard:0
[ 3553934ms] [WARNING] The resource http://localhost:3000/_next/static/css/app/layout.css?v=1782855414341 was preloaded using link preload but not used within a few seconds from the window's load event. Please make sure it has an appropriate `as` value and it is preloaded intentionally. @ http://localhost:3000/dashboard:0
[ 3553934ms] [WARNING] The resource http://localhost:3000/_next/static/css/app/layout.css?v=1782855773671 was preloaded using link preload but not used within a few seconds from the window's load event. Please make sure it has an appropriate `as` value and it is preloaded intentionally. @ http://localhost:3000/dashboard:0
[ 3553934ms] [WARNING] The resource http://localhost:3000/_next/static/css/app/layout.css?v=1782856022999 was preloaded using link preload but not used within a few seconds from the window's load event. Please make sure it has an appropriate `as` value and it is preloaded intentionally. @ http://localhost:3000/dashboard:0
[ 3553934ms] [WARNING] The resource http://localhost:3000/_next/static/css/app/layout.css?v=1782855193439 was preloaded using link preload but not used within a few seconds from the window's load event. Please make sure it has an appropriate `as` value and it is preloaded intentionally. @ http://localhost:3000/dashboard:0
[ 3553934ms] [WARNING] The resource http://localhost:3000/_next/static/css/app/layout.css?v=1782855669941 was preloaded using link preload but not used within a few seconds from the window's load event. Please make sure it has an appropriate `as` value and it is preloaded intentionally. @ http://localhost:3000/dashboard:0
[ 3553934ms] [WARNING] The resource http://localhost:3000/_next/static/css/app/layout.css?v=1782855573308 was preloaded using link preload but not used within a few seconds from the window's load event. Please make sure it has an appropriate `as` value and it is preloaded intentionally. @ http://localhost:3000/dashboard:0
[ 3553934ms] [WARNING] The resource http://localhost:3000/_next/static/css/app/layout.css?v=1782856069853 was preloaded using link preload but not used within a few seconds from the window's load event. Please make sure it has an appropriate `as` value and it is preloaded intentionally. @ http://localhost:3000/dashboard:0
[ 3553934ms] [WARNING] The resource http://localhost:3000/_next/static/css/app/layout.css?v=1782855193150 was preloaded using link preload but not used within a few seconds from the window's load event. Please make sure it has an appropriate `as` value and it is preloaded intentionally. @ http://localhost:3000/dashboard:0
[ 3553934ms] [WARNING] The resource http://localhost:3000/_next/static/css/app/layout.css?v=1782855910503 was preloaded using link preload but not used within a few seconds from the window's load event. Please make sure it has an appropriate `as` value and it is preloaded intentionally. @ http://localhost:3000/dashboard:0
[ 3558944ms] [WARNING] The resource http://localhost:3000/_next/static/css/app/layout.css?v=1782856244849 was preloaded using link preload but not used within a few seconds from the window's load event. Please make sure it has an appropriate `as` value and it is preloaded intentionally. @ http://localhost:3000/dashboard:0
[ 3558944ms] [WARNING] The resource http://localhost:3000/_next/static/css/app/layout.css?v=1782855880636 was preloaded using link preload but not used within a few seconds from the window's load event. Please make sure it has an appropriate `as` value and it is preloaded intentionally. @ http://localhost:3000/dashboard:0
[ 3558944ms] [WARNING] The resource http://localhost:3000/_next/static/css/app/layout.css?v=1782855414341 was preloaded using link preload but not used within a few seconds from the window's load event. Please make sure it has an appropriate `as` value and it is preloaded intentionally. @ http://localhost:3000/dashboard:0
[ 3558944ms] [WARNING] The resource http://localhost:3000/_next/static/css/app/layout.css?v=1782855773671 was preloaded using link preload but not used within a few seconds from the window's load event. Please make sure it has an appropriate `as` value and it is preloaded intentionally. @ http://localhost:3000/dashboard:0
[ 3558944ms] [WARNING] The resource http://localhost:3000/_next/static/css/app/layout.css?v=1782856022999 was preloaded using link preload but not used within a few seconds from the window's load event. Please make sure it has an appropriate `as` value and it is preloaded intentionally. @ http://localhost:3000/dashboard:0
[ 3558944ms] [WARNING] The resource http://localhost:3000/_next/static/css/app/layout.css?v=1782855193439 was preloaded using link preload but not used within a few seconds from the window's load event. Please make sure it has an appropriate `as` value and it is preloaded intentionally. @ http://localhost:3000/dashboard:0
[ 3558944ms] [WARNING] The resource http://localhost:3000/_next/static/css/app/layout.css?v=1782855669941 was preloaded using link preload but not used within a few seconds from the window's load event. Please make sure it has an appropriate `as` value and it is preloaded intentionally. @ http://localhost:3000/dashboard:0
[ 3558944ms] [WARNING] The resource http://localhost:3000/_next/static/css/app/layout.css?v=1782855573308 was preloaded using link preload but not used within a few seconds from the window's load event. Please make sure it has an appropriate `as` value and it is preloaded intentionally. @ http://localhost:3000/dashboard:0
[ 3558944ms] [WARNING] The resource http://localhost:3000/_next/static/css/app/layout.css?v=1782856069853 was preloaded using link preload but not used within a few seconds from the window's load event. Please make sure it has an appropriate `as` value and it is preloaded intentionally. @ http://localhost:3000/dashboard:0
[ 3558944ms] [WARNING] The resource http://localhost:3000/_next/static/css/app/layout.css?v=1782855193150 was preloaded using link preload but not used within a few seconds from the window's load event. Please make sure it has an appropriate `as` value and it is preloaded intentionally. @ http://localhost:3000/dashboard:0
[ 3558944ms] [WARNING] The resource http://localhost:3000/_next/static/css/app/layout.css?v=1782855910503 was preloaded using link preload but not used within a few seconds from the window's load event. Please make sure it has an appropriate `as` value and it is preloaded intentionally. @ http://localhost:3000/dashboard:0
[ 3563948ms] [WARNING] The resource http://localhost:3000/_next/static/css/app/layout.css?v=1782856244849 was preloaded using link preload but not used within a few seconds from the window's load event. Please make sure it has an appropriate `as` value and it is preloaded intentionally. @ http://localhost:3000/dashboard:0
[ 3563948ms] [WARNING] The resource http://localhost:3000/_next/static/css/app/layout.css?v=1782855880636 was preloaded using link preload but not used within a few seconds from the window's load event. Please make sure it has an appropriate `as` value and it is preloaded intentionally. @ http://localhost:3000/dashboard:0
[ 3563948ms] [WARNING] The resource http://localhost:3000/_next/static/css/app/layout.css?v=1782855414341 was preloaded using link preload but not used within a few seconds from the window's load event. Please make sure it has an appropriate `as` value and it is preloaded intentionally. @ http://localhost:3000/dashboard:0
[ 3563948ms] [WARNING] The resource http://localhost:3000/_next/static/css/app/layout.css?v=1782855773671 was preloaded using link preload but not used within a few seconds from the window's load event. Please make sure it has an appropriate `as` value and it is preloaded intentionally. @ http://localhost:3000/dashboard:0
[ 3563948ms] [WARNING] The resource http://localhost:3000/_next/static/css/app/layout.css?v=1782856022999 was preloaded using link preload but not used within a few seconds from the window's load event. Please make sure it has an appropriate `as` value and it is preloaded intentionally. @ http://localhost:3000/dashboard:0
[ 3563948ms] [WARNING] The resource http://localhost:3000/_next/static/css/app/layout.css?v=1782855193439 was preloaded using link preload but not used within a few seconds from the window's load event. Please make sure it has an appropriate `as` value and it is preloaded intentionally. @ http://localhost:3000/dashboard:0
[ 3563948ms] [WARNING] The resource http://localhost:3000/_next/static/css/app/layout.css?v=1782855669941 was preloaded using link preload but not used within a few seconds from the window's load event. Please make sure it has an appropriate `as` value and it is preloaded intentionally. @ http://localhost:3000/dashboard:0
[ 3563948ms] [WARNING] The resource http://localhost:3000/_next/static/css/app/layout.css?v=1782855573308 was preloaded using link preload but not used within a few seconds from the window's load event. Please make sure it has an appropriate `as` value and it is preloaded intentionally. @ http://localhost:3000/dashboard:0
[ 3563948ms] [WARNING] The resource http://localhost:3000/_next/static/css/app/layout.css?v=1782856069853 was preloaded using link preload but not used within a few seconds from the window's load event. Please make sure it has an appropriate `as` value and it is preloaded intentionally. @ http://localhost:3000/dashboard:0
[ 3563948ms] [WARNING] The resource http://localhost:3000/_next/static/css/app/layout.css?v=1782855193150 was preloaded using link preload but not used within a few seconds from the window's load event. Please make sure it has an appropriate `as` value and it is preloaded intentionally. @ http://localhost:3000/dashboard:0
[ 3563948ms] [WARNING] The resource http://localhost:3000/_next/static/css/app/layout.css?v=1782855910503 was preloaded using link preload but not used within a few seconds from the window's load event. Please make sure it has an appropriate `as` value and it is preloaded intentionally. @ http://localhost:3000/dashboard:0
[ 3566945ms] [LOG] [Fast Refresh] rebuilding @ webpack-internal:///(app-pages-browser)/./node_modules/next/dist/client/dev/hot-reloader/app/hot-reloader-app.js:183
[ 3567100ms] [LOG] [Fast Refresh] done in 156ms @ webpack-internal:///(app-pages-browser)/./node_modules/next/dist/client/dev/report-hmr-latency.js:13
[ 3567156ms] [WARNING] The width(-1) and height(-1) of chart should be greater than 0,
       please check the style of container, or the props width(100%) and height(100%),
       or add a minWidth(0) or minHeight(undefined) or use aspect(undefined) to control the
       height and width. @ webpack-internal:///(app-pages-browser)/./node_modules/recharts/es6/util/LogUtils.js:18
[ 3567156ms] [WARNING] The width(-1) and height(-1) of chart should be greater than 0,
       please check the style of container, or the props width(100%) and height(100%),
       or add a minWidth(0) or minHeight(undefined) or use aspect(undefined) to control the
       height and width. @ webpack-internal:///(app-pages-browser)/./node_modules/recharts/es6/util/LogUtils.js:18
[ 3570248ms] [WARNING] The resource http://localhost:3000/_next/static/css/app/layout.css?v=1782855880636 was preloaded using link preload but not used within a few seconds from the window's load event. Please make sure it has an appropriate `as` value and it is preloaded intentionally. @ http://localhost:3000/dashboard:0
[ 3570249ms] [WARNING] The resource http://localhost:3000/_next/static/css/app/layout.css?v=1782855414341 was preloaded using link preload but not used within a few seconds from the window's load event. Please make sure it has an appropriate `as` value and it is preloaded intentionally. @ http://localhost:3000/dashboard:0
[ 3570249ms] [WARNING] The resource http://localhost:3000/_next/static/css/app/layout.css?v=1782855773671 was preloaded using link preload but not used within a few seconds from the window's load event. Please make sure it has an appropriate `as` value and it is preloaded intentionally. @ http://localhost:3000/dashboard:0
[ 3570249ms] [WARNING] The resource http://localhost:3000/_next/static/css/app/layout.css?v=1782855669941 was preloaded using link preload but not used within a few seconds from the window's load event. Please make sure it has an appropriate `as` value and it is preloaded intentionally. @ http://localhost:3000/dashboard:0
[ 3570249ms] [WARNING] The resource http://localhost:3000/_next/static/css/app/layout.css?v=1782856069853 was preloaded using link preload but not used within a few seconds from the window's load event. Please make sure it has an appropriate `as` value and it is preloaded intentionally. @ http://localhost:3000/dashboard:0
[ 3570249ms] [WARNING] The resource http://localhost:3000/_next/static/css/app/layout.css?v=1782855193150 was preloaded using link preload but not used within a few seconds from the window's load event. Please make sure it has an appropriate `as` value and it is preloaded intentionally. @ http://localhost:3000/dashboard:0
[ 3570249ms] [WARNING] The resource http://localhost:3000/_next/static/css/app/layout.css?v=1782856244849 was preloaded using link preload but not used within a few seconds from the window's load event. Please make sure it has an appropriate `as` value and it is preloaded intentionally. @ http://localhost:3000/dashboard:0
[ 3570249ms] [WARNING] The resource http://localhost:3000/_next/static/css/app/layout.css?v=1782855193439 was preloaded using link preload but not used within a few seconds from the window's load event. Please make sure it has an appropriate `as` value and it is preloaded intentionally. @ http://localhost:3000/dashboard:0
[ 3570249ms] [WARNING] The resource http://localhost:3000/_next/static/css/app/layout.css?v=1782856022999 was preloaded using link preload but not used within a few seconds from the window's load event. Please make sure it has an appropriate `as` value and it is preloaded intentionally. @ http://localhost:3000/dashboard:0
[ 3570249ms] [WARNING] The resource http://localhost:3000/_next/static/css/app/layout.css?v=1782855573308 was preloaded using link preload but not used within a few seconds from the window's load event. Please make sure it has an appropriate `as` value and it is preloaded intentionally. @ http://localhost:3000/dashboard:0
[ 3570249ms] [WARNING] The resource http://localhost:3000/_next/static/css/app/layout.css?v=1782855910503 was preloaded using link preload but not used within a few seconds from the window's load event. Please make sure it has an appropriate `as` value and it is preloaded intentionally. @ http://localhost:3000/dashboard:0
[ 3573942ms] [WARNING] The resource http://localhost:3000/_next/static/css/app/layout.css?v=1782855880636 was preloaded using link preload but not used within a few seconds from the window's load event. Please make sure it has an appropriate `as` value and it is preloaded intentionally. @ http://localhost:3000/dashboard:0
[ 3573942ms] [WARNING] The resource http://localhost:3000/_next/static/css/app/layout.css?v=1782855414341 was preloaded using link preload but not used within a few seconds from the window's load event. Please make sure it has an appropriate `as` value and it is preloaded intentionally. @ http://localhost:3000/dashboard:0
[ 3573942ms] [WARNING] The resource http://localhost:3000/_next/static/css/app/layout.css?v=1782855773671 was preloaded using link preload but not used within a few seconds from the window's load event. Please make sure it has an appropriate `as` value and it is preloaded intentionally. @ http://localhost:3000/dashboard:0
[ 3573942ms] [WARNING] The resource http://localhost:3000/_next/static/css/app/layout.css?v=1782855669941 was preloaded using link preload but not used within a few seconds from the window's load event. Please make sure it has an appropriate `as` value and it is preloaded intentionally. @ http://localhost:3000/dashboard:0
[ 3573942ms] [WARNING] The resource http://localhost:3000/_next/static/css/app/layout.css?v=1782856069853 was preloaded using link preload but not used within a few seconds from the window's load event. Please make sure it has an appropriate `as` value and it is preloaded intentionally. @ http://localhost:3000/dashboard:0
[ 3573942ms] [WARNING] The resource http://localhost:3000/_next/static/css/app/layout.css?v=1782855193150 was preloaded using link preload but not used within a few seconds from the window's load event. Please make sure it has an appropriate `as` value and it is preloaded intentionally. @ http://localhost:3000/dashboard:0
[ 3573942ms] [WARNING] The resource http://localhost:3000/_next/static/css/app/layout.css?v=1782856244849 was preloaded using link preload but not used within a few seconds from the window's load event. Please make sure it has an appropriate `as` value and it is preloaded intentionally. @ http://localhost:3000/dashboard:0
[ 3573942ms] [WARNING] The resource http://localhost:3000/_next/static/css/app/layout.css?v=1782855193439 was preloaded using link preload but not used within a few seconds from the window's load event. Please make sure it has an appropriate `as` value and it is preloaded intentionally. @ http://localhost:3000/dashboard:0
[ 3573942ms] [WARNING] The resource http://localhost:3000/_next/static/css/app/layout.css?v=1782856022999 was preloaded using link preload but not used within a few seconds from the window's load event. Please make sure it has an appropriate `as` value and it is preloaded intentionally. @ http://localhost:3000/dashboard:0
[ 3573942ms] [WARNING] The resource http://localhost:3000/_next/static/css/app/layout.css?v=1782855573308 was preloaded using link preload but not used within a few seconds from the window's load event. Please make sure it has an appropriate `as` value and it is preloaded intentionally. @ http://localhost:3000/dashboard:0
[ 3573942ms] [WARNING] The resource http://localhost:3000/_next/static/css/app/layout.css?v=1782855910503 was preloaded using link preload but not used within a few seconds from the window's load event. Please make sure it has an appropriate `as` value and it is preloaded intentionally. @ http://localhost:3000/dashboard:0
[ 3578944ms] [WARNING] The resource http://localhost:3000/_next/static/css/app/layout.css?v=1782855880636 was preloaded using link preload but not used within a few seconds from the window's load event. Please make sure it has an appropriate `as` value and it is preloaded intentionally. @ http://localhost:3000/dashboard:0
[ 3578944ms] [WARNING] The resource http://localhost:3000/_next/static/css/app/layout.css?v=1782855414341 was preloaded using link preload but not used within a few seconds from the window's load event. Please make sure it has an appropriate `as` value and it is preloaded intentionally. @ http://localhost:3000/dashboard:0
[ 3578944ms] [WARNING] The resource http://localhost:3000/_next/static/css/app/layout.css?v=1782855773671 was preloaded using link preload but not used within a few seconds from the window's load event. Please make sure it has an appropriate `as` value and it is preloaded intentionally. @ http://localhost:3000/dashboard:0
[ 3578944ms] [WARNING] The resource http://localhost:3000/_next/static/css/app/layout.css?v=1782855669941 was preloaded using link preload but not used within a few seconds from the window's load event. Please make sure it has an appropriate `as` value and it is preloaded intentionally. @ http://localhost:3000/dashboard:0
[ 3578944ms] [WARNING] The resource http://localhost:3000/_next/static/css/app/layout.css?v=1782856069853 was preloaded using link preload but not used within a few seconds from the window's load event. Please make sure it has an appropriate `as` value and it is preloaded intentionally. @ http://localhost:3000/dashboard:0
[ 3578944ms] [WARNING] The resource http://localhost:3000/_next/static/css/app/layout.css?v=1782855193150 was preloaded using link preload but not used within a few seconds from the window's load event. Please make sure it has an appropriate `as` value and it is preloaded intentionally. @ http://localhost:3000/dashboard:0
[ 3578944ms] [WARNING] The resource http://localhost:3000/_next/static/css/app/layout.css?v=1782856244849 was preloaded using link preload but not used within a few seconds from the window's load event. Please make sure it has an appropriate `as` value and it is preloaded intentionally. @ http://localhost:3000/dashboard:0
[ 3578944ms] [WARNING] The resource http://localhost:3000/_next/static/css/app/layout.css?v=1782855193439 was preloaded using link preload but not used within a few seconds from the window's load event. Please make sure it has an appropriate `as` value and it is preloaded intentionally. @ http://localhost:3000/dashboard:0
[ 3578944ms] [WARNING] The resource http://localhost:3000/_next/static/css/app/layout.css?v=1782856022999 was preloaded using link preload but not used within a few seconds from the window's load event. Please make sure it has an appropriate `as` value and it is preloaded intentionally. @ http://localhost:3000/dashboard:0
[ 3578944ms] [WARNING] The resource http://localhost:3000/_next/static/css/app/layout.css?v=1782855573308 was preloaded using link preload but not used within a few seconds from the window's load event. Please make sure it has an appropriate `as` value and it is preloaded intentionally. @ http://localhost:3000/dashboard:0
[ 3578944ms] [WARNING] The resource http://localhost:3000/_next/static/css/app/layout.css?v=1782855910503 was preloaded using link preload but not used within a few seconds from the window's load event. Please make sure it has an appropriate `as` value and it is preloaded intentionally. @ http://localhost:3000/dashboard:0
[ 3583934ms] [WARNING] The resource http://localhost:3000/_next/static/css/app/layout.css?v=1782855880636 was preloaded using link preload but not used within a few seconds from the window's load event. Please make sure it has an appropriate `as` value and it is preloaded intentionally. @ http://localhost:3000/dashboard:0
[ 3583934ms] [WARNING] The resource http://localhost:3000/_next/static/css/app/layout.css?v=1782855414341 was preloaded using link preload but not used within a few seconds from the window's load event. Please make sure it has an appropriate `as` value and it is preloaded intentionally. @ http://localhost:3000/dashboard:0
[ 3583934ms] [WARNING] The resource http://localhost:3000/_next/static/css/app/layout.css?v=1782855773671 was preloaded using link preload but not used within a few seconds from the window's load event. Please make sure it has an appropriate `as` value and it is preloaded intentionally. @ http://localhost:3000/dashboard:0
[ 3583934ms] [WARNING] The resource http://localhost:3000/_next/static/css/app/layout.css?v=1782855669941 was preloaded using link preload but not used within a few seconds from the window's load event. Please make sure it has an appropriate `as` value and it is preloaded intentionally. @ http://localhost:3000/dashboard:0
[ 3583934ms] [WARNING] The resource http://localhost:3000/_next/static/css/app/layout.css?v=1782856069853 was preloaded using link preload but not used within a few seconds from the window's load event. Please make sure it has an appropriate `as` value and it is preloaded intentionally. @ http://localhost:3000/dashboard:0
[ 3583934ms] [WARNING] The resource http://localhost:3000/_next/static/css/app/layout.css?v=1782855193150 was preloaded using link preload but not used within a few seconds from the window's load event. Please make sure it has an appropriate `as` value and it is preloaded intentionally. @ http://localhost:3000/dashboard:0
[ 3583934ms] [WARNING] The resource http://localhost:3000/_next/static/css/app/layout.css?v=1782856244849 was preloaded using link preload but not used within a few seconds from the window's load event. Please make sure it has an appropriate `as` value and it is preloaded intentionally. @ http://localhost:3000/dashboard:0
[ 3583934ms] [WARNING] The resource http://localhost:3000/_next/static/css/app/layout.css?v=1782855193439 was preloaded using link preload but not used within a few seconds from the window's load event. Please make sure it has an appropriate `as` value and it is preloaded intentionally. @ http://localhost:3000/dashboard:0
[ 3583934ms] [WARNING] The resource http://localhost:3000/_next/static/css/app/layout.css?v=1782856022999 was preloaded using link preload but not used within a few seconds from the window's load event. Please make sure it has an appropriate `as` value and it is preloaded intentionally. @ http://localhost:3000/dashboard:0
[ 3583934ms] [WARNING] The resource http://localhost:3000/_next/static/css/app/layout.css?v=1782855573308 was preloaded using link preload but not used within a few seconds from the window's load event. Please make sure it has an appropriate `as` value and it is preloaded intentionally. @ http://localhost:3000/dashboard:0
[ 3583934ms] [WARNING] The resource http://localhost:3000/_next/static/css/app/layout.css?v=1782855910503 was preloaded using link preload but not used within a few seconds from the window's load event. Please make sure it has an appropriate `as` value and it is preloaded intentionally. @ http://localhost:3000/dashboard:0
[ 3588948ms] [WARNING] The resource http://localhost:3000/_next/static/css/app/layout.css?v=1782855880636 was preloaded using link preload but not used within a few seconds from the window's load event. Please make sure it has an appropriate `as` value and it is preloaded intentionally. @ http://localhost:3000/dashboard:0
[ 3588948ms] [WARNING] The resource http://localhost:3000/_next/static/css/app/layout.css?v=1782855414341 was preloaded using link preload but not used within a few seconds from the window's load event. Please make sure it has an appropriate `as` value and it is preloaded intentionally. @ http://localhost:3000/dashboard:0
[ 3588948ms] [WARNING] The resource http://localhost:3000/_next/static/css/app/layout.css?v=1782855773671 was preloaded using link preload but not used within a few seconds from the window's load event. Please make sure it has an appropriate `as` value and it is preloaded intentionally. @ http://localhost:3000/dashboard:0
[ 3588948ms] [WARNING] The resource http://localhost:3000/_next/static/css/app/layout.css?v=1782855669941 was preloaded using link preload but not used within a few seconds from the window's load event. Please make sure it has an appropriate `as` value and it is preloaded intentionally. @ http://localhost:3000/dashboard:0
[ 3588948ms] [WARNING] The resource http://localhost:3000/_next/static/css/app/layout.css?v=1782856069853 was preloaded using link preload but not used within a few seconds from the window's load event. Please make sure it has an appropriate `as` value and it is preloaded intentionally. @ http://localhost:3000/dashboard:0
[ 3588948ms] [WARNING] The resource http://localhost:3000/_next/static/css/app/layout.css?v=1782855193150 was preloaded using link preload but not used within a few seconds from the window's load event. Please make sure it has an appropriate `as` value and it is preloaded intentionally. @ http://localhost:3000/dashboard:0
[ 3588948ms] [WARNING] The resource http://localhost:3000/_next/static/css/app/layout.css?v=1782856244849 was preloaded using link preload but not used within a few seconds from the window's load event. Please make sure it has an appropriate `as` value and it is preloaded intentionally. @ http://localhost:3000/dashboard:0
[ 3588948ms] [WARNING] The resource http://localhost:3000/_next/static/css/app/layout.css?v=1782855193439 was preloaded using link preload but not used within a few seconds from the window's load event. Please make sure it has an appropriate `as` value and it is preloaded intentionally. @ http://localhost:3000/dashboard:0
[ 3588948ms] [WARNING] The resource http://localhost:3000/_next/static/css/app/layout.css?v=1782856022999 was preloaded using link preload but not used within a few seconds from the window's load event. Please make sure it has an appropriate `as` value and it is preloaded intentionally. @ http://localhost:3000/dashboard:0
[ 3588948ms] [WARNING] The resource http://localhost:3000/_next/static/css/app/layout.css?v=1782855573308 was preloaded using link preload but not used within a few seconds from the window's load event. Please make sure it has an appropriate `as` value and it is preloaded intentionally. @ http://localhost:3000/dashboard:0
[ 3588948ms] [WARNING] The resource http://localhost:3000/_next/static/css/app/layout.css?v=1782855910503 was preloaded using link preload but not used within a few seconds from the window's load event. Please make sure it has an appropriate `as` value and it is preloaded intentionally. @ http://localhost:3000/dashboard:0
[ 3593948ms] [WARNING] The resource http://localhost:3000/_next/static/css/app/layout.css?v=1782855880636 was preloaded using link preload but not used within a few seconds from the window's load event. Please make sure it has an appropriate `as` value and it is preloaded intentionally. @ http://localhost:3000/dashboard:0
[ 3593948ms] [WARNING] The resource http://localhost:3000/_next/static/css/app/layout.css?v=1782855414341 was preloaded using link preload but not used within a few seconds from the window's load event. Please make sure it has an appropriate `as` value and it is preloaded intentionally. @ http://localhost:3000/dashboard:0
[ 3593948ms] [WARNING] The resource http://localhost:3000/_next/static/css/app/layout.css?v=1782855773671 was preloaded using link preload but not used within a few seconds from the window's load event. Please make sure it has an appropriate `as` value and it is preloaded intentionally. @ http://localhost:3000/dashboard:0
[ 3593948ms] [WARNING] The resource http://localhost:3000/_next/static/css/app/layout.css?v=1782855669941 was preloaded using link preload but not used within a few seconds from the window's load event. Please make sure it has an appropriate `as` value and it is preloaded intentionally. @ http://localhost:3000/dashboard:0
[ 3593948ms] [WARNING] The resource http://localhost:3000/_next/static/css/app/layout.css?v=1782856069853 was preloaded using link preload but not used within a few seconds from the window's load event. Please make sure it has an appropriate `as` value and it is preloaded intentionally. @ http://localhost:3000/dashboard:0
[ 3593948ms] [WARNING] The resource http://localhost:3000/_next/static/css/app/layout.css?v=1782855193150 was preloaded using link preload but not used within a few seconds from the window's load event. Please make sure it has an appropriate `as` value and it is preloaded intentionally. @ http://localhost:3000/dashboard:0
[ 3593948ms] [WARNING] The resource http://localhost:3000/_next/static/css/app/layout.css?v=1782856244849 was preloaded using link preload but not used within a few seconds from the window's load event. Please make sure it has an appropriate `as` value and it is preloaded intentionally. @ http://localhost:3000/dashboard:0
[ 3593948ms] [WARNING] The resource http://localhost:3000/_next/static/css/app/layout.css?v=1782855193439 was preloaded using link preload but not used within a few seconds from the window's load event. Please make sure it has an appropriate `as` value and it is preloaded intentionally. @ http://localhost:3000/dashboard:0
[ 3593948ms] [WARNING] The resource http://localhost:3000/_next/static/css/app/layout.css?v=1782856022999 was preloaded using link preload but not used within a few seconds from the window's load event. Please make sure it has an appropriate `as` value and it is preloaded intentionally. @ http://localhost:3000/dashboard:0
[ 3593948ms] [WARNING] The resource http://localhost:3000/_next/static/css/app/layout.css?v=1782855573308 was preloaded using link preload but not used within a few seconds from the window's load event. Please make sure it has an appropriate `as` value and it is preloaded intentionally. @ http://localhost:3000/dashboard:0
[ 3593948ms] [WARNING] The resource http://localhost:3000/_next/static/css/app/layout.css?v=1782855910503 was preloaded using link preload but not used within a few seconds from the window's load event. Please make sure it has an appropriate `as` value and it is preloaded intentionally. @ http://localhost:3000/dashboard:0
[ 3597631ms] [LOG] [Fast Refresh] rebuilding @ webpack-internal:///(app-pages-browser)/./node_modules/next/dist/client/dev/hot-reloader/app/hot-reloader-app.js:183
[ 3597928ms] [LOG] [Fast Refresh] rebuilding @ webpack-internal:///(app-pages-browser)/./node_modules/next/dist/client/dev/hot-reloader/app/hot-reloader-app.js:183
[ 3597939ms] [LOG] [Fast Refresh] done in 12ms @ webpack-internal:///(app-pages-browser)/./node_modules/next/dist/client/dev/report-hmr-latency.js:13
[ 3598099ms] [LOG] [Fast Refresh] done in 172ms @ webpack-internal:///(app-pages-browser)/./node_modules/next/dist/client/dev/report-hmr-latency.js:13
[ 3598153ms] [WARNING] The width(-1) and height(-1) of chart should be greater than 0,
       please check the style of container, or the props width(100%) and height(100%),
       or add a minWidth(0) or minHeight(undefined) or use aspect(undefined) to control the
       height and width. @ webpack-internal:///(app-pages-browser)/./node_modules/recharts/es6/util/LogUtils.js:18
[ 3598154ms] [WARNING] The width(-1) and height(-1) of chart should be greater than 0,
       please check the style of container, or the props width(100%) and height(100%),
       or add a minWidth(0) or minHeight(undefined) or use aspect(undefined) to control the
       height and width. @ webpack-internal:///(app-pages-browser)/./node_modules/recharts/es6/util/LogUtils.js:18
[ 3603961ms] [WARNING] The resource http://localhost:3000/_next/static/css/app/layout.css?v=1782855880636 was preloaded using link preload but not used within a few seconds from the window's load event. Please make sure it has an appropriate `as` value and it is preloaded intentionally. @ http://localhost:3000/dashboard:0
[ 3603961ms] [WARNING] The resource http://localhost:3000/_next/static/css/app/layout.css?v=1782855414341 was preloaded using link preload but not used within a few seconds from the window's load event. Please make sure it has an appropriate `as` value and it is preloaded intentionally. @ http://localhost:3000/dashboard:0
[ 3603961ms] [WARNING] The resource http://localhost:3000/_next/static/css/app/layout.css?v=1782855773671 was preloaded using link preload but not used within a few seconds from the window's load event. Please make sure it has an appropriate `as` value and it is preloaded intentionally. @ http://localhost:3000/dashboard:0
[ 3603961ms] [WARNING] The resource http://localhost:3000/_next/static/css/app/layout.css?v=1782855669941 was preloaded using link preload but not used within a few seconds from the window's load event. Please make sure it has an appropriate `as` value and it is preloaded intentionally. @ http://localhost:3000/dashboard:0
[ 3603961ms] [WARNING] The resource http://localhost:3000/_next/static/css/app/layout.css?v=1782856069853 was preloaded using link preload but not used within a few seconds from the window's load event. Please make sure it has an appropriate `as` value and it is preloaded intentionally. @ http://localhost:3000/dashboard:0
[ 3603961ms] [WARNING] The resource http://localhost:3000/_next/static/css/app/layout.css?v=1782855193150 was preloaded using link preload but not used within a few seconds from the window's load event. Please make sure it has an appropriate `as` value and it is preloaded intentionally. @ http://localhost:3000/dashboard:0
[ 3603961ms] [WARNING] The resource http://localhost:3000/_next/static/css/app/layout.css?v=1782856244849 was preloaded using link preload but not used within a few seconds from the window's load event. Please make sure it has an appropriate `as` value and it is preloaded intentionally. @ http://localhost:3000/dashboard:0
[ 3603961ms] [WARNING] The resource http://localhost:3000/_next/static/css/app/layout.css?v=1782856308596 was preloaded using link preload but not used within a few seconds from the window's load event. Please make sure it has an appropriate `as` value and it is preloaded intentionally. @ http://localhost:3000/dashboard:0
[ 3603961ms] [WARNING] The resource http://localhost:3000/_next/static/css/app/layout.css?v=1782855193439 was preloaded using link preload but not used within a few seconds from the window's load event. Please make sure it has an appropriate `as` value and it is preloaded intentionally. @ http://localhost:3000/dashboard:0
[ 3603961ms] [WARNING] The resource http://localhost:3000/_next/static/css/app/layout.css?v=1782856022999 was preloaded using link preload but not used within a few seconds from the window's load event. Please make sure it has an appropriate `as` value and it is preloaded intentionally. @ http://localhost:3000/dashboard:0
[ 3603961ms] [WARNING] The resource http://localhost:3000/_next/static/css/app/layout.css?v=1782855573308 was preloaded using link preload but not used within a few seconds from the window's load event. Please make sure it has an appropriate `as` value and it is preloaded intentionally. @ http://localhost:3000/dashboard:0
[ 3603961ms] [WARNING] The resource http://localhost:3000/_next/static/css/app/layout.css?v=1782855910503 was preloaded using link preload but not used within a few seconds from the window's load event. Please make sure it has an appropriate `as` value and it is preloaded intentionally. @ http://localhost:3000/dashboard:0
[ 3608936ms] [WARNING] The resource http://localhost:3000/_next/static/css/app/layout.css?v=1782855880636 was preloaded using link preload but not used within a few seconds from the window's load event. Please make sure it has an appropriate `as` value and it is preloaded intentionally. @ http://localhost:3000/dashboard:0
[ 3608936ms] [WARNING] The resource http://localhost:3000/_next/static/css/app/layout.css?v=1782855414341 was preloaded using link preload but not used within a few seconds from the window's load event. Please make sure it has an appropriate `as` value and it is preloaded intentionally. @ http://localhost:3000/dashboard:0
[ 3608936ms] [WARNING] The resource http://localhost:3000/_next/static/css/app/layout.css?v=1782855773671 was preloaded using link preload but not used within a few seconds from the window's load event. Please make sure it has an appropriate `as` value and it is preloaded intentionally. @ http://localhost:3000/dashboard:0
[ 3608936ms] [WARNING] The resource http://localhost:3000/_next/static/css/app/layout.css?v=1782855669941 was preloaded using link preload but not used within a few seconds from the window's load event. Please make sure it has an appropriate `as` value and it is preloaded intentionally. @ http://localhost:3000/dashboard:0
[ 3608936ms] [WARNING] The resource http://localhost:3000/_next/static/css/app/layout.css?v=1782856069853 was preloaded using link preload but not used within a few seconds from the window's load event. Please make sure it has an appropriate `as` value and it is preloaded intentionally. @ http://localhost:3000/dashboard:0
[ 3608936ms] [WARNING] The resource http://localhost:3000/_next/static/css/app/layout.css?v=1782855193150 was preloaded using link preload but not used within a few seconds from the window's load event. Please make sure it has an appropriate `as` value and it is preloaded intentionally. @ http://localhost:3000/dashboard:0
[ 3608936ms] [WARNING] The resource http://localhost:3000/_next/static/css/app/layout.css?v=1782856244849 was preloaded using link preload but not used within a few seconds from the window's load event. Please make sure it has an appropriate `as` value and it is preloaded intentionally. @ http://localhost:3000/dashboard:0
[ 3608936ms] [WARNING] The resource http://localhost:3000/_next/static/css/app/layout.css?v=1782856308596 was preloaded using link preload but not used within a few seconds from the window's load event. Please make sure it has an appropriate `as` value and it is preloaded intentionally. @ http://localhost:3000/dashboard:0
[ 3608936ms] [WARNING] The resource http://localhost:3000/_next/static/css/app/layout.css?v=1782855193439 was preloaded using link preload but not used within a few seconds from the window's load event. Please make sure it has an appropriate `as` value and it is preloaded intentionally. @ http://localhost:3000/dashboard:0
[ 3608936ms] [WARNING] The resource http://localhost:3000/_next/static/css/app/layout.css?v=1782856022999 was preloaded using link preload but not used within a few seconds from the window's load event. Please make sure it has an appropriate `as` value and it is preloaded intentionally. @ http://localhost:3000/dashboard:0
[ 3608936ms] [WARNING] The resource http://localhost:3000/_next/static/css/app/layout.css?v=1782855573308 was preloaded using link preload but not used within a few seconds from the window's load event. Please make sure it has an appropriate `as` value and it is preloaded intentionally. @ http://localhost:3000/dashboard:0
[ 3608936ms] [WARNING] The resource http://localhost:3000/_next/static/css/app/layout.css?v=1782855910503 was preloaded using link preload but not used within a few seconds from the window's load event. Please make sure it has an appropriate `as` value and it is preloaded intentionally. @ http://localhost:3000/dashboard:0
[ 3613943ms] [WARNING] The resource http://localhost:3000/_next/static/css/app/layout.css?v=1782855880636 was preloaded using link preload but not used within a few seconds from the window's load event. Please make sure it has an appropriate `as` value and it is preloaded intentionally. @ http://localhost:3000/dashboard:0
[ 3613943ms] [WARNING] The resource http://localhost:3000/_next/static/css/app/layout.css?v=1782855414341 was preloaded using link preload but not used within a few seconds from the window's load event. Please make sure it has an appropriate `as` value and it is preloaded intentionally. @ http://localhost:3000/dashboard:0
[ 3613943ms] [WARNING] The resource http://localhost:3000/_next/static/css/app/layout.css?v=1782855773671 was preloaded using link preload but not used within a few seconds from the window's load event. Please make sure it has an appropriate `as` value and it is preloaded intentionally. @ http://localhost:3000/dashboard:0
[ 3613943ms] [WARNING] The resource http://localhost:3000/_next/static/css/app/layout.css?v=1782855669941 was preloaded using link preload but not used within a few seconds from the window's load event. Please make sure it has an appropriate `as` value and it is preloaded intentionally. @ http://localhost:3000/dashboard:0
[ 3613943ms] [WARNING] The resource http://localhost:3000/_next/static/css/app/layout.css?v=1782856069853 was preloaded using link preload but not used within a few seconds from the window's load event. Please make sure it has an appropriate `as` value and it is preloaded intentionally. @ http://localhost:3000/dashboard:0
[ 3613943ms] [WARNING] The resource http://localhost:3000/_next/static/css/app/layout.css?v=1782855193150 was preloaded using link preload but not used within a few seconds from the window's load event. Please make sure it has an appropriate `as` value and it is preloaded intentionally. @ http://localhost:3000/dashboard:0
[ 3613943ms] [WARNING] The resource http://localhost:3000/_next/static/css/app/layout.css?v=1782856244849 was preloaded using link preload but not used within a few seconds from the window's load event. Please make sure it has an appropriate `as` value and it is preloaded intentionally. @ http://localhost:3000/dashboard:0
[ 3613943ms] [WARNING] The resource http://localhost:3000/_next/static/css/app/layout.css?v=1782856308596 was preloaded using link preload but not used within a few seconds from the window's load event. Please make sure it has an appropriate `as` value and it is preloaded intentionally. @ http://localhost:3000/dashboard:0
[ 3613943ms] [WARNING] The resource http://localhost:3000/_next/static/css/app/layout.css?v=1782855193439 was preloaded using link preload but not used within a few seconds from the window's load event. Please make sure it has an appropriate `as` value and it is preloaded intentionally. @ http://localhost:3000/dashboard:0
[ 3613943ms] [WARNING] The resource http://localhost:3000/_next/static/css/app/layout.css?v=1782856022999 was preloaded using link preload but not used within a few seconds from the window's load event. Please make sure it has an appropriate `as` value and it is preloaded intentionally. @ http://localhost:3000/dashboard:0
[ 3613943ms] [WARNING] The resource http://localhost:3000/_next/static/css/app/layout.css?v=1782855573308 was preloaded using link preload but not used within a few seconds from the window's load event. Please make sure it has an appropriate `as` value and it is preloaded intentionally. @ http://localhost:3000/dashboard:0
[ 3613943ms] [WARNING] The resource http://localhost:3000/_next/static/css/app/layout.css?v=1782855910503 was preloaded using link preload but not used within a few seconds from the window's load event. Please make sure it has an appropriate `as` value and it is preloaded intentionally. @ http://localhost:3000/dashboard:0
[ 3618952ms] [WARNING] The resource http://localhost:3000/_next/static/css/app/layout.css?v=1782855880636 was preloaded using link preload but not used within a few seconds from the window's load event. Please make sure it has an appropriate `as` value and it is preloaded intentionally. @ http://localhost:3000/dashboard:0
[ 3618952ms] [WARNING] The resource http://localhost:3000/_next/static/css/app/layout.css?v=1782855414341 was preloaded using link preload but not used within a few seconds from the window's load event. Please make sure it has an appropriate `as` value and it is preloaded intentionally. @ http://localhost:3000/dashboard:0
[ 3618952ms] [WARNING] The resource http://localhost:3000/_next/static/css/app/layout.css?v=1782855773671 was preloaded using link preload but not used within a few seconds from the window's load event. Please make sure it has an appropriate `as` value and it is preloaded intentionally. @ http://localhost:3000/dashboard:0
[ 3618952ms] [WARNING] The resource http://localhost:3000/_next/static/css/app/layout.css?v=1782855669941 was preloaded using link preload but not used within a few seconds from the window's load event. Please make sure it has an appropriate `as` value and it is preloaded intentionally. @ http://localhost:3000/dashboard:0
[ 3618952ms] [WARNING] The resource http://localhost:3000/_next/static/css/app/layout.css?v=1782856069853 was preloaded using link preload but not used within a few seconds from the window's load event. Please make sure it has an appropriate `as` value and it is preloaded intentionally. @ http://localhost:3000/dashboard:0
[ 3618952ms] [WARNING] The resource http://localhost:3000/_next/static/css/app/layout.css?v=1782855193150 was preloaded using link preload but not used within a few seconds from the window's load event. Please make sure it has an appropriate `as` value and it is preloaded intentionally. @ http://localhost:3000/dashboard:0
[ 3618952ms] [WARNING] The resource http://localhost:3000/_next/static/css/app/layout.css?v=1782856244849 was preloaded using link preload but not used within a few seconds from the window's load event. Please make sure it has an appropriate `as` value and it is preloaded intentionally. @ http://localhost:3000/dashboard:0
[ 3618952ms] [WARNING] The resource http://localhost:3000/_next/static/css/app/layout.css?v=1782856308596 was preloaded using link preload but not used within a few seconds from the window's load event. Please make sure it has an appropriate `as` value and it is preloaded intentionally. @ http://localhost:3000/dashboard:0
[ 3618952ms] [WARNING] The resource http://localhost:3000/_next/static/css/app/layout.css?v=1782855193439 was preloaded using link preload but not used within a few seconds from the window's load event. Please make sure it has an appropriate `as` value and it is preloaded intentionally. @ http://localhost:3000/dashboard:0
[ 3618952ms] [WARNING] The resource http://localhost:3000/_next/static/css/app/layout.css?v=1782856022999 was preloaded using link preload but not used within a few seconds from the window's load event. Please make sure it has an appropriate `as` value and it is preloaded intentionally. @ http://localhost:3000/dashboard:0
[ 3618952ms] [WARNING] The resource http://localhost:3000/_next/static/css/app/layout.css?v=1782855573308 was preloaded using link preload but not used within a few seconds from the window's load event. Please make sure it has an appropriate `as` value and it is preloaded intentionally. @ http://localhost:3000/dashboard:0
[ 3618952ms] [WARNING] The resource http://localhost:3000/_next/static/css/app/layout.css?v=1782855910503 was preloaded using link preload but not used within a few seconds from the window's load event. Please make sure it has an appropriate `as` value and it is preloaded intentionally. @ http://localhost:3000/dashboard:0
[ 3623959ms] [WARNING] The resource http://localhost:3000/_next/static/css/app/layout.css?v=1782855880636 was preloaded using link preload but not used within a few seconds from the window's load event. Please make sure it has an appropriate `as` value and it is preloaded intentionally. @ http://localhost:3000/dashboard:0
[ 3623959ms] [WARNING] The resource http://localhost:3000/_next/static/css/app/layout.css?v=1782855414341 was preloaded using link preload but not used within a few seconds from the window's load event. Please make sure it has an appropriate `as` value and it is preloaded intentionally. @ http://localhost:3000/dashboard:0
[ 3623959ms] [WARNING] The resource http://localhost:3000/_next/static/css/app/layout.css?v=1782855773671 was preloaded using link preload but not used within a few seconds from the window's load event. Please make sure it has an appropriate `as` value and it is preloaded intentionally. @ http://localhost:3000/dashboard:0
[ 3623959ms] [WARNING] The resource http://localhost:3000/_next/static/css/app/layout.css?v=1782855669941 was preloaded using link preload but not used within a few seconds from the window's load event. Please make sure it has an appropriate `as` value and it is preloaded intentionally. @ http://localhost:3000/dashboard:0
[ 3623959ms] [WARNING] The resource http://localhost:3000/_next/static/css/app/layout.css?v=1782856069853 was preloaded using link preload but not used within a few seconds from the window's load event. Please make sure it has an appropriate `as` value and it is preloaded intentionally. @ http://localhost:3000/dashboard:0
[ 3623959ms] [WARNING] The resource http://localhost:3000/_next/static/css/app/layout.css?v=1782855193150 was preloaded using link preload but not used within a few seconds from the window's load event. Please make sure it has an appropriate `as` value and it is preloaded intentionally. @ http://localhost:3000/dashboard:0
[ 3623959ms] [WARNING] The resource http://localhost:3000/_next/static/css/app/layout.css?v=1782856244849 was preloaded using link preload but not used within a few seconds from the window's load event. Please make sure it has an appropriate `as` value and it is preloaded intentionally. @ http://localhost:3000/dashboard:0
[ 3623959ms] [WARNING] The resource http://localhost:3000/_next/static/css/app/layout.css?v=1782856308596 was preloaded using link preload but not used within a few seconds from the window's load event. Please make sure it has an appropriate `as` value and it is preloaded intentionally. @ http://localhost:3000/dashboard:0
[ 3623959ms] [WARNING] The resource http://localhost:3000/_next/static/css/app/layout.css?v=1782855193439 was preloaded using link preload but not used within a few seconds from the window's load event. Please make sure it has an appropriate `as` value and it is preloaded intentionally. @ http://localhost:3000/dashboard:0
[ 3623959ms] [WARNING] The resource http://localhost:3000/_next/static/css/app/layout.css?v=1782856022999 was preloaded using link preload but not used within a few seconds from the window's load event. Please make sure it has an appropriate `as` value and it is preloaded intentionally. @ http://localhost:3000/dashboard:0
[ 3623959ms] [WARNING] The resource http://localhost:3000/_next/static/css/app/layout.css?v=1782855573308 was preloaded using link preload but not used within a few seconds from the window's load event. Please make sure it has an appropriate `as` value and it is preloaded intentionally. @ http://localhost:3000/dashboard:0
[ 3623959ms] [WARNING] The resource http://localhost:3000/_next/static/css/app/layout.css?v=1782855910503 was preloaded using link preload but not used within a few seconds from the window's load event. Please make sure it has an appropriate `as` value and it is preloaded intentionally. @ http://localhost:3000/dashboard:0
[ 3628935ms] [WARNING] The resource http://localhost:3000/_next/static/css/app/layout.css?v=1782855880636 was preloaded using link preload but not used within a few seconds from the window's load event. Please make sure it has an appropriate `as` value and it is preloaded intentionally. @ http://localhost:3000/dashboard:0
[ 3628935ms] [WARNING] The resource http://localhost:3000/_next/static/css/app/layout.css?v=1782855414341 was preloaded using link preload but not used within a few seconds from the window's load event. Please make sure it has an appropriate `as` value and it is preloaded intentionally. @ http://localhost:3000/dashboard:0
[ 3628935ms] [WARNING] The resource http://localhost:3000/_next/static/css/app/layout.css?v=1782855773671 was preloaded using link preload but not used within a few seconds from the window's load event. Please make sure it has an appropriate `as` value and it is preloaded intentionally. @ http://localhost:3000/dashboard:0
[ 3628935ms] [WARNING] The resource http://localhost:3000/_next/static/css/app/layout.css?v=1782855669941 was preloaded using link preload but not used within a few seconds from the window's load event. Please make sure it has an appropriate `as` value and it is preloaded intentionally. @ http://localhost:3000/dashboard:0
[ 3628935ms] [WARNING] The resource http://localhost:3000/_next/static/css/app/layout.css?v=1782856069853 was preloaded using link preload but not used within a few seconds from the window's load event. Please make sure it has an appropriate `as` value and it is preloaded intentionally. @ http://localhost:3000/dashboard:0
[ 3628935ms] [WARNING] The resource http://localhost:3000/_next/static/css/app/layout.css?v=1782855193150 was preloaded using link preload but not used within a few seconds from the window's load event. Please make sure it has an appropriate `as` value and it is preloaded intentionally. @ http://localhost:3000/dashboard:0
[ 3628935ms] [WARNING] The resource http://localhost:3000/_next/static/css/app/layout.css?v=1782856244849 was preloaded using link preload but not used within a few seconds from the window's load event. Please make sure it has an appropriate `as` value and it is preloaded intentionally. @ http://localhost:3000/dashboard:0
[ 3628935ms] [WARNING] The resource http://localhost:3000/_next/static/css/app/layout.css?v=1782856308596 was preloaded using link preload but not used within a few seconds from the window's load event. Please make sure it has an appropriate `as` value and it is preloaded intentionally. @ http://localhost:3000/dashboard:0
[ 3628935ms] [WARNING] The resource http://localhost:3000/_next/static/css/app/layout.css?v=1782855193439 was preloaded using link preload but not used within a few seconds from the window's load event. Please make sure it has an appropriate `as` value and it is preloaded intentionally. @ http://localhost:3000/dashboard:0
[ 3628935ms] [WARNING] The resource http://localhost:3000/_next/static/css/app/layout.css?v=1782856022999 was preloaded using link preload but not used within a few seconds from the window's load event. Please make sure it has an appropriate `as` value and it is preloaded intentionally. @ http://localhost:3000/dashboard:0
[ 3628935ms] [WARNING] The resource http://localhost:3000/_next/static/css/app/layout.css?v=1782855573308 was preloaded using link preload but not used within a few seconds from the window's load event. Please make sure it has an appropriate `as` value and it is preloaded intentionally. @ http://localhost:3000/dashboard:0
[ 3628935ms] [WARNING] The resource http://localhost:3000/_next/static/css/app/layout.css?v=1782855910503 was preloaded using link preload but not used within a few seconds from the window's load event. Please make sure it has an appropriate `as` value and it is preloaded intentionally. @ http://localhost:3000/dashboard:0
