[     469ms] [INFO] %cDownload the React DevTools for a better development experience: https://react.dev/link/react-devtools font-weight:bold @ webpack-internal:///(app-pages-browser)/./node_modules/next/dist/compiled/react-dom/cjs/react-dom-client.development.js:25630
[     580ms] [WARNING] The width(-1) and height(-1) of chart should be greater than 0,
       please check the style of container, or the props width(100%) and height(100%),
       or add a minWidth(0) or minHeight(undefined) or use aspect(undefined) to control the
       height and width. @ webpack-internal:///(app-pages-browser)/./node_modules/recharts/es6/util/LogUtils.js:18
[     580ms] [WARNING] The width(-1) and height(-1) of chart should be greater than 0,
       please check the style of container, or the props width(100%) and height(100%),
       or add a minWidth(0) or minHeight(undefined) or use aspect(undefined) to control the
       height and width. @ webpack-internal:///(app-pages-browser)/./node_modules/recharts/es6/util/LogUtils.js:18
[     586ms] Error: Hydration failed because the server rendered HTML didn't match the client. As a result this tree will be regenerated on the client. This can happen if a SSR-ed Client Component used:

- A server/client branch `if (typeof window !== 'undefined')`.
- Variable input such as `Date.now()` or `Math.random()` which changes each time it's called.
- Date formatting in a user's locale which doesn't match the server.
- External changing data without sending a snapshot of it along with the HTML.
- Invalid HTML tag nesting.

It can also happen if the client has a browser extension installed which messes with the HTML before React loaded.

https://react.dev/link/hydration-mismatch

  ...
    <LoadingBoundary loading={null}>
      <HTTPAccessFallbackBoundary notFound={undefined} forbidden={undefined} unauthorized={undefined}>
        <RedirectBoundary>
          <RedirectErrorBoundary router={{...}}>
            <InnerLayoutRouter url="/dashboard" tree={[...]} cacheNode={{lazyData:null, ...}} segmentPath={[...]}>
              <SegmentViewNode type="page" pagePath="dashboard/...">
                <SegmentTrieNode>
                <DashboardPage>
                  <div className="flex min-h..." style={{...}}>
                    <Sidebar profiles={[...]} activeProfile={{id:"demo001", ...}}>
                      <motion.aside className="hidden md:..." animate={{width:52}} transition={{duration:0.2, ...}} ...>
                        <aside className="hidden md:..." style={{...}} ref={function useMotionRef.useCallback}>
                          <SidebarInner profiles={[...]} activeProfile={{id:"demo001", ...}} collapsed={true} ...>
                            <div className="flex flex-...">
                              <div
                                style={{
+                                 display: "flex"
-                                 display: "flex"
+                                 alignItems: "center"
+                                 gap: 10
+                                 padding: "14px 10px"
+                                 borderBottom: "1px solid var(--border)"
+                                 justifyContent: "center"
-                                 align-items: "center"
-                                 row-gap: "10px"
-                                 column-gap: "10px"
-                                 padding-top: "14px"
-                                 padding-right: "14px"
-                                 padding-bottom: "12px"
-                                 padding-left: "14px"
-                                 border-bottom-width: ""
-                                 border-bottom-style: ""
-                                 border-bottom-color: ""
                                }}
                              >
                                <LogoMark>
+                               <button
+                                 type="button"
+                                 onClick={function toggleCollapse}
+                                 style={{position:"absolute",right:-10,top:20,width:20,height:20,background:"var(--surf...",border:"1px solid ...", ...}}
+                                 title="Sidebar ausklappen"
+                               >
-                               <div style={{flex-grow:"1",flex-shrink:"1",flex-basis:"0%",min-width:"0px"}}>
                              ...
                      ...
                    ...
              ...
            ...

    at throwOnHydrationMismatch (webpack-internal:///(app-pages-browser)/./node_modules/next/dist/compiled/react-dom/cjs/react-dom-client.development.js:4506:11)
    at beginWork (webpack-internal:///(app-pages-browser)/./node_modules/next/dist/compiled/react-dom/cjs/react-dom-client.development.js:11107:17)
    at runWithFiberInDEV (webpack-internal:///(app-pages-browser)/./node_modules/next/dist/compiled/react-dom/cjs/react-dom-client.development.js:872:30)
    at performUnitOfWork (webpack-internal:///(app-pages-browser)/./node_modules/next/dist/compiled/react-dom/cjs/react-dom-client.development.js:15727:22)
    at workLoopConcurrentByScheduler (webpack-internal:///(app-pages-browser)/./node_modules/next/dist/compiled/react-dom/cjs/react-dom-client.development.js:15721:9)
    at renderRootConcurrent (webpack-internal:///(app-pages-browser)/./node_modules/next/dist/compiled/react-dom/cjs/react-dom-client.development.js:15696:15)
    at performWorkOnRoot (webpack-internal:///(app-pages-browser)/./node_modules/next/dist/compiled/react-dom/cjs/react-dom-client.development.js:14990:13)
    at performWorkOnRootViaSchedulerTask (webpack-internal:///(app-pages-browser)/./node_modules/next/dist/compiled/react-dom/cjs/react-dom-client.development.js:16816:7)
    at MessagePort.performWorkUntilDeadline (webpack-internal:///(app-pages-browser)/./node_modules/next/dist/compiled/scheduler/cjs/scheduler.development.js:45:48)
[     635ms] [WARNING] The width(-1) and height(-1) of chart should be greater than 0,
       please check the style of container, or the props width(100%) and height(100%),
       or add a minWidth(0) or minHeight(undefined) or use aspect(undefined) to control the
       height and width. @ webpack-internal:///(app-pages-browser)/./node_modules/recharts/es6/util/LogUtils.js:18
[     635ms] [WARNING] The width(-1) and height(-1) of chart should be greater than 0,
       please check the style of container, or the props width(100%) and height(100%),
       or add a minWidth(0) or minHeight(undefined) or use aspect(undefined) to control the
       height and width. @ webpack-internal:///(app-pages-browser)/./node_modules/recharts/es6/util/LogUtils.js:18
[     640ms] [WARNING] The width(-1) and height(-1) of chart should be greater than 0,
       please check the style of container, or the props width(100%) and height(100%),
       or add a minWidth(0) or minHeight(undefined) or use aspect(undefined) to control the
       height and width. @ webpack-internal:///(app-pages-browser)/./node_modules/recharts/es6/util/LogUtils.js:18
[     640ms] [WARNING] The width(-1) and height(-1) of chart should be greater than 0,
       please check the style of container, or the props width(100%) and height(100%),
       or add a minWidth(0) or minHeight(undefined) or use aspect(undefined) to control the
       height and width. @ webpack-internal:///(app-pages-browser)/./node_modules/recharts/es6/util/LogUtils.js:18
[  124024ms] [LOG] [Fast Refresh] rebuilding @ webpack-internal:///(app-pages-browser)/./node_modules/next/dist/client/dev/hot-reloader/app/hot-reloader-app.js:183
[  124471ms] [LOG] [Fast Refresh] done in 448ms @ webpack-internal:///(app-pages-browser)/./node_modules/next/dist/client/dev/report-hmr-latency.js:13
[  286317ms] [LOG] [Fast Refresh] rebuilding @ webpack-internal:///(app-pages-browser)/./node_modules/next/dist/client/dev/hot-reloader/app/hot-reloader-app.js:183
[  286523ms] [LOG] [Fast Refresh] rebuilding @ webpack-internal:///(app-pages-browser)/./node_modules/next/dist/client/dev/hot-reloader/app/hot-reloader-app.js:183
[  286542ms] [LOG] [Fast Refresh] done in 19ms @ webpack-internal:///(app-pages-browser)/./node_modules/next/dist/client/dev/report-hmr-latency.js:13
[  286864ms] [LOG] [Fast Refresh] done in 341ms @ webpack-internal:///(app-pages-browser)/./node_modules/next/dist/client/dev/report-hmr-latency.js:13
[  286929ms] [WARNING] The width(-1) and height(-1) of chart should be greater than 0,
       please check the style of container, or the props width(100%) and height(100%),
       or add a minWidth(0) or minHeight(undefined) or use aspect(undefined) to control the
       height and width. @ webpack-internal:///(app-pages-browser)/./node_modules/recharts/es6/util/LogUtils.js:18
[  286929ms] [WARNING] The width(-1) and height(-1) of chart should be greater than 0,
       please check the style of container, or the props width(100%) and height(100%),
       or add a minWidth(0) or minHeight(undefined) or use aspect(undefined) to control the
       height and width. @ webpack-internal:///(app-pages-browser)/./node_modules/recharts/es6/util/LogUtils.js:18
[  290054ms] [WARNING] The resource http://localhost:3000/_next/static/css/app/layout.css?v=1782856748525 was preloaded using link preload but not used within a few seconds from the window's load event. Please make sure it has an appropriate `as` value and it is preloaded intentionally. @ http://localhost:3000/dashboard:0
[  290974ms] [LOG] [Fast Refresh] rebuilding @ webpack-internal:///(app-pages-browser)/./node_modules/next/dist/client/dev/hot-reloader/app/hot-reloader-app.js:183
[  291121ms] [LOG] [Fast Refresh] done in 146ms @ webpack-internal:///(app-pages-browser)/./node_modules/next/dist/client/dev/report-hmr-latency.js:13
[  291179ms] [WARNING] The width(-1) and height(-1) of chart should be greater than 0,
       please check the style of container, or the props width(100%) and height(100%),
       or add a minWidth(0) or minHeight(undefined) or use aspect(undefined) to control the
       height and width. @ webpack-internal:///(app-pages-browser)/./node_modules/recharts/es6/util/LogUtils.js:18
[  291179ms] [WARNING] The width(-1) and height(-1) of chart should be greater than 0,
       please check the style of container, or the props width(100%) and height(100%),
       or add a minWidth(0) or minHeight(undefined) or use aspect(undefined) to control the
       height and width. @ webpack-internal:///(app-pages-browser)/./node_modules/recharts/es6/util/LogUtils.js:18
[  294271ms] [WARNING] The resource http://localhost:3000/_next/static/css/app/layout.css?v=1782856748525 was preloaded using link preload but not used within a few seconds from the window's load event. Please make sure it has an appropriate `as` value and it is preloaded intentionally. @ http://localhost:3000/dashboard:0
[  298641ms] [WARNING] The resource http://localhost:3000/_next/static/css/app/layout.css?v=1782856748525 was preloaded using link preload but not used within a few seconds from the window's load event. Please make sure it has an appropriate `as` value and it is preloaded intentionally. @ http://localhost:3000/dashboard:0
[  303658ms] [WARNING] The resource http://localhost:3000/_next/static/css/app/layout.css?v=1782856748525 was preloaded using link preload but not used within a few seconds from the window's load event. Please make sure it has an appropriate `as` value and it is preloaded intentionally. @ http://localhost:3000/dashboard:0
[  308665ms] [WARNING] The resource http://localhost:3000/_next/static/css/app/layout.css?v=1782856748525 was preloaded using link preload but not used within a few seconds from the window's load event. Please make sure it has an appropriate `as` value and it is preloaded intentionally. @ http://localhost:3000/dashboard:0
[  313657ms] [WARNING] The resource http://localhost:3000/_next/static/css/app/layout.css?v=1782856748525 was preloaded using link preload but not used within a few seconds from the window's load event. Please make sure it has an appropriate `as` value and it is preloaded intentionally. @ http://localhost:3000/dashboard:0
[  318651ms] [WARNING] The resource http://localhost:3000/_next/static/css/app/layout.css?v=1782856748525 was preloaded using link preload but not used within a few seconds from the window's load event. Please make sure it has an appropriate `as` value and it is preloaded intentionally. @ http://localhost:3000/dashboard:0
[  323652ms] [WARNING] The resource http://localhost:3000/_next/static/css/app/layout.css?v=1782856748525 was preloaded using link preload but not used within a few seconds from the window's load event. Please make sure it has an appropriate `as` value and it is preloaded intentionally. @ http://localhost:3000/dashboard:0
[  328638ms] [WARNING] The resource http://localhost:3000/_next/static/css/app/layout.css?v=1782856748525 was preloaded using link preload but not used within a few seconds from the window's load event. Please make sure it has an appropriate `as` value and it is preloaded intentionally. @ http://localhost:3000/dashboard:0
[  333639ms] [WARNING] The resource http://localhost:3000/_next/static/css/app/layout.css?v=1782856748525 was preloaded using link preload but not used within a few seconds from the window's load event. Please make sure it has an appropriate `as` value and it is preloaded intentionally. @ http://localhost:3000/dashboard:0
[  338645ms] [WARNING] The resource http://localhost:3000/_next/static/css/app/layout.css?v=1782856748525 was preloaded using link preload but not used within a few seconds from the window's load event. Please make sure it has an appropriate `as` value and it is preloaded intentionally. @ http://localhost:3000/dashboard:0
[  343639ms] [WARNING] The resource http://localhost:3000/_next/static/css/app/layout.css?v=1782856748525 was preloaded using link preload but not used within a few seconds from the window's load event. Please make sure it has an appropriate `as` value and it is preloaded intentionally. @ http://localhost:3000/dashboard:0
[  348653ms] [WARNING] The resource http://localhost:3000/_next/static/css/app/layout.css?v=1782856748525 was preloaded using link preload but not used within a few seconds from the window's load event. Please make sure it has an appropriate `as` value and it is preloaded intentionally. @ http://localhost:3000/dashboard:0
[  353649ms] [WARNING] The resource http://localhost:3000/_next/static/css/app/layout.css?v=1782856748525 was preloaded using link preload but not used within a few seconds from the window's load event. Please make sure it has an appropriate `as` value and it is preloaded intentionally. @ http://localhost:3000/dashboard:0
[  358645ms] [WARNING] The resource http://localhost:3000/_next/static/css/app/layout.css?v=1782856748525 was preloaded using link preload but not used within a few seconds from the window's load event. Please make sure it has an appropriate `as` value and it is preloaded intentionally. @ http://localhost:3000/dashboard:0
[  363651ms] [WARNING] The resource http://localhost:3000/_next/static/css/app/layout.css?v=1782856748525 was preloaded using link preload but not used within a few seconds from the window's load event. Please make sure it has an appropriate `as` value and it is preloaded intentionally. @ http://localhost:3000/dashboard:0
[  368658ms] [WARNING] The resource http://localhost:3000/_next/static/css/app/layout.css?v=1782856748525 was preloaded using link preload but not used within a few seconds from the window's load event. Please make sure it has an appropriate `as` value and it is preloaded intentionally. @ http://localhost:3000/dashboard:0
[  373644ms] [WARNING] The resource http://localhost:3000/_next/static/css/app/layout.css?v=1782856748525 was preloaded using link preload but not used within a few seconds from the window's load event. Please make sure it has an appropriate `as` value and it is preloaded intentionally. @ http://localhost:3000/dashboard:0
[  378652ms] [WARNING] The resource http://localhost:3000/_next/static/css/app/layout.css?v=1782856748525 was preloaded using link preload but not used within a few seconds from the window's load event. Please make sure it has an appropriate `as` value and it is preloaded intentionally. @ http://localhost:3000/dashboard:0
[  383652ms] [WARNING] The resource http://localhost:3000/_next/static/css/app/layout.css?v=1782856748525 was preloaded using link preload but not used within a few seconds from the window's load event. Please make sure it has an appropriate `as` value and it is preloaded intentionally. @ http://localhost:3000/dashboard:0
[  388656ms] [WARNING] The resource http://localhost:3000/_next/static/css/app/layout.css?v=1782856748525 was preloaded using link preload but not used within a few seconds from the window's load event. Please make sure it has an appropriate `as` value and it is preloaded intentionally. @ http://localhost:3000/dashboard:0
[  393644ms] [WARNING] The resource http://localhost:3000/_next/static/css/app/layout.css?v=1782856748525 was preloaded using link preload but not used within a few seconds from the window's load event. Please make sure it has an appropriate `as` value and it is preloaded intentionally. @ http://localhost:3000/dashboard:0
[  398652ms] [WARNING] The resource http://localhost:3000/_next/static/css/app/layout.css?v=1782856748525 was preloaded using link preload but not used within a few seconds from the window's load event. Please make sure it has an appropriate `as` value and it is preloaded intentionally. @ http://localhost:3000/dashboard:0
[  403643ms] [WARNING] The resource http://localhost:3000/_next/static/css/app/layout.css?v=1782856748525 was preloaded using link preload but not used within a few seconds from the window's load event. Please make sure it has an appropriate `as` value and it is preloaded intentionally. @ http://localhost:3000/dashboard:0
[  408656ms] [WARNING] The resource http://localhost:3000/_next/static/css/app/layout.css?v=1782856748525 was preloaded using link preload but not used within a few seconds from the window's load event. Please make sure it has an appropriate `as` value and it is preloaded intentionally. @ http://localhost:3000/dashboard:0
[  413645ms] [WARNING] The resource http://localhost:3000/_next/static/css/app/layout.css?v=1782856748525 was preloaded using link preload but not used within a few seconds from the window's load event. Please make sure it has an appropriate `as` value and it is preloaded intentionally. @ http://localhost:3000/dashboard:0
[  418639ms] [WARNING] The resource http://localhost:3000/_next/static/css/app/layout.css?v=1782856748525 was preloaded using link preload but not used within a few seconds from the window's load event. Please make sure it has an appropriate `as` value and it is preloaded intentionally. @ http://localhost:3000/dashboard:0
[  423641ms] [WARNING] The resource http://localhost:3000/_next/static/css/app/layout.css?v=1782856748525 was preloaded using link preload but not used within a few seconds from the window's load event. Please make sure it has an appropriate `as` value and it is preloaded intentionally. @ http://localhost:3000/dashboard:0
[  428652ms] [WARNING] The resource http://localhost:3000/_next/static/css/app/layout.css?v=1782856748525 was preloaded using link preload but not used within a few seconds from the window's load event. Please make sure it has an appropriate `as` value and it is preloaded intentionally. @ http://localhost:3000/dashboard:0
[  433659ms] [WARNING] The resource http://localhost:3000/_next/static/css/app/layout.css?v=1782856748525 was preloaded using link preload but not used within a few seconds from the window's load event. Please make sure it has an appropriate `as` value and it is preloaded intentionally. @ http://localhost:3000/dashboard:0
[  438640ms] [WARNING] The resource http://localhost:3000/_next/static/css/app/layout.css?v=1782856748525 was preloaded using link preload but not used within a few seconds from the window's load event. Please make sure it has an appropriate `as` value and it is preloaded intentionally. @ http://localhost:3000/dashboard:0
[  443640ms] [WARNING] The resource http://localhost:3000/_next/static/css/app/layout.css?v=1782856748525 was preloaded using link preload but not used within a few seconds from the window's load event. Please make sure it has an appropriate `as` value and it is preloaded intentionally. @ http://localhost:3000/dashboard:0
[  448647ms] [WARNING] The resource http://localhost:3000/_next/static/css/app/layout.css?v=1782856748525 was preloaded using link preload but not used within a few seconds from the window's load event. Please make sure it has an appropriate `as` value and it is preloaded intentionally. @ http://localhost:3000/dashboard:0
[  453643ms] [WARNING] The resource http://localhost:3000/_next/static/css/app/layout.css?v=1782856748525 was preloaded using link preload but not used within a few seconds from the window's load event. Please make sure it has an appropriate `as` value and it is preloaded intentionally. @ http://localhost:3000/dashboard:0
[  458651ms] [WARNING] The resource http://localhost:3000/_next/static/css/app/layout.css?v=1782856748525 was preloaded using link preload but not used within a few seconds from the window's load event. Please make sure it has an appropriate `as` value and it is preloaded intentionally. @ http://localhost:3000/dashboard:0
[  463645ms] [WARNING] The resource http://localhost:3000/_next/static/css/app/layout.css?v=1782856748525 was preloaded using link preload but not used within a few seconds from the window's load event. Please make sure it has an appropriate `as` value and it is preloaded intentionally. @ http://localhost:3000/dashboard:0
[  468646ms] [WARNING] The resource http://localhost:3000/_next/static/css/app/layout.css?v=1782856748525 was preloaded using link preload but not used within a few seconds from the window's load event. Please make sure it has an appropriate `as` value and it is preloaded intentionally. @ http://localhost:3000/dashboard:0
[  473654ms] [WARNING] The resource http://localhost:3000/_next/static/css/app/layout.css?v=1782856748525 was preloaded using link preload but not used within a few seconds from the window's load event. Please make sure it has an appropriate `as` value and it is preloaded intentionally. @ http://localhost:3000/dashboard:0
[  478641ms] [WARNING] The resource http://localhost:3000/_next/static/css/app/layout.css?v=1782856748525 was preloaded using link preload but not used within a few seconds from the window's load event. Please make sure it has an appropriate `as` value and it is preloaded intentionally. @ http://localhost:3000/dashboard:0
[  483639ms] [WARNING] The resource http://localhost:3000/_next/static/css/app/layout.css?v=1782856748525 was preloaded using link preload but not used within a few seconds from the window's load event. Please make sure it has an appropriate `as` value and it is preloaded intentionally. @ http://localhost:3000/dashboard:0
[  488651ms] [WARNING] The resource http://localhost:3000/_next/static/css/app/layout.css?v=1782856748525 was preloaded using link preload but not used within a few seconds from the window's load event. Please make sure it has an appropriate `as` value and it is preloaded intentionally. @ http://localhost:3000/dashboard:0
[  493647ms] [WARNING] The resource http://localhost:3000/_next/static/css/app/layout.css?v=1782856748525 was preloaded using link preload but not used within a few seconds from the window's load event. Please make sure it has an appropriate `as` value and it is preloaded intentionally. @ http://localhost:3000/dashboard:0
[  498655ms] [WARNING] The resource http://localhost:3000/_next/static/css/app/layout.css?v=1782856748525 was preloaded using link preload but not used within a few seconds from the window's load event. Please make sure it has an appropriate `as` value and it is preloaded intentionally. @ http://localhost:3000/dashboard:0
[  503644ms] [WARNING] The resource http://localhost:3000/_next/static/css/app/layout.css?v=1782856748525 was preloaded using link preload but not used within a few seconds from the window's load event. Please make sure it has an appropriate `as` value and it is preloaded intentionally. @ http://localhost:3000/dashboard:0
[  508647ms] [WARNING] The resource http://localhost:3000/_next/static/css/app/layout.css?v=1782856748525 was preloaded using link preload but not used within a few seconds from the window's load event. Please make sure it has an appropriate `as` value and it is preloaded intentionally. @ http://localhost:3000/dashboard:0
[  513650ms] [WARNING] The resource http://localhost:3000/_next/static/css/app/layout.css?v=1782856748525 was preloaded using link preload but not used within a few seconds from the window's load event. Please make sure it has an appropriate `as` value and it is preloaded intentionally. @ http://localhost:3000/dashboard:0
[  518645ms] [WARNING] The resource http://localhost:3000/_next/static/css/app/layout.css?v=1782856748525 was preloaded using link preload but not used within a few seconds from the window's load event. Please make sure it has an appropriate `as` value and it is preloaded intentionally. @ http://localhost:3000/dashboard:0
[  520247ms] [LOG] [Fast Refresh] rebuilding @ webpack-internal:///(app-pages-browser)/./node_modules/next/dist/client/dev/hot-reloader/app/hot-reloader-app.js:183
[  520505ms] [LOG] [Fast Refresh] done in 257ms @ webpack-internal:///(app-pages-browser)/./node_modules/next/dist/client/dev/report-hmr-latency.js:13
[  520599ms] [WARNING] The width(-1) and height(-1) of chart should be greater than 0,
       please check the style of container, or the props width(100%) and height(100%),
       or add a minWidth(0) or minHeight(undefined) or use aspect(undefined) to control the
       height and width. @ webpack-internal:///(app-pages-browser)/./node_modules/recharts/es6/util/LogUtils.js:18
[  520599ms] [WARNING] The width(-1) and height(-1) of chart should be greater than 0,
       please check the style of container, or the props width(100%) and height(100%),
       or add a minWidth(0) or minHeight(undefined) or use aspect(undefined) to control the
       height and width. @ webpack-internal:///(app-pages-browser)/./node_modules/recharts/es6/util/LogUtils.js:18
[  523833ms] [WARNING] The resource http://localhost:3000/_next/static/css/app/layout.css?v=1782856748525 was preloaded using link preload but not used within a few seconds from the window's load event. Please make sure it has an appropriate `as` value and it is preloaded intentionally. @ http://localhost:3000/dashboard:0
[  528645ms] [WARNING] The resource http://localhost:3000/_next/static/css/app/layout.css?v=1782856748525 was preloaded using link preload but not used within a few seconds from the window's load event. Please make sure it has an appropriate `as` value and it is preloaded intentionally. @ http://localhost:3000/dashboard:0
[  533648ms] [WARNING] The resource http://localhost:3000/_next/static/css/app/layout.css?v=1782856748525 was preloaded using link preload but not used within a few seconds from the window's load event. Please make sure it has an appropriate `as` value and it is preloaded intentionally. @ http://localhost:3000/dashboard:0
[  538654ms] [WARNING] The resource http://localhost:3000/_next/static/css/app/layout.css?v=1782856748525 was preloaded using link preload but not used within a few seconds from the window's load event. Please make sure it has an appropriate `as` value and it is preloaded intentionally. @ http://localhost:3000/dashboard:0
[  543654ms] [WARNING] The resource http://localhost:3000/_next/static/css/app/layout.css?v=1782856748525 was preloaded using link preload but not used within a few seconds from the window's load event. Please make sure it has an appropriate `as` value and it is preloaded intentionally. @ http://localhost:3000/dashboard:0
[  548660ms] [WARNING] The resource http://localhost:3000/_next/static/css/app/layout.css?v=1782856748525 was preloaded using link preload but not used within a few seconds from the window's load event. Please make sure it has an appropriate `as` value and it is preloaded intentionally. @ http://localhost:3000/dashboard:0
[  553641ms] [WARNING] The resource http://localhost:3000/_next/static/css/app/layout.css?v=1782856748525 was preloaded using link preload but not used within a few seconds from the window's load event. Please make sure it has an appropriate `as` value and it is preloaded intentionally. @ http://localhost:3000/dashboard:0
[  558642ms] [WARNING] The resource http://localhost:3000/_next/static/css/app/layout.css?v=1782856748525 was preloaded using link preload but not used within a few seconds from the window's load event. Please make sure it has an appropriate `as` value and it is preloaded intentionally. @ http://localhost:3000/dashboard:0
[  563647ms] [WARNING] The resource http://localhost:3000/_next/static/css/app/layout.css?v=1782856748525 was preloaded using link preload but not used within a few seconds from the window's load event. Please make sure it has an appropriate `as` value and it is preloaded intentionally. @ http://localhost:3000/dashboard:0
[  568644ms] [WARNING] The resource http://localhost:3000/_next/static/css/app/layout.css?v=1782856748525 was preloaded using link preload but not used within a few seconds from the window's load event. Please make sure it has an appropriate `as` value and it is preloaded intentionally. @ http://localhost:3000/dashboard:0
[  573660ms] [WARNING] The resource http://localhost:3000/_next/static/css/app/layout.css?v=1782856748525 was preloaded using link preload but not used within a few seconds from the window's load event. Please make sure it has an appropriate `as` value and it is preloaded intentionally. @ http://localhost:3000/dashboard:0
[  578657ms] [WARNING] The resource http://localhost:3000/_next/static/css/app/layout.css?v=1782856748525 was preloaded using link preload but not used within a few seconds from the window's load event. Please make sure it has an appropriate `as` value and it is preloaded intentionally. @ http://localhost:3000/dashboard:0
[  583662ms] [WARNING] The resource http://localhost:3000/_next/static/css/app/layout.css?v=1782856748525 was preloaded using link preload but not used within a few seconds from the window's load event. Please make sure it has an appropriate `as` value and it is preloaded intentionally. @ http://localhost:3000/dashboard:0
[  588648ms] [WARNING] The resource http://localhost:3000/_next/static/css/app/layout.css?v=1782856748525 was preloaded using link preload but not used within a few seconds from the window's load event. Please make sure it has an appropriate `as` value and it is preloaded intentionally. @ http://localhost:3000/dashboard:0
[  593661ms] [WARNING] The resource http://localhost:3000/_next/static/css/app/layout.css?v=1782856748525 was preloaded using link preload but not used within a few seconds from the window's load event. Please make sure it has an appropriate `as` value and it is preloaded intentionally. @ http://localhost:3000/dashboard:0
[  598658ms] [WARNING] The resource http://localhost:3000/_next/static/css/app/layout.css?v=1782856748525 was preloaded using link preload but not used within a few seconds from the window's load event. Please make sure it has an appropriate `as` value and it is preloaded intentionally. @ http://localhost:3000/dashboard:0
[  603658ms] [WARNING] The resource http://localhost:3000/_next/static/css/app/layout.css?v=1782856748525 was preloaded using link preload but not used within a few seconds from the window's load event. Please make sure it has an appropriate `as` value and it is preloaded intentionally. @ http://localhost:3000/dashboard:0
[  608642ms] [WARNING] The resource http://localhost:3000/_next/static/css/app/layout.css?v=1782856748525 was preloaded using link preload but not used within a few seconds from the window's load event. Please make sure it has an appropriate `as` value and it is preloaded intentionally. @ http://localhost:3000/dashboard:0
[  613657ms] [WARNING] The resource http://localhost:3000/_next/static/css/app/layout.css?v=1782856748525 was preloaded using link preload but not used within a few seconds from the window's load event. Please make sure it has an appropriate `as` value and it is preloaded intentionally. @ http://localhost:3000/dashboard:0
[  618644ms] [WARNING] The resource http://localhost:3000/_next/static/css/app/layout.css?v=1782856748525 was preloaded using link preload but not used within a few seconds from the window's load event. Please make sure it has an appropriate `as` value and it is preloaded intentionally. @ http://localhost:3000/dashboard:0
[  623666ms] [WARNING] The resource http://localhost:3000/_next/static/css/app/layout.css?v=1782856748525 was preloaded using link preload but not used within a few seconds from the window's load event. Please make sure it has an appropriate `as` value and it is preloaded intentionally. @ http://localhost:3000/dashboard:0
[  628663ms] [WARNING] The resource http://localhost:3000/_next/static/css/app/layout.css?v=1782856748525 was preloaded using link preload but not used within a few seconds from the window's load event. Please make sure it has an appropriate `as` value and it is preloaded intentionally. @ http://localhost:3000/dashboard:0
[  633658ms] [WARNING] The resource http://localhost:3000/_next/static/css/app/layout.css?v=1782856748525 was preloaded using link preload but not used within a few seconds from the window's load event. Please make sure it has an appropriate `as` value and it is preloaded intentionally. @ http://localhost:3000/dashboard:0
[  638662ms] [WARNING] The resource http://localhost:3000/_next/static/css/app/layout.css?v=1782856748525 was preloaded using link preload but not used within a few seconds from the window's load event. Please make sure it has an appropriate `as` value and it is preloaded intentionally. @ http://localhost:3000/dashboard:0
[  643657ms] [WARNING] The resource http://localhost:3000/_next/static/css/app/layout.css?v=1782856748525 was preloaded using link preload but not used within a few seconds from the window's load event. Please make sure it has an appropriate `as` value and it is preloaded intentionally. @ http://localhost:3000/dashboard:0
[  648655ms] [WARNING] The resource http://localhost:3000/_next/static/css/app/layout.css?v=1782856748525 was preloaded using link preload but not used within a few seconds from the window's load event. Please make sure it has an appropriate `as` value and it is preloaded intentionally. @ http://localhost:3000/dashboard:0
[  653642ms] [WARNING] The resource http://localhost:3000/_next/static/css/app/layout.css?v=1782856748525 was preloaded using link preload but not used within a few seconds from the window's load event. Please make sure it has an appropriate `as` value and it is preloaded intentionally. @ http://localhost:3000/dashboard:0
[  658652ms] [WARNING] The resource http://localhost:3000/_next/static/css/app/layout.css?v=1782856748525 was preloaded using link preload but not used within a few seconds from the window's load event. Please make sure it has an appropriate `as` value and it is preloaded intentionally. @ http://localhost:3000/dashboard:0
[  663644ms] [WARNING] The resource http://localhost:3000/_next/static/css/app/layout.css?v=1782856748525 was preloaded using link preload but not used within a few seconds from the window's load event. Please make sure it has an appropriate `as` value and it is preloaded intentionally. @ http://localhost:3000/dashboard:0
[  668655ms] [WARNING] The resource http://localhost:3000/_next/static/css/app/layout.css?v=1782856748525 was preloaded using link preload but not used within a few seconds from the window's load event. Please make sure it has an appropriate `as` value and it is preloaded intentionally. @ http://localhost:3000/dashboard:0
[  673652ms] [WARNING] The resource http://localhost:3000/_next/static/css/app/layout.css?v=1782856748525 was preloaded using link preload but not used within a few seconds from the window's load event. Please make sure it has an appropriate `as` value and it is preloaded intentionally. @ http://localhost:3000/dashboard:0
[  678648ms] [WARNING] The resource http://localhost:3000/_next/static/css/app/layout.css?v=1782856748525 was preloaded using link preload but not used within a few seconds from the window's load event. Please make sure it has an appropriate `as` value and it is preloaded intentionally. @ http://localhost:3000/dashboard:0
[  683653ms] [WARNING] The resource http://localhost:3000/_next/static/css/app/layout.css?v=1782856748525 was preloaded using link preload but not used within a few seconds from the window's load event. Please make sure it has an appropriate `as` value and it is preloaded intentionally. @ http://localhost:3000/dashboard:0
[  688655ms] [WARNING] The resource http://localhost:3000/_next/static/css/app/layout.css?v=1782856748525 was preloaded using link preload but not used within a few seconds from the window's load event. Please make sure it has an appropriate `as` value and it is preloaded intentionally. @ http://localhost:3000/dashboard:0
[  693657ms] [WARNING] The resource http://localhost:3000/_next/static/css/app/layout.css?v=1782856748525 was preloaded using link preload but not used within a few seconds from the window's load event. Please make sure it has an appropriate `as` value and it is preloaded intentionally. @ http://localhost:3000/dashboard:0
[  698661ms] [WARNING] The resource http://localhost:3000/_next/static/css/app/layout.css?v=1782856748525 was preloaded using link preload but not used within a few seconds from the window's load event. Please make sure it has an appropriate `as` value and it is preloaded intentionally. @ http://localhost:3000/dashboard:0
[  703657ms] [WARNING] The resource http://localhost:3000/_next/static/css/app/layout.css?v=1782856748525 was preloaded using link preload but not used within a few seconds from the window's load event. Please make sure it has an appropriate `as` value and it is preloaded intentionally. @ http://localhost:3000/dashboard:0
[  708654ms] [WARNING] The resource http://localhost:3000/_next/static/css/app/layout.css?v=1782856748525 was preloaded using link preload but not used within a few seconds from the window's load event. Please make sure it has an appropriate `as` value and it is preloaded intentionally. @ http://localhost:3000/dashboard:0
[  713663ms] [WARNING] The resource http://localhost:3000/_next/static/css/app/layout.css?v=1782856748525 was preloaded using link preload but not used within a few seconds from the window's load event. Please make sure it has an appropriate `as` value and it is preloaded intentionally. @ http://localhost:3000/dashboard:0
[  718660ms] [WARNING] The resource http://localhost:3000/_next/static/css/app/layout.css?v=1782856748525 was preloaded using link preload but not used within a few seconds from the window's load event. Please make sure it has an appropriate `as` value and it is preloaded intentionally. @ http://localhost:3000/dashboard:0
[  723655ms] [WARNING] The resource http://localhost:3000/_next/static/css/app/layout.css?v=1782856748525 was preloaded using link preload but not used within a few seconds from the window's load event. Please make sure it has an appropriate `as` value and it is preloaded intentionally. @ http://localhost:3000/dashboard:0
[  728663ms] [WARNING] The resource http://localhost:3000/_next/static/css/app/layout.css?v=1782856748525 was preloaded using link preload but not used within a few seconds from the window's load event. Please make sure it has an appropriate `as` value and it is preloaded intentionally. @ http://localhost:3000/dashboard:0
[  733643ms] [WARNING] The resource http://localhost:3000/_next/static/css/app/layout.css?v=1782856748525 was preloaded using link preload but not used within a few seconds from the window's load event. Please make sure it has an appropriate `as` value and it is preloaded intentionally. @ http://localhost:3000/dashboard:0
[  738653ms] [WARNING] The resource http://localhost:3000/_next/static/css/app/layout.css?v=1782856748525 was preloaded using link preload but not used within a few seconds from the window's load event. Please make sure it has an appropriate `as` value and it is preloaded intentionally. @ http://localhost:3000/dashboard:0
[  743670ms] [WARNING] The resource http://localhost:3000/_next/static/css/app/layout.css?v=1782856748525 was preloaded using link preload but not used within a few seconds from the window's load event. Please make sure it has an appropriate `as` value and it is preloaded intentionally. @ http://localhost:3000/dashboard:0
[  748657ms] [WARNING] The resource http://localhost:3000/_next/static/css/app/layout.css?v=1782856748525 was preloaded using link preload but not used within a few seconds from the window's load event. Please make sure it has an appropriate `as` value and it is preloaded intentionally. @ http://localhost:3000/dashboard:0
[  753654ms] [WARNING] The resource http://localhost:3000/_next/static/css/app/layout.css?v=1782856748525 was preloaded using link preload but not used within a few seconds from the window's load event. Please make sure it has an appropriate `as` value and it is preloaded intentionally. @ http://localhost:3000/dashboard:0
[  758644ms] [WARNING] The resource http://localhost:3000/_next/static/css/app/layout.css?v=1782856748525 was preloaded using link preload but not used within a few seconds from the window's load event. Please make sure it has an appropriate `as` value and it is preloaded intentionally. @ http://localhost:3000/dashboard:0
[  763645ms] [WARNING] The resource http://localhost:3000/_next/static/css/app/layout.css?v=1782856748525 was preloaded using link preload but not used within a few seconds from the window's load event. Please make sure it has an appropriate `as` value and it is preloaded intentionally. @ http://localhost:3000/dashboard:0
[  768651ms] [WARNING] The resource http://localhost:3000/_next/static/css/app/layout.css?v=1782856748525 was preloaded using link preload but not used within a few seconds from the window's load event. Please make sure it has an appropriate `as` value and it is preloaded intentionally. @ http://localhost:3000/dashboard:0
[  773662ms] [WARNING] The resource http://localhost:3000/_next/static/css/app/layout.css?v=1782856748525 was preloaded using link preload but not used within a few seconds from the window's load event. Please make sure it has an appropriate `as` value and it is preloaded intentionally. @ http://localhost:3000/dashboard:0
[  778640ms] [WARNING] The resource http://localhost:3000/_next/static/css/app/layout.css?v=1782856748525 was preloaded using link preload but not used within a few seconds from the window's load event. Please make sure it has an appropriate `as` value and it is preloaded intentionally. @ http://localhost:3000/dashboard:0
[  783657ms] [WARNING] The resource http://localhost:3000/_next/static/css/app/layout.css?v=1782856748525 was preloaded using link preload but not used within a few seconds from the window's load event. Please make sure it has an appropriate `as` value and it is preloaded intentionally. @ http://localhost:3000/dashboard:0
[  788652ms] [WARNING] The resource http://localhost:3000/_next/static/css/app/layout.css?v=1782856748525 was preloaded using link preload but not used within a few seconds from the window's load event. Please make sure it has an appropriate `as` value and it is preloaded intentionally. @ http://localhost:3000/dashboard:0
[  793658ms] [WARNING] The resource http://localhost:3000/_next/static/css/app/layout.css?v=1782856748525 was preloaded using link preload but not used within a few seconds from the window's load event. Please make sure it has an appropriate `as` value and it is preloaded intentionally. @ http://localhost:3000/dashboard:0
[  798648ms] [WARNING] The resource http://localhost:3000/_next/static/css/app/layout.css?v=1782856748525 was preloaded using link preload but not used within a few seconds from the window's load event. Please make sure it has an appropriate `as` value and it is preloaded intentionally. @ http://localhost:3000/dashboard:0
[  803644ms] [WARNING] The resource http://localhost:3000/_next/static/css/app/layout.css?v=1782856748525 was preloaded using link preload but not used within a few seconds from the window's load event. Please make sure it has an appropriate `as` value and it is preloaded intentionally. @ http://localhost:3000/dashboard:0
[  808644ms] [WARNING] The resource http://localhost:3000/_next/static/css/app/layout.css?v=1782856748525 was preloaded using link preload but not used within a few seconds from the window's load event. Please make sure it has an appropriate `as` value and it is preloaded intentionally. @ http://localhost:3000/dashboard:0
[  813650ms] [WARNING] The resource http://localhost:3000/_next/static/css/app/layout.css?v=1782856748525 was preloaded using link preload but not used within a few seconds from the window's load event. Please make sure it has an appropriate `as` value and it is preloaded intentionally. @ http://localhost:3000/dashboard:0
[  818643ms] [WARNING] The resource http://localhost:3000/_next/static/css/app/layout.css?v=1782856748525 was preloaded using link preload but not used within a few seconds from the window's load event. Please make sure it has an appropriate `as` value and it is preloaded intentionally. @ http://localhost:3000/dashboard:0
[  823645ms] [WARNING] The resource http://localhost:3000/_next/static/css/app/layout.css?v=1782856748525 was preloaded using link preload but not used within a few seconds from the window's load event. Please make sure it has an appropriate `as` value and it is preloaded intentionally. @ http://localhost:3000/dashboard:0
[  828642ms] [WARNING] The resource http://localhost:3000/_next/static/css/app/layout.css?v=1782856748525 was preloaded using link preload but not used within a few seconds from the window's load event. Please make sure it has an appropriate `as` value and it is preloaded intentionally. @ http://localhost:3000/dashboard:0
[  833664ms] [WARNING] The resource http://localhost:3000/_next/static/css/app/layout.css?v=1782856748525 was preloaded using link preload but not used within a few seconds from the window's load event. Please make sure it has an appropriate `as` value and it is preloaded intentionally. @ http://localhost:3000/dashboard:0
[  838643ms] [WARNING] The resource http://localhost:3000/_next/static/css/app/layout.css?v=1782856748525 was preloaded using link preload but not used within a few seconds from the window's load event. Please make sure it has an appropriate `as` value and it is preloaded intentionally. @ http://localhost:3000/dashboard:0
[  843649ms] [WARNING] The resource http://localhost:3000/_next/static/css/app/layout.css?v=1782856748525 was preloaded using link preload but not used within a few seconds from the window's load event. Please make sure it has an appropriate `as` value and it is preloaded intentionally. @ http://localhost:3000/dashboard:0
[  848653ms] [WARNING] The resource http://localhost:3000/_next/static/css/app/layout.css?v=1782856748525 was preloaded using link preload but not used within a few seconds from the window's load event. Please make sure it has an appropriate `as` value and it is preloaded intentionally. @ http://localhost:3000/dashboard:0
[  853661ms] [WARNING] The resource http://localhost:3000/_next/static/css/app/layout.css?v=1782856748525 was preloaded using link preload but not used within a few seconds from the window's load event. Please make sure it has an appropriate `as` value and it is preloaded intentionally. @ http://localhost:3000/dashboard:0
[  858655ms] [WARNING] The resource http://localhost:3000/_next/static/css/app/layout.css?v=1782856748525 was preloaded using link preload but not used within a few seconds from the window's load event. Please make sure it has an appropriate `as` value and it is preloaded intentionally. @ http://localhost:3000/dashboard:0
[  863656ms] [WARNING] The resource http://localhost:3000/_next/static/css/app/layout.css?v=1782856748525 was preloaded using link preload but not used within a few seconds from the window's load event. Please make sure it has an appropriate `as` value and it is preloaded intentionally. @ http://localhost:3000/dashboard:0
[  868651ms] [WARNING] The resource http://localhost:3000/_next/static/css/app/layout.css?v=1782856748525 was preloaded using link preload but not used within a few seconds from the window's load event. Please make sure it has an appropriate `as` value and it is preloaded intentionally. @ http://localhost:3000/dashboard:0
[  873660ms] [WARNING] The resource http://localhost:3000/_next/static/css/app/layout.css?v=1782856748525 was preloaded using link preload but not used within a few seconds from the window's load event. Please make sure it has an appropriate `as` value and it is preloaded intentionally. @ http://localhost:3000/dashboard:0
[  878656ms] [WARNING] The resource http://localhost:3000/_next/static/css/app/layout.css?v=1782856748525 was preloaded using link preload but not used within a few seconds from the window's load event. Please make sure it has an appropriate `as` value and it is preloaded intentionally. @ http://localhost:3000/dashboard:0
[  883657ms] [WARNING] The resource http://localhost:3000/_next/static/css/app/layout.css?v=1782856748525 was preloaded using link preload but not used within a few seconds from the window's load event. Please make sure it has an appropriate `as` value and it is preloaded intentionally. @ http://localhost:3000/dashboard:0
[  888655ms] [WARNING] The resource http://localhost:3000/_next/static/css/app/layout.css?v=1782856748525 was preloaded using link preload but not used within a few seconds from the window's load event. Please make sure it has an appropriate `as` value and it is preloaded intentionally. @ http://localhost:3000/dashboard:0
[  893658ms] [WARNING] The resource http://localhost:3000/_next/static/css/app/layout.css?v=1782856748525 was preloaded using link preload but not used within a few seconds from the window's load event. Please make sure it has an appropriate `as` value and it is preloaded intentionally. @ http://localhost:3000/dashboard:0
[  898646ms] [WARNING] The resource http://localhost:3000/_next/static/css/app/layout.css?v=1782856748525 was preloaded using link preload but not used within a few seconds from the window's load event. Please make sure it has an appropriate `as` value and it is preloaded intentionally. @ http://localhost:3000/dashboard:0
[  903645ms] [WARNING] The resource http://localhost:3000/_next/static/css/app/layout.css?v=1782856748525 was preloaded using link preload but not used within a few seconds from the window's load event. Please make sure it has an appropriate `as` value and it is preloaded intentionally. @ http://localhost:3000/dashboard:0
[  908661ms] [WARNING] The resource http://localhost:3000/_next/static/css/app/layout.css?v=1782856748525 was preloaded using link preload but not used within a few seconds from the window's load event. Please make sure it has an appropriate `as` value and it is preloaded intentionally. @ http://localhost:3000/dashboard:0
[  913661ms] [WARNING] The resource http://localhost:3000/_next/static/css/app/layout.css?v=1782856748525 was preloaded using link preload but not used within a few seconds from the window's load event. Please make sure it has an appropriate `as` value and it is preloaded intentionally. @ http://localhost:3000/dashboard:0
[  918649ms] [WARNING] The resource http://localhost:3000/_next/static/css/app/layout.css?v=1782856748525 was preloaded using link preload but not used within a few seconds from the window's load event. Please make sure it has an appropriate `as` value and it is preloaded intentionally. @ http://localhost:3000/dashboard:0
[  923659ms] [WARNING] The resource http://localhost:3000/_next/static/css/app/layout.css?v=1782856748525 was preloaded using link preload but not used within a few seconds from the window's load event. Please make sure it has an appropriate `as` value and it is preloaded intentionally. @ http://localhost:3000/dashboard:0
[  928647ms] [WARNING] The resource http://localhost:3000/_next/static/css/app/layout.css?v=1782856748525 was preloaded using link preload but not used within a few seconds from the window's load event. Please make sure it has an appropriate `as` value and it is preloaded intentionally. @ http://localhost:3000/dashboard:0
[  933658ms] [WARNING] The resource http://localhost:3000/_next/static/css/app/layout.css?v=1782856748525 was preloaded using link preload but not used within a few seconds from the window's load event. Please make sure it has an appropriate `as` value and it is preloaded intentionally. @ http://localhost:3000/dashboard:0
[  938643ms] [WARNING] The resource http://localhost:3000/_next/static/css/app/layout.css?v=1782856748525 was preloaded using link preload but not used within a few seconds from the window's load event. Please make sure it has an appropriate `as` value and it is preloaded intentionally. @ http://localhost:3000/dashboard:0
[  943653ms] [WARNING] The resource http://localhost:3000/_next/static/css/app/layout.css?v=1782856748525 was preloaded using link preload but not used within a few seconds from the window's load event. Please make sure it has an appropriate `as` value and it is preloaded intentionally. @ http://localhost:3000/dashboard:0
[  948648ms] [WARNING] The resource http://localhost:3000/_next/static/css/app/layout.css?v=1782856748525 was preloaded using link preload but not used within a few seconds from the window's load event. Please make sure it has an appropriate `as` value and it is preloaded intentionally. @ http://localhost:3000/dashboard:0
[  953657ms] [WARNING] The resource http://localhost:3000/_next/static/css/app/layout.css?v=1782856748525 was preloaded using link preload but not used within a few seconds from the window's load event. Please make sure it has an appropriate `as` value and it is preloaded intentionally. @ http://localhost:3000/dashboard:0
[  958649ms] [WARNING] The resource http://localhost:3000/_next/static/css/app/layout.css?v=1782856748525 was preloaded using link preload but not used within a few seconds from the window's load event. Please make sure it has an appropriate `as` value and it is preloaded intentionally. @ http://localhost:3000/dashboard:0
[  963652ms] [WARNING] The resource http://localhost:3000/_next/static/css/app/layout.css?v=1782856748525 was preloaded using link preload but not used within a few seconds from the window's load event. Please make sure it has an appropriate `as` value and it is preloaded intentionally. @ http://localhost:3000/dashboard:0
[  968658ms] [WARNING] The resource http://localhost:3000/_next/static/css/app/layout.css?v=1782856748525 was preloaded using link preload but not used within a few seconds from the window's load event. Please make sure it has an appropriate `as` value and it is preloaded intentionally. @ http://localhost:3000/dashboard:0
[  973664ms] [WARNING] The resource http://localhost:3000/_next/static/css/app/layout.css?v=1782856748525 was preloaded using link preload but not used within a few seconds from the window's load event. Please make sure it has an appropriate `as` value and it is preloaded intentionally. @ http://localhost:3000/dashboard:0
[  978655ms] [WARNING] The resource http://localhost:3000/_next/static/css/app/layout.css?v=1782856748525 was preloaded using link preload but not used within a few seconds from the window's load event. Please make sure it has an appropriate `as` value and it is preloaded intentionally. @ http://localhost:3000/dashboard:0
[  983648ms] [WARNING] The resource http://localhost:3000/_next/static/css/app/layout.css?v=1782856748525 was preloaded using link preload but not used within a few seconds from the window's load event. Please make sure it has an appropriate `as` value and it is preloaded intentionally. @ http://localhost:3000/dashboard:0
[  988643ms] [WARNING] The resource http://localhost:3000/_next/static/css/app/layout.css?v=1782856748525 was preloaded using link preload but not used within a few seconds from the window's load event. Please make sure it has an appropriate `as` value and it is preloaded intentionally. @ http://localhost:3000/dashboard:0
[  993655ms] [WARNING] The resource http://localhost:3000/_next/static/css/app/layout.css?v=1782856748525 was preloaded using link preload but not used within a few seconds from the window's load event. Please make sure it has an appropriate `as` value and it is preloaded intentionally. @ http://localhost:3000/dashboard:0
[  998643ms] [WARNING] The resource http://localhost:3000/_next/static/css/app/layout.css?v=1782856748525 was preloaded using link preload but not used within a few seconds from the window's load event. Please make sure it has an appropriate `as` value and it is preloaded intentionally. @ http://localhost:3000/dashboard:0
[ 1003658ms] [WARNING] The resource http://localhost:3000/_next/static/css/app/layout.css?v=1782856748525 was preloaded using link preload but not used within a few seconds from the window's load event. Please make sure it has an appropriate `as` value and it is preloaded intentionally. @ http://localhost:3000/dashboard:0
[ 1008646ms] [WARNING] The resource http://localhost:3000/_next/static/css/app/layout.css?v=1782856748525 was preloaded using link preload but not used within a few seconds from the window's load event. Please make sure it has an appropriate `as` value and it is preloaded intentionally. @ http://localhost:3000/dashboard:0
[ 1013659ms] [WARNING] The resource http://localhost:3000/_next/static/css/app/layout.css?v=1782856748525 was preloaded using link preload but not used within a few seconds from the window's load event. Please make sure it has an appropriate `as` value and it is preloaded intentionally. @ http://localhost:3000/dashboard:0
[ 1018651ms] [WARNING] The resource http://localhost:3000/_next/static/css/app/layout.css?v=1782856748525 was preloaded using link preload but not used within a few seconds from the window's load event. Please make sure it has an appropriate `as` value and it is preloaded intentionally. @ http://localhost:3000/dashboard:0
[ 1023651ms] [WARNING] The resource http://localhost:3000/_next/static/css/app/layout.css?v=1782856748525 was preloaded using link preload but not used within a few seconds from the window's load event. Please make sure it has an appropriate `as` value and it is preloaded intentionally. @ http://localhost:3000/dashboard:0
[ 1028659ms] [WARNING] The resource http://localhost:3000/_next/static/css/app/layout.css?v=1782856748525 was preloaded using link preload but not used within a few seconds from the window's load event. Please make sure it has an appropriate `as` value and it is preloaded intentionally. @ http://localhost:3000/dashboard:0
[ 1033655ms] [WARNING] The resource http://localhost:3000/_next/static/css/app/layout.css?v=1782856748525 was preloaded using link preload but not used within a few seconds from the window's load event. Please make sure it has an appropriate `as` value and it is preloaded intentionally. @ http://localhost:3000/dashboard:0
[ 1038661ms] [WARNING] The resource http://localhost:3000/_next/static/css/app/layout.css?v=1782856748525 was preloaded using link preload but not used within a few seconds from the window's load event. Please make sure it has an appropriate `as` value and it is preloaded intentionally. @ http://localhost:3000/dashboard:0
[ 1043658ms] [WARNING] The resource http://localhost:3000/_next/static/css/app/layout.css?v=1782856748525 was preloaded using link preload but not used within a few seconds from the window's load event. Please make sure it has an appropriate `as` value and it is preloaded intentionally. @ http://localhost:3000/dashboard:0
[ 1048654ms] [WARNING] The resource http://localhost:3000/_next/static/css/app/layout.css?v=1782856748525 was preloaded using link preload but not used within a few seconds from the window's load event. Please make sure it has an appropriate `as` value and it is preloaded intentionally. @ http://localhost:3000/dashboard:0
[ 1053651ms] [WARNING] The resource http://localhost:3000/_next/static/css/app/layout.css?v=1782856748525 was preloaded using link preload but not used within a few seconds from the window's load event. Please make sure it has an appropriate `as` value and it is preloaded intentionally. @ http://localhost:3000/dashboard:0
[ 1058646ms] [WARNING] The resource http://localhost:3000/_next/static/css/app/layout.css?v=1782856748525 was preloaded using link preload but not used within a few seconds from the window's load event. Please make sure it has an appropriate `as` value and it is preloaded intentionally. @ http://localhost:3000/dashboard:0
[ 1063654ms] [WARNING] The resource http://localhost:3000/_next/static/css/app/layout.css?v=1782856748525 was preloaded using link preload but not used within a few seconds from the window's load event. Please make sure it has an appropriate `as` value and it is preloaded intentionally. @ http://localhost:3000/dashboard:0
[ 1068659ms] [WARNING] The resource http://localhost:3000/_next/static/css/app/layout.css?v=1782856748525 was preloaded using link preload but not used within a few seconds from the window's load event. Please make sure it has an appropriate `as` value and it is preloaded intentionally. @ http://localhost:3000/dashboard:0
[ 1073645ms] [WARNING] The resource http://localhost:3000/_next/static/css/app/layout.css?v=1782856748525 was preloaded using link preload but not used within a few seconds from the window's load event. Please make sure it has an appropriate `as` value and it is preloaded intentionally. @ http://localhost:3000/dashboard:0
[ 1078651ms] [WARNING] The resource http://localhost:3000/_next/static/css/app/layout.css?v=1782856748525 was preloaded using link preload but not used within a few seconds from the window's load event. Please make sure it has an appropriate `as` value and it is preloaded intentionally. @ http://localhost:3000/dashboard:0
[ 1083657ms] [WARNING] The resource http://localhost:3000/_next/static/css/app/layout.css?v=1782856748525 was preloaded using link preload but not used within a few seconds from the window's load event. Please make sure it has an appropriate `as` value and it is preloaded intentionally. @ http://localhost:3000/dashboard:0
[ 1088654ms] [WARNING] The resource http://localhost:3000/_next/static/css/app/layout.css?v=1782856748525 was preloaded using link preload but not used within a few seconds from the window's load event. Please make sure it has an appropriate `as` value and it is preloaded intentionally. @ http://localhost:3000/dashboard:0
[ 1093656ms] [WARNING] The resource http://localhost:3000/_next/static/css/app/layout.css?v=1782856748525 was preloaded using link preload but not used within a few seconds from the window's load event. Please make sure it has an appropriate `as` value and it is preloaded intentionally. @ http://localhost:3000/dashboard:0
[ 1098657ms] [WARNING] The resource http://localhost:3000/_next/static/css/app/layout.css?v=1782856748525 was preloaded using link preload but not used within a few seconds from the window's load event. Please make sure it has an appropriate `as` value and it is preloaded intentionally. @ http://localhost:3000/dashboard:0
[ 1103650ms] [WARNING] The resource http://localhost:3000/_next/static/css/app/layout.css?v=1782856748525 was preloaded using link preload but not used within a few seconds from the window's load event. Please make sure it has an appropriate `as` value and it is preloaded intentionally. @ http://localhost:3000/dashboard:0
[ 1108651ms] [WARNING] The resource http://localhost:3000/_next/static/css/app/layout.css?v=1782856748525 was preloaded using link preload but not used within a few seconds from the window's load event. Please make sure it has an appropriate `as` value and it is preloaded intentionally. @ http://localhost:3000/dashboard:0
[ 1113658ms] [WARNING] The resource http://localhost:3000/_next/static/css/app/layout.css?v=1782856748525 was preloaded using link preload but not used within a few seconds from the window's load event. Please make sure it has an appropriate `as` value and it is preloaded intentionally. @ http://localhost:3000/dashboard:0
[ 1118651ms] [WARNING] The resource http://localhost:3000/_next/static/css/app/layout.css?v=1782856748525 was preloaded using link preload but not used within a few seconds from the window's load event. Please make sure it has an appropriate `as` value and it is preloaded intentionally. @ http://localhost:3000/dashboard:0
[ 1123642ms] [WARNING] The resource http://localhost:3000/_next/static/css/app/layout.css?v=1782856748525 was preloaded using link preload but not used within a few seconds from the window's load event. Please make sure it has an appropriate `as` value and it is preloaded intentionally. @ http://localhost:3000/dashboard:0
[ 1128641ms] [WARNING] The resource http://localhost:3000/_next/static/css/app/layout.css?v=1782856748525 was preloaded using link preload but not used within a few seconds from the window's load event. Please make sure it has an appropriate `as` value and it is preloaded intentionally. @ http://localhost:3000/dashboard:0
[ 1133656ms] [WARNING] The resource http://localhost:3000/_next/static/css/app/layout.css?v=1782856748525 was preloaded using link preload but not used within a few seconds from the window's load event. Please make sure it has an appropriate `as` value and it is preloaded intentionally. @ http://localhost:3000/dashboard:0
[ 1138662ms] [WARNING] The resource http://localhost:3000/_next/static/css/app/layout.css?v=1782856748525 was preloaded using link preload but not used within a few seconds from the window's load event. Please make sure it has an appropriate `as` value and it is preloaded intentionally. @ http://localhost:3000/dashboard:0
[ 1143652ms] [WARNING] The resource http://localhost:3000/_next/static/css/app/layout.css?v=1782856748525 was preloaded using link preload but not used within a few seconds from the window's load event. Please make sure it has an appropriate `as` value and it is preloaded intentionally. @ http://localhost:3000/dashboard:0
[ 1148656ms] [WARNING] The resource http://localhost:3000/_next/static/css/app/layout.css?v=1782856748525 was preloaded using link preload but not used within a few seconds from the window's load event. Please make sure it has an appropriate `as` value and it is preloaded intentionally. @ http://localhost:3000/dashboard:0
[ 1153654ms] [WARNING] The resource http://localhost:3000/_next/static/css/app/layout.css?v=1782856748525 was preloaded using link preload but not used within a few seconds from the window's load event. Please make sure it has an appropriate `as` value and it is preloaded intentionally. @ http://localhost:3000/dashboard:0
[ 1158641ms] [WARNING] The resource http://localhost:3000/_next/static/css/app/layout.css?v=1782856748525 was preloaded using link preload but not used within a few seconds from the window's load event. Please make sure it has an appropriate `as` value and it is preloaded intentionally. @ http://localhost:3000/dashboard:0
[ 1163655ms] [WARNING] The resource http://localhost:3000/_next/static/css/app/layout.css?v=1782856748525 was preloaded using link preload but not used within a few seconds from the window's load event. Please make sure it has an appropriate `as` value and it is preloaded intentionally. @ http://localhost:3000/dashboard:0
[ 1168660ms] [WARNING] The resource http://localhost:3000/_next/static/css/app/layout.css?v=1782856748525 was preloaded using link preload but not used within a few seconds from the window's load event. Please make sure it has an appropriate `as` value and it is preloaded intentionally. @ http://localhost:3000/dashboard:0
[ 1173647ms] [WARNING] The resource http://localhost:3000/_next/static/css/app/layout.css?v=1782856748525 was preloaded using link preload but not used within a few seconds from the window's load event. Please make sure it has an appropriate `as` value and it is preloaded intentionally. @ http://localhost:3000/dashboard:0
[ 1178641ms] [WARNING] The resource http://localhost:3000/_next/static/css/app/layout.css?v=1782856748525 was preloaded using link preload but not used within a few seconds from the window's load event. Please make sure it has an appropriate `as` value and it is preloaded intentionally. @ http://localhost:3000/dashboard:0
[ 1183650ms] [WARNING] The resource http://localhost:3000/_next/static/css/app/layout.css?v=1782856748525 was preloaded using link preload but not used within a few seconds from the window's load event. Please make sure it has an appropriate `as` value and it is preloaded intentionally. @ http://localhost:3000/dashboard:0
[ 1188664ms] [WARNING] The resource http://localhost:3000/_next/static/css/app/layout.css?v=1782856748525 was preloaded using link preload but not used within a few seconds from the window's load event. Please make sure it has an appropriate `as` value and it is preloaded intentionally. @ http://localhost:3000/dashboard:0
[ 1193644ms] [WARNING] The resource http://localhost:3000/_next/static/css/app/layout.css?v=1782856748525 was preloaded using link preload but not used within a few seconds from the window's load event. Please make sure it has an appropriate `as` value and it is preloaded intentionally. @ http://localhost:3000/dashboard:0
[ 1198648ms] [WARNING] The resource http://localhost:3000/_next/static/css/app/layout.css?v=1782856748525 was preloaded using link preload but not used within a few seconds from the window's load event. Please make sure it has an appropriate `as` value and it is preloaded intentionally. @ http://localhost:3000/dashboard:0
[ 1203646ms] [WARNING] The resource http://localhost:3000/_next/static/css/app/layout.css?v=1782856748525 was preloaded using link preload but not used within a few seconds from the window's load event. Please make sure it has an appropriate `as` value and it is preloaded intentionally. @ http://localhost:3000/dashboard:0
[ 1208669ms] [WARNING] The resource http://localhost:3000/_next/static/css/app/layout.css?v=1782856748525 was preloaded using link preload but not used within a few seconds from the window's load event. Please make sure it has an appropriate `as` value and it is preloaded intentionally. @ http://localhost:3000/dashboard:0
[ 1213657ms] [WARNING] The resource http://localhost:3000/_next/static/css/app/layout.css?v=1782856748525 was preloaded using link preload but not used within a few seconds from the window's load event. Please make sure it has an appropriate `as` value and it is preloaded intentionally. @ http://localhost:3000/dashboard:0
[ 1218666ms] [WARNING] The resource http://localhost:3000/_next/static/css/app/layout.css?v=1782856748525 was preloaded using link preload but not used within a few seconds from the window's load event. Please make sure it has an appropriate `as` value and it is preloaded intentionally. @ http://localhost:3000/dashboard:0
[ 1223643ms] [WARNING] The resource http://localhost:3000/_next/static/css/app/layout.css?v=1782856748525 was preloaded using link preload but not used within a few seconds from the window's load event. Please make sure it has an appropriate `as` value and it is preloaded intentionally. @ http://localhost:3000/dashboard:0
[ 1228643ms] [WARNING] The resource http://localhost:3000/_next/static/css/app/layout.css?v=1782856748525 was preloaded using link preload but not used within a few seconds from the window's load event. Please make sure it has an appropriate `as` value and it is preloaded intentionally. @ http://localhost:3000/dashboard:0
[ 1233645ms] [WARNING] The resource http://localhost:3000/_next/static/css/app/layout.css?v=1782856748525 was preloaded using link preload but not used within a few seconds from the window's load event. Please make sure it has an appropriate `as` value and it is preloaded intentionally. @ http://localhost:3000/dashboard:0
[ 1238641ms] [WARNING] The resource http://localhost:3000/_next/static/css/app/layout.css?v=1782856748525 was preloaded using link preload but not used within a few seconds from the window's load event. Please make sure it has an appropriate `as` value and it is preloaded intentionally. @ http://localhost:3000/dashboard:0
[ 1243644ms] [WARNING] The resource http://localhost:3000/_next/static/css/app/layout.css?v=1782856748525 was preloaded using link preload but not used within a few seconds from the window's load event. Please make sure it has an appropriate `as` value and it is preloaded intentionally. @ http://localhost:3000/dashboard:0
[ 1248648ms] [WARNING] The resource http://localhost:3000/_next/static/css/app/layout.css?v=1782856748525 was preloaded using link preload but not used within a few seconds from the window's load event. Please make sure it has an appropriate `as` value and it is preloaded intentionally. @ http://localhost:3000/dashboard:0
[ 1253657ms] [WARNING] The resource http://localhost:3000/_next/static/css/app/layout.css?v=1782856748525 was preloaded using link preload but not used within a few seconds from the window's load event. Please make sure it has an appropriate `as` value and it is preloaded intentionally. @ http://localhost:3000/dashboard:0
[ 1258642ms] [WARNING] The resource http://localhost:3000/_next/static/css/app/layout.css?v=1782856748525 was preloaded using link preload but not used within a few seconds from the window's load event. Please make sure it has an appropriate `as` value and it is preloaded intentionally. @ http://localhost:3000/dashboard:0
[ 1263643ms] [WARNING] The resource http://localhost:3000/_next/static/css/app/layout.css?v=1782856748525 was preloaded using link preload but not used within a few seconds from the window's load event. Please make sure it has an appropriate `as` value and it is preloaded intentionally. @ http://localhost:3000/dashboard:0
[ 1268657ms] [WARNING] The resource http://localhost:3000/_next/static/css/app/layout.css?v=1782856748525 was preloaded using link preload but not used within a few seconds from the window's load event. Please make sure it has an appropriate `as` value and it is preloaded intentionally. @ http://localhost:3000/dashboard:0
[ 1273651ms] [WARNING] The resource http://localhost:3000/_next/static/css/app/layout.css?v=1782856748525 was preloaded using link preload but not used within a few seconds from the window's load event. Please make sure it has an appropriate `as` value and it is preloaded intentionally. @ http://localhost:3000/dashboard:0
[ 1278657ms] [WARNING] The resource http://localhost:3000/_next/static/css/app/layout.css?v=1782856748525 was preloaded using link preload but not used within a few seconds from the window's load event. Please make sure it has an appropriate `as` value and it is preloaded intentionally. @ http://localhost:3000/dashboard:0
[ 1283648ms] [WARNING] The resource http://localhost:3000/_next/static/css/app/layout.css?v=1782856748525 was preloaded using link preload but not used within a few seconds from the window's load event. Please make sure it has an appropriate `as` value and it is preloaded intentionally. @ http://localhost:3000/dashboard:0
[ 1288657ms] [WARNING] The resource http://localhost:3000/_next/static/css/app/layout.css?v=1782856748525 was preloaded using link preload but not used within a few seconds from the window's load event. Please make sure it has an appropriate `as` value and it is preloaded intentionally. @ http://localhost:3000/dashboard:0
[ 1293646ms] [WARNING] The resource http://localhost:3000/_next/static/css/app/layout.css?v=1782856748525 was preloaded using link preload but not used within a few seconds from the window's load event. Please make sure it has an appropriate `as` value and it is preloaded intentionally. @ http://localhost:3000/dashboard:0
[ 1298656ms] [WARNING] The resource http://localhost:3000/_next/static/css/app/layout.css?v=1782856748525 was preloaded using link preload but not used within a few seconds from the window's load event. Please make sure it has an appropriate `as` value and it is preloaded intentionally. @ http://localhost:3000/dashboard:0
[ 1303648ms] [WARNING] The resource http://localhost:3000/_next/static/css/app/layout.css?v=1782856748525 was preloaded using link preload but not used within a few seconds from the window's load event. Please make sure it has an appropriate `as` value and it is preloaded intentionally. @ http://localhost:3000/dashboard:0
[ 1308657ms] [WARNING] The resource http://localhost:3000/_next/static/css/app/layout.css?v=1782856748525 was preloaded using link preload but not used within a few seconds from the window's load event. Please make sure it has an appropriate `as` value and it is preloaded intentionally. @ http://localhost:3000/dashboard:0
[ 1313665ms] [WARNING] The resource http://localhost:3000/_next/static/css/app/layout.css?v=1782856748525 was preloaded using link preload but not used within a few seconds from the window's load event. Please make sure it has an appropriate `as` value and it is preloaded intentionally. @ http://localhost:3000/dashboard:0
[ 1318653ms] [WARNING] The resource http://localhost:3000/_next/static/css/app/layout.css?v=1782856748525 was preloaded using link preload but not used within a few seconds from the window's load event. Please make sure it has an appropriate `as` value and it is preloaded intentionally. @ http://localhost:3000/dashboard:0
[ 1323645ms] [WARNING] The resource http://localhost:3000/_next/static/css/app/layout.css?v=1782856748525 was preloaded using link preload but not used within a few seconds from the window's load event. Please make sure it has an appropriate `as` value and it is preloaded intentionally. @ http://localhost:3000/dashboard:0
[ 1328668ms] [WARNING] The resource http://localhost:3000/_next/static/css/app/layout.css?v=1782856748525 was preloaded using link preload but not used within a few seconds from the window's load event. Please make sure it has an appropriate `as` value and it is preloaded intentionally. @ http://localhost:3000/dashboard:0
[ 1333653ms] [WARNING] The resource http://localhost:3000/_next/static/css/app/layout.css?v=1782856748525 was preloaded using link preload but not used within a few seconds from the window's load event. Please make sure it has an appropriate `as` value and it is preloaded intentionally. @ http://localhost:3000/dashboard:0
[ 1338655ms] [WARNING] The resource http://localhost:3000/_next/static/css/app/layout.css?v=1782856748525 was preloaded using link preload but not used within a few seconds from the window's load event. Please make sure it has an appropriate `as` value and it is preloaded intentionally. @ http://localhost:3000/dashboard:0
[ 1343641ms] [WARNING] The resource http://localhost:3000/_next/static/css/app/layout.css?v=1782856748525 was preloaded using link preload but not used within a few seconds from the window's load event. Please make sure it has an appropriate `as` value and it is preloaded intentionally. @ http://localhost:3000/dashboard:0
[ 1348647ms] [WARNING] The resource http://localhost:3000/_next/static/css/app/layout.css?v=1782856748525 was preloaded using link preload but not used within a few seconds from the window's load event. Please make sure it has an appropriate `as` value and it is preloaded intentionally. @ http://localhost:3000/dashboard:0
[ 1353661ms] [WARNING] The resource http://localhost:3000/_next/static/css/app/layout.css?v=1782856748525 was preloaded using link preload but not used within a few seconds from the window's load event. Please make sure it has an appropriate `as` value and it is preloaded intentionally. @ http://localhost:3000/dashboard:0
[ 1358645ms] [WARNING] The resource http://localhost:3000/_next/static/css/app/layout.css?v=1782856748525 was preloaded using link preload but not used within a few seconds from the window's load event. Please make sure it has an appropriate `as` value and it is preloaded intentionally. @ http://localhost:3000/dashboard:0
[ 1363661ms] [WARNING] The resource http://localhost:3000/_next/static/css/app/layout.css?v=1782856748525 was preloaded using link preload but not used within a few seconds from the window's load event. Please make sure it has an appropriate `as` value and it is preloaded intentionally. @ http://localhost:3000/dashboard:0
[ 1368647ms] [WARNING] The resource http://localhost:3000/_next/static/css/app/layout.css?v=1782856748525 was preloaded using link preload but not used within a few seconds from the window's load event. Please make sure it has an appropriate `as` value and it is preloaded intentionally. @ http://localhost:3000/dashboard:0
[ 1373651ms] [WARNING] The resource http://localhost:3000/_next/static/css/app/layout.css?v=1782856748525 was preloaded using link preload but not used within a few seconds from the window's load event. Please make sure it has an appropriate `as` value and it is preloaded intentionally. @ http://localhost:3000/dashboard:0
[ 1377803ms] [INFO] %cDownload the React DevTools for a better development experience: https://react.dev/link/react-devtools font-weight:bold @ webpack-internal:///(app-pages-browser)/./node_modules/next/dist/compiled/react-dom/cjs/react-dom-client.development.js:25630
[ 1377954ms] [WARNING] The width(-1) and height(-1) of chart should be greater than 0,
       please check the style of container, or the props width(100%) and height(100%),
       or add a minWidth(0) or minHeight(undefined) or use aspect(undefined) to control the
       height and width. @ webpack-internal:///(app-pages-browser)/./node_modules/recharts/es6/util/LogUtils.js:18
[ 1377955ms] [WARNING] The width(-1) and height(-1) of chart should be greater than 0,
       please check the style of container, or the props width(100%) and height(100%),
       or add a minWidth(0) or minHeight(undefined) or use aspect(undefined) to control the
       height and width. @ webpack-internal:///(app-pages-browser)/./node_modules/recharts/es6/util/LogUtils.js:18
[ 1377960ms] Error: Hydration failed because the server rendered HTML didn't match the client. As a result this tree will be regenerated on the client. This can happen if a SSR-ed Client Component used:

- A server/client branch `if (typeof window !== 'undefined')`.
- Variable input such as `Date.now()` or `Math.random()` which changes each time it's called.
- Date formatting in a user's locale which doesn't match the server.
- External changing data without sending a snapshot of it along with the HTML.
- Invalid HTML tag nesting.

It can also happen if the client has a browser extension installed which messes with the HTML before React loaded.

https://react.dev/link/hydration-mismatch

  ...
    <LoadingBoundary loading={null}>
      <HTTPAccessFallbackBoundary notFound={undefined} forbidden={undefined} unauthorized={undefined}>
        <RedirectBoundary>
          <RedirectErrorBoundary router={{...}}>
            <InnerLayoutRouter url="/dashboard" tree={[...]} cacheNode={{lazyData:null, ...}} segmentPath={[...]}>
              <SegmentViewNode type="page" pagePath="dashboard/...">
                <SegmentTrieNode>
                <DashboardPage>
                  <div className="flex min-h..." style={{...}}>
                    <Sidebar profiles={[...]} activeProfile={{id:"demo001", ...}}>
                      <motion.aside className="hidden md:..." animate={{width:52}} transition={{duration:0.2, ...}} ...>
                        <aside className="hidden md:..." style={{...}} ref={function useMotionRef.useCallback}>
                          <SidebarInner profiles={[...]} activeProfile={{id:"demo001", ...}} collapsed={true} ...>
                            <div className="flex flex-...">
                              <div
                                style={{
+                                 display: "flex"
-                                 display: "flex"
+                                 alignItems: "center"
+                                 gap: 10
+                                 padding: "14px 10px"
+                                 borderBottom: "1px solid var(--border)"
+                                 justifyContent: "center"
-                                 align-items: "center"
-                                 row-gap: "10px"
-                                 column-gap: "10px"
-                                 padding-top: "14px"
-                                 padding-right: "14px"
-                                 padding-bottom: "12px"
-                                 padding-left: "14px"
-                                 border-bottom-width: ""
-                                 border-bottom-style: ""
-                                 border-bottom-color: ""
                                }}
                              >
                                <LogoMark>
+                               <button
+                                 type="button"
+                                 onClick={function toggleCollapse}
+                                 style={{position:"absolute",right:-10,top:20,width:20,height:20,background:"var(--surf...",border:"1px solid ...", ...}}
+                                 title="Sidebar ausklappen"
+                               >
-                               <div style={{flex-grow:"1",flex-shrink:"1",flex-basis:"0%",min-width:"0px"}}>
                              ...
                      ...
                    ...
              ...
            ...

    at throwOnHydrationMismatch (webpack-internal:///(app-pages-browser)/./node_modules/next/dist/compiled/react-dom/cjs/react-dom-client.development.js:4506:11)
    at beginWork (webpack-internal:///(app-pages-browser)/./node_modules/next/dist/compiled/react-dom/cjs/react-dom-client.development.js:11107:17)
    at runWithFiberInDEV (webpack-internal:///(app-pages-browser)/./node_modules/next/dist/compiled/react-dom/cjs/react-dom-client.development.js:872:30)
    at performUnitOfWork (webpack-internal:///(app-pages-browser)/./node_modules/next/dist/compiled/react-dom/cjs/react-dom-client.development.js:15727:22)
    at workLoopConcurrentByScheduler (webpack-internal:///(app-pages-browser)/./node_modules/next/dist/compiled/react-dom/cjs/react-dom-client.development.js:15721:9)
    at renderRootConcurrent (webpack-internal:///(app-pages-browser)/./node_modules/next/dist/compiled/react-dom/cjs/react-dom-client.development.js:15696:15)
    at performWorkOnRoot (webpack-internal:///(app-pages-browser)/./node_modules/next/dist/compiled/react-dom/cjs/react-dom-client.development.js:14990:13)
    at performWorkOnRootViaSchedulerTask (webpack-internal:///(app-pages-browser)/./node_modules/next/dist/compiled/react-dom/cjs/react-dom-client.development.js:16816:7)
    at MessagePort.performWorkUntilDeadline (webpack-internal:///(app-pages-browser)/./node_modules/next/dist/compiled/scheduler/cjs/scheduler.development.js:45:48)
[ 1377995ms] [WARNING] The width(-1) and height(-1) of chart should be greater than 0,
       please check the style of container, or the props width(100%) and height(100%),
       or add a minWidth(0) or minHeight(undefined) or use aspect(undefined) to control the
       height and width. @ webpack-internal:///(app-pages-browser)/./node_modules/recharts/es6/util/LogUtils.js:18
[ 1377995ms] [WARNING] The width(-1) and height(-1) of chart should be greater than 0,
       please check the style of container, or the props width(100%) and height(100%),
       or add a minWidth(0) or minHeight(undefined) or use aspect(undefined) to control the
       height and width. @ webpack-internal:///(app-pages-browser)/./node_modules/recharts/es6/util/LogUtils.js:18
[ 1378002ms] [WARNING] The width(-1) and height(-1) of chart should be greater than 0,
       please check the style of container, or the props width(100%) and height(100%),
       or add a minWidth(0) or minHeight(undefined) or use aspect(undefined) to control the
       height and width. @ webpack-internal:///(app-pages-browser)/./node_modules/recharts/es6/util/LogUtils.js:18
[ 1378002ms] [WARNING] The width(-1) and height(-1) of chart should be greater than 0,
       please check the style of container, or the props width(100%) and height(100%),
       or add a minWidth(0) or minHeight(undefined) or use aspect(undefined) to control the
       height and width. @ webpack-internal:///(app-pages-browser)/./node_modules/recharts/es6/util/LogUtils.js:18
[ 1380501ms] [LOG] [Fast Refresh] rebuilding @ webpack-internal:///(app-pages-browser)/./node_modules/next/dist/client/dev/hot-reloader/app/hot-reloader-app.js:183
[ 1380786ms] [LOG] [Fast Refresh] done in 285ms @ webpack-internal:///(app-pages-browser)/./node_modules/next/dist/client/dev/report-hmr-latency.js:13
[ 1381322ms] [LOG] [Fast Refresh] rebuilding @ webpack-internal:///(app-pages-browser)/./node_modules/next/dist/client/dev/hot-reloader/app/hot-reloader-app.js:183
[ 1381652ms] [LOG] [Fast Refresh] done in 331ms @ webpack-internal:///(app-pages-browser)/./node_modules/next/dist/client/dev/report-hmr-latency.js:13
[ 1382117ms] [WARNING] The width(-1) and height(-1) of chart should be greater than 0,
       please check the style of container, or the props width(100%) and height(100%),
       or add a minWidth(0) or minHeight(undefined) or use aspect(undefined) to control the
       height and width. @ webpack-internal:///(app-pages-browser)/./node_modules/recharts/es6/util/LogUtils.js:18
[ 1382117ms] [WARNING] The width(-1) and height(-1) of chart should be greater than 0,
       please check the style of container, or the props width(100%) and height(100%),
       or add a minWidth(0) or minHeight(undefined) or use aspect(undefined) to control the
       height and width. @ webpack-internal:///(app-pages-browser)/./node_modules/recharts/es6/util/LogUtils.js:18
[ 1434887ms] [WARNING] The width(-1) and height(-1) of chart should be greater than 0,
       please check the style of container, or the props width(100%) and height(100%),
       or add a minWidth(0) or minHeight(undefined) or use aspect(undefined) to control the
       height and width. @ webpack-internal:///(app-pages-browser)/./node_modules/recharts/es6/util/LogUtils.js:18
[ 1434887ms] [WARNING] The width(-1) and height(-1) of chart should be greater than 0,
       please check the style of container, or the props width(100%) and height(100%),
       or add a minWidth(0) or minHeight(undefined) or use aspect(undefined) to control the
       height and width. @ webpack-internal:///(app-pages-browser)/./node_modules/recharts/es6/util/LogUtils.js:18
[ 1469585ms] [LOG] [Fast Refresh] rebuilding @ webpack-internal:///(app-pages-browser)/./node_modules/next/dist/client/dev/hot-reloader/app/hot-reloader-app.js:183
[ 1470329ms] [LOG] [Fast Refresh] done in 744ms @ webpack-internal:///(app-pages-browser)/./node_modules/next/dist/client/dev/report-hmr-latency.js:13
[ 1476446ms] [LOG] [Fast Refresh] rebuilding @ webpack-internal:///(app-pages-browser)/./node_modules/next/dist/client/dev/hot-reloader/app/hot-reloader-app.js:183
[ 1477199ms] [LOG] [Fast Refresh] done in 753ms @ webpack-internal:///(app-pages-browser)/./node_modules/next/dist/client/dev/report-hmr-latency.js:13
[ 1491365ms] [LOG] [Fast Refresh] rebuilding @ webpack-internal:///(app-pages-browser)/./node_modules/next/dist/client/dev/hot-reloader/app/hot-reloader-app.js:183
[ 1491700ms] [LOG] [Fast Refresh] done in 335ms @ webpack-internal:///(app-pages-browser)/./node_modules/next/dist/client/dev/report-hmr-latency.js:13
[ 1513828ms] [WARNING] The width(-1) and height(-1) of chart should be greater than 0,
       please check the style of container, or the props width(100%) and height(100%),
       or add a minWidth(0) or minHeight(undefined) or use aspect(undefined) to control the
       height and width. @ webpack-internal:///(app-pages-browser)/./node_modules/recharts/es6/util/LogUtils.js:18
[ 1513829ms] [WARNING] The width(-1) and height(-1) of chart should be greater than 0,
       please check the style of container, or the props width(100%) and height(100%),
       or add a minWidth(0) or minHeight(undefined) or use aspect(undefined) to control the
       height and width. @ webpack-internal:///(app-pages-browser)/./node_modules/recharts/es6/util/LogUtils.js:18
[ 1513844ms] [WARNING] The width(-1) and height(-1) of chart should be greater than 0,
       please check the style of container, or the props width(100%) and height(100%),
       or add a minWidth(0) or minHeight(undefined) or use aspect(undefined) to control the
       height and width. @ webpack-internal:///(app-pages-browser)/./node_modules/recharts/es6/util/LogUtils.js:18
[ 1513844ms] [WARNING] The width(-1) and height(-1) of chart should be greater than 0,
       please check the style of container, or the props width(100%) and height(100%),
       or add a minWidth(0) or minHeight(undefined) or use aspect(undefined) to control the
       height and width. @ webpack-internal:///(app-pages-browser)/./node_modules/recharts/es6/util/LogUtils.js:18
[ 1513846ms] [WARNING] The width(-1) and height(-1) of chart should be greater than 0,
       please check the style of container, or the props width(100%) and height(100%),
       or add a minWidth(0) or minHeight(undefined) or use aspect(undefined) to control the
       height and width. @ webpack-internal:///(app-pages-browser)/./node_modules/recharts/es6/util/LogUtils.js:18
[ 1513846ms] [WARNING] The width(-1) and height(-1) of chart should be greater than 0,
       please check the style of container, or the props width(100%) and height(100%),
       or add a minWidth(0) or minHeight(undefined) or use aspect(undefined) to control the
       height and width. @ webpack-internal:///(app-pages-browser)/./node_modules/recharts/es6/util/LogUtils.js:18
[ 1527156ms] [WARNING] The width(-1) and height(-1) of chart should be greater than 0,
       please check the style of container, or the props width(100%) and height(100%),
       or add a minWidth(0) or minHeight(undefined) or use aspect(undefined) to control the
       height and width. @ webpack-internal:///(app-pages-browser)/./node_modules/recharts/es6/util/LogUtils.js:18
[ 1527156ms] [WARNING] The width(-1) and height(-1) of chart should be greater than 0,
       please check the style of container, or the props width(100%) and height(100%),
       or add a minWidth(0) or minHeight(undefined) or use aspect(undefined) to control the
       height and width. @ webpack-internal:///(app-pages-browser)/./node_modules/recharts/es6/util/LogUtils.js:18
[39230376ms] [INFO] %cDownload the React DevTools for a better development experience: https://react.dev/link/react-devtools font-weight:bold @ webpack-internal:///(app-pages-browser)/./node_modules/next/dist/compiled/react-dom/cjs/react-dom-client.development.js:25630
[39230547ms] [WARNING] The width(-1) and height(-1) of chart should be greater than 0,
       please check the style of container, or the props width(100%) and height(100%),
       or add a minWidth(0) or minHeight(undefined) or use aspect(undefined) to control the
       height and width. @ webpack-internal:///(app-pages-browser)/./node_modules/recharts/es6/util/LogUtils.js:18
[39230547ms] [WARNING] The width(-1) and height(-1) of chart should be greater than 0,
       please check the style of container, or the props width(100%) and height(100%),
       or add a minWidth(0) or minHeight(undefined) or use aspect(undefined) to control the
       height and width. @ webpack-internal:///(app-pages-browser)/./node_modules/recharts/es6/util/LogUtils.js:18
[39230562ms] [WARNING] The width(-1) and height(-1) of chart should be greater than 0,
       please check the style of container, or the props width(100%) and height(100%),
       or add a minWidth(0) or minHeight(undefined) or use aspect(undefined) to control the
       height and width. @ webpack-internal:///(app-pages-browser)/./node_modules/recharts/es6/util/LogUtils.js:18
[39230562ms] [WARNING] The width(-1) and height(-1) of chart should be greater than 0,
       please check the style of container, or the props width(100%) and height(100%),
       or add a minWidth(0) or minHeight(undefined) or use aspect(undefined) to control the
       height and width. @ webpack-internal:///(app-pages-browser)/./node_modules/recharts/es6/util/LogUtils.js:18
[39230564ms] [WARNING] The width(-1) and height(-1) of chart should be greater than 0,
       please check the style of container, or the props width(100%) and height(100%),
       or add a minWidth(0) or minHeight(undefined) or use aspect(undefined) to control the
       height and width. @ webpack-internal:///(app-pages-browser)/./node_modules/recharts/es6/util/LogUtils.js:18
[39230564ms] [WARNING] The width(-1) and height(-1) of chart should be greater than 0,
       please check the style of container, or the props width(100%) and height(100%),
       or add a minWidth(0) or minHeight(undefined) or use aspect(undefined) to control the
       height and width. @ webpack-internal:///(app-pages-browser)/./node_modules/recharts/es6/util/LogUtils.js:18
[39230571ms] [WARNING] The width(-1) and height(-1) of chart should be greater than 0,
       please check the style of container, or the props width(100%) and height(100%),
       or add a minWidth(0) or minHeight(undefined) or use aspect(undefined) to control the
       height and width. @ webpack-internal:///(app-pages-browser)/./node_modules/recharts/es6/util/LogUtils.js:18
[39230571ms] [WARNING] The width(-1) and height(-1) of chart should be greater than 0,
       please check the style of container, or the props width(100%) and height(100%),
       or add a minWidth(0) or minHeight(undefined) or use aspect(undefined) to control the
       height and width. @ webpack-internal:///(app-pages-browser)/./node_modules/recharts/es6/util/LogUtils.js:18
[39230587ms] [WARNING] The width(-1) and height(-1) of chart should be greater than 0,
       please check the style of container, or the props width(100%) and height(100%),
       or add a minWidth(0) or minHeight(undefined) or use aspect(undefined) to control the
       height and width. @ webpack-internal:///(app-pages-browser)/./node_modules/recharts/es6/util/LogUtils.js:18
[39230587ms] [WARNING] The width(-1) and height(-1) of chart should be greater than 0,
       please check the style of container, or the props width(100%) and height(100%),
       or add a minWidth(0) or minHeight(undefined) or use aspect(undefined) to control the
       height and width. @ webpack-internal:///(app-pages-browser)/./node_modules/recharts/es6/util/LogUtils.js:18
[39230591ms] [WARNING] The width(-1) and height(-1) of chart should be greater than 0,
       please check the style of container, or the props width(100%) and height(100%),
       or add a minWidth(0) or minHeight(undefined) or use aspect(undefined) to control the
       height and width. @ webpack-internal:///(app-pages-browser)/./node_modules/recharts/es6/util/LogUtils.js:18
[39230591ms] [WARNING] The width(-1) and height(-1) of chart should be greater than 0,
       please check the style of container, or the props width(100%) and height(100%),
       or add a minWidth(0) or minHeight(undefined) or use aspect(undefined) to control the
       height and width. @ webpack-internal:///(app-pages-browser)/./node_modules/recharts/es6/util/LogUtils.js:18
[39230604ms] [WARNING] The width(-1) and height(-1) of chart should be greater than 0,
       please check the style of container, or the props width(100%) and height(100%),
       or add a minWidth(0) or minHeight(undefined) or use aspect(undefined) to control the
       height and width. @ webpack-internal:///(app-pages-browser)/./node_modules/recharts/es6/util/LogUtils.js:18
[39230604ms] [WARNING] The width(-1) and height(-1) of chart should be greater than 0,
       please check the style of container, or the props width(100%) and height(100%),
       or add a minWidth(0) or minHeight(undefined) or use aspect(undefined) to control the
       height and width. @ webpack-internal:///(app-pages-browser)/./node_modules/recharts/es6/util/LogUtils.js:18
[39230606ms] [WARNING] The width(-1) and height(-1) of chart should be greater than 0,
       please check the style of container, or the props width(100%) and height(100%),
       or add a minWidth(0) or minHeight(undefined) or use aspect(undefined) to control the
       height and width. @ webpack-internal:///(app-pages-browser)/./node_modules/recharts/es6/util/LogUtils.js:18
[39230606ms] [WARNING] The width(-1) and height(-1) of chart should be greater than 0,
       please check the style of container, or the props width(100%) and height(100%),
       or add a minWidth(0) or minHeight(undefined) or use aspect(undefined) to control the
       height and width. @ webpack-internal:///(app-pages-browser)/./node_modules/recharts/es6/util/LogUtils.js:18
[39234910ms] [LOG] [Fast Refresh] rebuilding @ webpack-internal:///(app-pages-browser)/./node_modules/next/dist/client/dev/hot-reloader/app/hot-reloader-app.js:183
[39236029ms] [LOG] [Fast Refresh] rebuilding @ webpack-internal:///(app-pages-browser)/./node_modules/next/dist/client/dev/hot-reloader/app/hot-reloader-app.js:183
[39236803ms] [LOG] [Fast Refresh] done in 774ms @ webpack-internal:///(app-pages-browser)/./node_modules/next/dist/client/dev/report-hmr-latency.js:13
[39237371ms] [LOG] [Fast Refresh] done in 1343ms @ webpack-internal:///(app-pages-browser)/./node_modules/next/dist/client/dev/report-hmr-latency.js:13
